# File: municipal_water_use_efficiency.csv
# Title: Domestic water use efficiency from Shiklomanov
# Units: %
# Comments: The data here are computed as municipal water consumption / withdrawals for 7 global regions; these data were presented in more aggregate form in Shiklomanov 2000, https://doi.org/10.1080/02508060008686794.
# Source: Shiklomanov 1999, World Water Resources and Their Use. Joint SHI/UNESCO Product. Data tables available 11/7/2020 at https://hydrologie.org/DON/html/PART'3/_Read'me.html
# Column types: cnnnnnnnnnnn 
# ----------
continent,1900,1940,1950,1960,1970,1980,1990,1995,2000,2010,2025
Europe,0.2,0.19,0.18,0.17,0.16,0.17,0.17,0.16,0.15,0.14,0.14
North America,0.21,0.22,0.22,0.17,0.22,0.21,0.14,0.16,0.16,0.17,0.17
Africa,0.23,0.18,0.16,0.15,0.14,0.14,0.15,0.14,0.13,0.13,0.12
Asia,0.23,0.21,0.19,0.19,0.17,0.16,0.14,0.14,0.13,0.12,0.11
West Asia,0.23,0.21,0.19,0.19,0.17,0.16,0.14,0.14,0.13,0.12,0.11
South America and Caribbean,0.29,0.23,0.17,0.15,0.15,0.14,0.13,0.13,0.12,0.11,0.1
Oceania,0.21,0.15,0.13,0.11,0.11,0.11,0.12,0.12,0.12,0.1,0.1
