# File: nonirrigation_consumption.csv
# Title: Nonirrigation consumption by country
# Description: 2005 water demands by iso country from gridded data downscaled from the 14 region GCAM water demands.  This should be revised with new gridded data from the 32 region GCAM water demands.
# Units: km^3/yr
# Source: See description.
# Column types: iccicciiicnnnnn
# ----------
FID_,FIPS_CNTRY,ISO_3DIGIT,ISO_NUM,LONG_NAME,ISOSHRTNAM,GCAM_14_re,GCAM_30_re,GCAM_ID_1,Basin_na_1,Municipal,Electricity,Livestock,Manufacturing,Mining
0,FK,FLK,238,Falkland Islands (Islas Malvinas),Falkland Islands (Malvinas),10,13,215,South_Argentina_South_Atlantic_Coast,0,0,0,0,0
1,FG,GUF,254,Department of Guiana,French Guiana,10,25,156,Orinoco,0,0,0,0,0
2,FG,GUF,254,Department of Guiana,French Guiana,10,25,161,Northeast_South_America_South_Atlantic_Coast,0.001144,0.002208,0.00011,0.000337,0.000188
3,GY,GUY,328,Co-operative Republic of Guyana,Guyana,10,25,156,Orinoco,0.001223,0.002365,0.000344,0.000359,0.000204
4,GY,GUY,328,Co-operative Republic of Guyana,Guyana,10,25,161,Northeast_South_America_South_Atlantic_Coast,0.006425,0.012442,0.002058,0.00189,0.00107
5,PC,PCN,612,"Pitcairn, Henderson, Ducie, and Oeno Isl",Pitcairn,10,29,26,England_and_Wales,0,0,0,0,0
6,SX,SGS,239,South Georgia and the South Sandwich Is,South Georgia and the South Sandwich Islands,0,13,216,Antarctica,0,0,0,0,0
7,SH,SHN,654,St. Helena,Saint Helena,9,13,182,Saint_Helena,0,0,0,0,0
8,NS,SUR,740,Republic of Suriname,Suriname,10,25,156,Orinoco,0.000332,0.000642,0.000036,0.000097,0.000055
9,NS,SUR,740,Republic of Suriname,Suriname,10,25,161,Northeast_South_America_South_Atlantic_Coast,0.002375,0.004589,0.001039,0.000695,0.000393
10,TD,TTO,780,Republic of Trinidad and Tobago,Trinidad and Tobago,10,9,143,Caribbean_Coast,0.00883,0.01709,0,0.00259,0.00147
11,VE,VEN,862,Bolivarian Republic of Venezuela,Venezuela,10,25,143,Caribbean_Coast,0.207653,0.401901,0.05927,0.060908,0.034573
12,VE,VEN,862,Bolivarian Republic of Venezuela,Venezuela,10,25,156,Orinoco,0.071852,0.139074,0.083935,0.021066,0.011959
13,VE,VEN,862,Bolivarian Republic of Venezuela,Venezuela,10,25,161,Northeast_South_America_South_Atlantic_Coast,0.002499,0.004838,0.00126,0.000734,0.000416
14,VE,VEN,862,Bolivarian Republic of Venezuela,Venezuela,10,25,166,Magdalena,0,0,0,0,0
15,AQ,ASM,16,Territory of American Samoa,American Samoa,11,29,176,Samoa,0,0,0,0,0
16,CW,COK,184,Cook Islands,Cook Islands,5,29,201,New_Zealand,0,0,0,0,0
17,FP,PYF,258,Territory of French Polynesia,French Polynesia,10,29,41,France_West_Coast,0,0,0,0,0
18,DQ, ,581,Jarvis Island,United States Minor Outlying Islands,11,1,176,Wake_Marshall_Islands,0,0,0,0,0
19,NE,NIU,570,Niue,Niue,5,29,201,New_Zealand,0,0,0,0,0
20,WS,WSM,882,Independent State of Samoa,Samoa,11,29,176,Samoa,0,0,0,0,0
21,TN,TON,776,Kingdom of Tonga,Tonga,11,29,176,Tonga,0,0,0,0,0
22,WF,WLF,876,Territory of the Wallis and Futuna Islan,Wallis and Futuna,5,13,176,Wallis_and_Futuna,0,0,0,0,0
23,AR,ARG,32,Argentine Republic,Argentina,10,31,169,South_Chile_Pacific_Coast,0.002205,0.004273,0.001347,0.000647,0.000368
24,AR,ARG,32,Argentine Republic,Argentina,10,31,200,La_Puna_Region,0.000951,0.001839,0.000558,0.00028,0.000158
25,AR,ARG,32,Argentine Republic,Argentina,10,31,203,Mar_Chiquita,0.029194,0.0565,0.010078,0.008563,0.004862
26,AR,ARG,32,Argentine Republic,Argentina,10,31,205,Salinas_Grandes,0.012029,0.023284,0.00846,0.003531,0.002003
27,AR,ARG,32,Argentine Republic,Argentina,10,31,206,La_Plata,0.231339,0.447743,0.214927,0.067857,0.038507
28,AR,ARG,32,Argentine Republic,Argentina,10,31,207,North_Chile_Pacific_Coast,0.000018,0.000035,0,0.000005,0.000003
29,AR,ARG,32,Argentine Republic,Argentina,10,31,209,Pampas_Region,0.019135,0.037041,0.058136,0.005612,0.003184
30,AR,ARG,32,Argentine Republic,Argentina,10,31,210,North_Argentina_South_Atlantic_Coast,0.037105,0.071815,0.1184,0.010881,0.006177
31,AR,ARG,32,Argentine Republic,Argentina,10,31,212,South_America_Colorado,0.034057,0.06592,0.018318,0.00999,0.005672
32,AR,ARG,32,Argentine Republic,Argentina,10,31,213,Negro,0.014459,0.027984,0.008091,0.004239,0.002407
33,AR,ARG,32,Argentine Republic,Argentina,10,31,214,Central_Patagonia_Highlands,0.001209,0.002343,0.009132,0.000352,0.000201
34,AR,ARG,32,Argentine Republic,Argentina,10,31,215,South_Argentina_South_Atlantic_Coast,0.018507,0.035828,0.027615,0.005427,0.003083
35,BL,BOL,68,Republic of Bolivia,Bolivia,10,26,156,Orinoco,0.077915,0.150828,0.060279,0.022875,0.01295
36,BL,BOL,68,Republic of Bolivia,Bolivia,10,26,200,La_Puna_Region,0.011004,0.0213,0.002853,0.003229,0.001831
37,BL,BOL,68,Republic of Bolivia,Bolivia,10,26,206,La_Plata,0.016136,0.031236,0.015826,0.004738,0.002681
38,BL,BOL,68,Republic of Bolivia,Bolivia,10,26,207,North_Chile_Pacific_Coast,0,0,0,0,0
39,BR,BRA,76,Federative Republic of Brazil,Brazil,10,7,156,Orinoco,0.166624,0.322473,0.104374,0.048831,0.027705
40,BR,BRA,76,Federative Republic of Brazil,Brazil,10,7,161,Northeast_South_America_South_Atlantic_Coast,0.003758,0.007275,0.000348,0.001102,0.000625
41,BR,BRA,76,Federative Republic of Brazil,Brazil,10,7,168,Amazon,0.008319,0.016102,0.002452,0.002441,0.001387
42,BR,BRA,76,Federative Republic of Brazil,Brazil,10,7,172,North_Brazil_South_Atlantic_Coast,0.050179,0.097124,0.047694,0.014717,0.008353
43,BR,BRA,76,Federative Republic of Brazil,Brazil,10,7,174,Tocantins,0.132155,0.255775,0.310523,0.038748,0.021991
44,BR,BRA,76,Federative Republic of Brazil,Brazil,10,7,186,East_Brazil_South_Atlantic_Coast,0.170056,0.329127,0.069927,0.049877,0.028313
45,BR,BRA,76,Federative Republic of Brazil,Brazil,10,7,187,Parnaiba,0.050415,0.097569,0.038947,0.014788,0.008394
46,BR,BRA,76,Federative Republic of Brazil,Brazil,10,7,192,Sao_Francisco,0.131478,0.254469,0.142604,0.038568,0.021885
47,BR,BRA,76,Federative Republic of Brazil,Brazil,10,7,195,Uruguay_Brazil_South_Atlantic_Coast,0.592255,1.14626,0.293108,0.173711,0.0986
48,BR,BRA,76,Federative Republic of Brazil,Brazil,10,7,206,La_Plata,0.739212,1.43073,0.938226,0.216823,0.123072
49,CI,CHL,152,Republic of Chile,Chile,10,26,169,South_Chile_Pacific_Coast,0.057532,0.11137,0.036379,0.016874,0.009589
50,CI,CHL,152,Republic of Chile,Chile,10,26,180,Peru_Pacific_Coast,0.000274,0.00053,0.000129,0.00008,0.000046
51,CI,CHL,152,Republic of Chile,Chile,10,26,200,La_Puna_Region,0.001218,0.00236,0.000087,0.000357,0.000204
52,CI,CHL,152,Republic of Chile,Chile,10,26,205,Salinas_Grandes,0,0,0,0,0
53,CI,CHL,152,Republic of Chile,Chile,10,26,207,North_Chile_Pacific_Coast,0.111651,0.216109,0.00704,0.032755,0.018597
54,CI,CHL,152,Republic of Chile,Chile,10,26,212,South_America_Colorado,0,0,0,0,0
55,CI,CHL,152,Republic of Chile,Chile,10,26,213,Negro,0,0,0,0,0
56,CI,CHL,152,Republic of Chile,Chile,10,26,215,South_Argentina_South_Atlantic_Coast,0.002136,0.004135,0.001331,0.000626,0.000355
57,EC,ECU,218,Republic of Ecuador,Ecuador,10,26,156,Orinoco,0.044629,0.08638,0.012842,0.013088,0.007434
58,EC,ECU,218,Republic of Ecuador,Ecuador,10,26,157,Colombia_Ecuador_Pacific_Coast,0.100844,0.195182,0.036704,0.029579,0.01679
59,EC,ECU,218,Republic of Ecuador,Ecuador,10,26,169,South_Chile_Pacific_Coast,0.001464,0.002833,0,0.000429,0.000244
60,EC,ECU,218,Republic of Ecuador,Ecuador,10,26,180,Peru_Pacific_Coast,0.003104,0.006007,0.002565,0.00091,0.000517
61,PA,PRY,600,Republic of Paraguay,Paraguay,10,26,206,La_Plata,0.072463,0.140238,0.092639,0.02126,0.01208
62,PE,PER,604,Republic of Peru,Peru,10,26,156,Orinoco,0.115443,0.223435,0.04379,0.033863,0.019242
63,PE,PER,604,Republic of Peru,Peru,10,26,157,Colombia_Ecuador_Pacific_Coast,0,0,0,0,0
64,PE,PER,604,Republic of Peru,Peru,10,26,180,Peru_Pacific_Coast,0.183539,0.355233,0.018391,0.053828,0.030561
65,PE,PER,604,Republic of Peru,Peru,10,26,200,La_Puna_Region,0.01217,0.023556,0.00366,0.00357,0.002026
66,PE,PER,604,Republic of Peru,Peru,10,26,207,North_Chile_Pacific_Coast,0,0,0,0,0
67,UY,URY,858,Oriental Republic of Uruguay,Uruguay,10,26,195,Uruguay_Brazil_South_Atlantic_Coast,0.003588,0.006943,0.020441,0.00105,0.000597
68,UY,URY,858,Oriental Republic of Uruguay,Uruguay,10,26,206,La_Plata,0.035138,0.068005,0.08844,0.010303,0.00585
69,AV,AIA,660,Anguilla,Anguilla,10,9,101,Caribbean,0,0,0,0,0
70,AC,ATG,28,Antigua and Barbuda,Antigua and Barbuda,10,9,101,Caribbean,0,0,0,0,0
71,VI,VGB,92,British Virgin Islands,"Virgin Islands, British",10,13,101,Caribbean,0,0,0,0,0
72,MH,MSR,500,Montserrat,Montserrat,10,9,101,Caribbean,0,0,0,0,0
73,RQ,PRI,630,Commonwealth of Puerto Rico,Puerto Rico,1,1,101,Caribbean,0.153135,0.150994,0.002817,0.044363,0.009495
74,SC,KNA,659,Federation of Saint Kitts and Nevis,Saint Kitts and Nevis,10,9,101,Caribbean,0,0,0,0,0
75,VQ,VIR,850,United States Virgin Islands,"Virgin Islands, U.S.",10,1,101,Caribbean,0,0,0,0,0
76,FQ, ,581,Baker Island,United States Minor Outlying Islands,11,1,176,Wake_Marshall_Islands,0,0,0,0,0
77,CA,CAN,124,Canada,Canada,2,8,2,Northwest_Territories,0.018007,0.080508,0.004946,0.008931,0.003695
78,CA,CAN,124,Canada,Canada,2,8,7,Pacific_and_Arctic_Coast,0.032917,0.147175,0.000666,0.016319,0.006751
79,CA,CAN,124,Canada,Canada,2,8,10,Mackenzie,0.08511,0.380574,0.011209,0.042191,0.017454
80,CA,CAN,124,Canada,Canada,2,8,15,Hudson_Bay_Coast,0.028768,0.128612,0.005286,0.014265,0.005904
81,CA,CAN,124,Canada,Canada,2,8,19,Atlantic_Ocean_Seaboard,0.051044,0.228291,0.002567,0.025304,0.010463
82,CA,CAN,124,Canada,Canada,2,8,23,Saskatchewan_Nelson,0.329899,1.4768,0.082294,0.163547,0.067689
83,CA,CAN,124,Canada,Canada,2,8,27,Fraser,0.066445,0.297145,0.003336,0.032944,0.013627
84,CA,CAN,124,Canada,Canada,2,8,34,Churchill,0.00146,0.00652,0.000291,0.000724,0.000299
85,CA,CAN,124,Canada,Canada,2,8,40,St_Lawrence,0.057226,0.255944,0.002458,0.028367,0.011732
86,CA,CAN,124,Canada,Canada,2,8,223,Missouri_River_Basin,0.002066,0.009242,0.000933,0.001024,0.000423
87,CA,CAN,124,Canada,Canada,2,8,227,Great_Lakes_Basin,0.668488,3.03058,0.039764,0.321158,0.139115
88,CA,CAN,124,Canada,Canada,2,8,229,Pacific_Northwest_Basin,0.019802,0.088571,0.000887,0.009817,0.004061
89,CA,CAN,124,Canada,Canada,2,8,232,New_England_Basin,0.013514,0.063668,0.000745,0.006338,0.002987
90,GT,GTM,320,Republic of Guatemala,Guatemala,10,9,111,Yucatan_Peninsula,0.05449,0.105458,0.007023,0.015981,0.009072
91,GT,GTM,320,Republic of Guatemala,Guatemala,10,9,133,Grijalva_Usumacinta,0.049481,0.095765,0.003201,0.014513,0.008239
92,GT,GTM,320,Republic of Guatemala,Guatemala,10,9,135,Southern_Central_America,0.04942,0.095647,0.011152,0.014495,0.008228
93,HQ, ,581,Howland Island,United States Minor Outlying Islands,11,1,176,Wake_Marshall_Islands,0,0,0,0,0
94,JQ, ,581,Johnston Atoll,United States Minor Outlying Islands,0,1,234,Hawaii,0,0,0,0,0
95,KR,KIR,296,Republic of Kiribati,Kiribati,11,29,176,Wake_Marshall_Islands,0,0,0,0,0
96,MX,MEX,484,United Mexican States,Mexico,10,20,91,Baja_California,0.028862,0.052005,0.002135,0.007861,0.004476
97,MX,MEX,484,United Mexican States,Mexico,10,20,96,Mexico_Northwest_Coast,0.133351,0.258091,0.037035,0.039109,0.022201
98,MX,MEX,484,United Mexican States,Mexico,10,20,105,North_Gulf,0.087089,0.122896,0.019713,0.023421,0.010573
99,MX,MEX,484,United Mexican States,Mexico,10,20,111,Yucatan_Peninsula,0.055512,0.107435,0.009937,0.016281,0.009242
100,MX,MEX,484,United Mexican States,Mexico,10,20,114,Mexico_Interior,0.093178,0.18034,0.028354,0.027329,0.015514
101,MX,MEX,484,United Mexican States,Mexico,10,20,115,Pacific_Central_Coast,0.029782,0.057641,0.022928,0.008735,0.004958
102,MX,MEX,484,United Mexican States,Mexico,10,20,130,Papaloapan,0.039674,0.07679,0.017946,0.011637,0.006607
103,MX,MEX,484,United Mexican States,Mexico,10,20,131,Rfo_Lerma,0.152064,0.294316,0.031695,0.044605,0.025321
104,MX,MEX,484,United Mexican States,Mexico,10,20,132,Rfo_Verde,0.205747,0.398214,0.020149,0.06035,0.034257
105,MX,MEX,484,United Mexican States,Mexico,10,20,133,Grijalva_Usumacinta,0.05329,0.103136,0.010194,0.015628,0.008869
106,MX,MEX,484,United Mexican States,Mexico,10,20,134,Rfo_Balsas,0.123902,0.239802,0.040671,0.036341,0.020628
107,MX,MEX,484,United Mexican States,Mexico,10,20,135,Southern_Central_America,0.008868,0.017164,0.000265,0.002601,0.001476
108,MX,MEX,484,United Mexican States,Mexico,10,20,136,Isthmus_of_Tehuantepec,0.03298,0.063832,0.018873,0.009672,0.005492
109,MX,MEX,484,United Mexican States,Mexico,10,20,217,California_River_Basin,0.000449,0.005576,0.00005,0.000004,0.00048
110,MX,MEX,484,United Mexican States,Mexico,10,20,221,Lower_Colorado_River_Basin,0.015432,0.023011,0.0027,0.002226,0.001979
111,MX,MEX,484,United Mexican States,Mexico,10,20,225,Texas_Gulf_Coast_Basin,0,0,0,0,0
112,MX,MEX,484,United Mexican States,Mexico,10,20,231,Rio_Grande_River_Basin,0.122545,0.202367,0.022475,0.033664,0.01741
113,MQ, ,581,Midway Islands,United States Minor Outlying Islands,0,1,234,Hawaii,0,0,0,0,0
114,BB,BRB,52,Barbados,Barbados,10,9,143,Caribbean_Coast,0,0,0,0,0
115,DO,DMA,212,Commonwealth of Dominica,Dominica,10,9,101,Caribbean,0,0,0,0,0
116,GJ,GRD,308,Grenada,Grenada,10,9,143,Caribbean_Coast,0,0,0,0,0
117,GP,GLP,312,Department of Guadeloupe,Guadeloupe,10,9,101,Caribbean,0,0,0,0,0
118,MB,MTQ,474,Department of Martinique,Martinique,3,9,143,Caribbean_Coast,0,0,0,0,0
119,ST,LCA,662,St. Lucia,Saint Lucia,10,9,143,Caribbean_Coast,0,0,0,0,0
120,SB,SPM,666,Territorial Collectivity of Saint Pierre,Saint Pierre and Miquelon,2,13,19,Atlantic_Ocean_Seaboard,0,0,0,0,0
121,VC,VCT,670,St. Vincent and the Grenadines,Saint Vincent and the Grenadines,10,9,143,Caribbean_Coast,0,0,0,0,0
122,AA,ABW,533,Aruba,Aruba,10,9,143,Caribbean_Coast,0,0,0,0,0
123,BD,BMU,60,Bermuda,Bermuda,1,9,26,England_and_Wales,0,0,0,0,0
124,DR,DOM,214,Dominican Republic,Dominican Republic,10,9,101,Caribbean,0.078164,0.15128,0.015027,0.022927,0.013016
125,HA,HTI,332,Republic of Haiti,Haiti,10,9,101,Caribbean,0.086783,0.167966,0.012082,0.025456,0.01445
126,JM,JAM,388,Jamaica,Jamaica,10,9,101,Caribbean,0.010744,0.020794,0.000997,0.003151,0.001789
127,NT,ANT,530,Netherlands Antilles,Netherlands Antilles,10,9,143,Caribbean_Coast,0,0,0,0,0
128,BF,BHS,44,Commonwealth of The Bahamas,Bahamas,10,9,101,Caribbean,0,0,0.000006,0,0
129,TK,TCA,796,Turks and Caicos Islands,Turks and Caicos Islands,10,13,101,Caribbean,0,0,0,0,0
130,BH,BLZ,84,Belize,Belize,10,9,111,Yucatan_Peninsula,0.001749,0.003384,0.00034,0.000513,0.000292
131,BH,BLZ,84,Belize,Belize,10,9,133,Grijalva_Usumacinta,0,0,0,0,0
132,CJ,CYM,136,Cayman Islands,Cayman Islands,10,9,101,Caribbean,0,0,0,0,0
133,CO,COL,170,Republic of Colombia,Colombia,10,32,143,Caribbean_Coast,0.066397,0.128509,0.047464,0.019473,0.011056
134,CO,COL,170,Republic of Colombia,Colombia,10,32,156,Orinoco,0.075593,0.146287,0.074995,0.022176,0.012578
135,CO,COL,170,Republic of Colombia,Colombia,10,32,157,Colombia_Ecuador_Pacific_Coast,0.038394,0.074308,0.009658,0.011259,0.006392
136,CO,COL,170,Republic of Colombia,Colombia,10,32,166,Magdalena,0.288705,0.55878,0.121026,0.084683,0.048064
137,CS,CRI,188,Republic of Costa Rica,Costa Rica,10,9,135,Southern_Central_America,0.039433,0.076323,0.007282,0.011566,0.006564
138,CU,CUB,192,Republic of Cuba,Cuba,10,9,101,Caribbean,0.100621,0.194745,0.030833,0.029516,0.016753
139,ES,SLV,222,Republic of El Salvador,El Salvador,10,9,135,Southern_Central_America,0.035558,0.06882,0.008779,0.010429,0.00592
140,HO,HND,340,Republic of Honduras,Honduras,10,9,111,Yucatan_Peninsula,0.006071,0.01175,0.001941,0.001781,0.001011
141,HO,HND,340,Republic of Honduras,Honduras,10,9,135,Southern_Central_America,0.085053,0.164609,0.024054,0.024948,0.014162
142,NU,NIC,558,Republic of Nicaragua,Nicaragua,10,9,135,Southern_Central_America,0.054966,0.106384,0.020286,0.016121,0.00915
143,PM,PAN,591,Republic of Panama,Panama,10,9,135,Southern_Central_America,0.033695,0.065216,0.01091,0.009884,0.00561
144,PM,PAN,591,Republic of Panama,Panama,10,9,143,Caribbean_Coast,0,0,0.000014,0,0
145,PM,PAN,591,Republic of Panama,Panama,10,9,157,Colombia_Ecuador_Pacific_Coast,0.00041,0.000794,0.000397,0.00012,0.000068
146,FO,FRO,234,Faroe Islands,Faroe Islands,3,13,16,Scotland,0,0,0,0,0
147,GL,GRL,304,Greenland,Greenland,3,13,1,Arctic_Ocean_Islands,0,0,0,0,0
148,GK, ,0,Bailiwick of Guernsey,Guernsey,3,13,41,France_West_Coast,0,0,0,0,0
149,IC,ISL,352,Republic of Iceland,Iceland,3,16,11,Iceland,0.003773,0.006607,0.000048,0.001834,0.000255
150,EI,IRL,372,Ireland,Ireland,3,13,24,Ireland,0.055401,0.097087,0.05744,0.026943,0.00376
151,IM,IMY,833,Isle of Man,United Kingdom,3,13,26,England_and_Wales,0,0,0,0,0
152,JN,SJM,744,Jan Mayen,Svalbard and Jan Mayen,0,16,1,Arctic_Ocean_Islands,0,0,0,0,0
153,JE, ,0,Bailiwick of Jersey,United Kingdom,3,13,41,France_West_Coast,0,0,0,0,0
154,UK,GBR,826,United Kingdom of Great Britain and Nort,United Kingdom,3,13,16,Scotland,0.120257,0.210761,0.017268,0.058488,0.008165
155,UK,GBR,826,United Kingdom of Great Britain and Nort,United Kingdom,3,13,24,Ireland,0.025986,0.045542,0.016396,0.012639,0.001765
156,UK,GBR,826,United Kingdom of Great Britain and Nort,United Kingdom,3,13,26,England_and_Wales,0.691597,1.21207,0.070073,0.336359,0.046958
157,CV,CPV,132,Republic of Cape Verde,Cape Verde,9,5,142,Cape_Verde,0,0,0,0,0
158,IV,CIV,384,Republic of Cote d'Ivoire,Cote d'Ivoire,9,5,142,Africa_West_Coast,0.061296,0.047152,0.012402,0.018597,0.015877
159,IV,CIV,384,Republic of Cote d'Ivoire,Cote d'Ivoire,9,5,149,Niger,0.002135,0.001645,0.002158,0.000649,0.000554
160,IV,CIV,384,Republic of Cote d'Ivoire,Cote d'Ivoire,9,5,160,Volta,0.001409,0.001085,0.000383,0.000428,0.000365
161,GH,GHA,288,Republic of Ghana,Ghana,9,5,142,Africa_West_Coast,0.041202,0.031699,0.002794,0.012503,0.010672
162,GH,GHA,288,Republic of Ghana,Ghana,9,5,160,Volta,0.041603,0.032007,0.01473,0.01263,0.010778
163,GI,GIB,292,Gibraltar,Gibraltar,3,13,67,Spain_South_and_East_Coast,0,0,0,0,0
164,LI,LBR,430,Republic of Liberia,Liberia,9,5,142,Africa_West_Coast,0.006659,0.005121,0.001092,0.00202,0.001725
165,MO,MAR,504,Kingdom of Morocco,Morocco,9,3,80,Mediterranean_South_Coast,0.010493,0.008076,0.005168,0.003185,0.002718
166,MO,MAR,504,Kingdom of Morocco,Morocco,9,3,86,Africa_North_West_Coast,0.081024,0.062339,0.035085,0.024589,0.020986
167,MO,MAR,504,Kingdom of Morocco,Morocco,9,3,144,Africa_North_Interior,0.006885,0.005297,0.001377,0.002094,0.001783
168,PO,PRT,620,Portuguese Republic,Portugal,3,13,60,Spain_Portugal_Atlantic_Coast,0.038862,0.068109,0.006261,0.018901,0.002639
169,PO,PRT,620,Portuguese Republic,Portugal,3,13,71,Tagus,0.041676,0.073037,0.005462,0.020269,0.00283
170,PO,PRT,620,Portuguese Republic,Portugal,3,13,74,Douro,0.016943,0.029694,0.003199,0.00824,0.00115
171,PO,PRT,620,Portuguese Republic,Portugal,3,13,81,Guadiana,0.008228,0.014419,0.002476,0.004001,0.000558
172,PO,PRT,620,Portuguese Republic,Portugal,3,13,86,Africa_North_West_Coast,0,0,0,0,0
173,SP,ESP,724,Kingdom of Spain,Spain,3,13,41,France_West_Coast,0.001249,0.002189,0.000827,0.000607,0.000085
174,SP,ESP,724,Kingdom of Spain,Spain,3,13,60,Spain_Portugal_Atlantic_Coast,0.06527,0.114388,0.019933,0.031744,0.004433
175,SP,ESP,724,Kingdom of Spain,Spain,3,13,61,France_South_Coast,0,0,0,0,0
176,SP,ESP,724,Kingdom of Spain,Spain,3,13,63,Mediterranean_Sea_Islands,0,0,0,0,0
177,SP,ESP,724,Kingdom of Spain,Spain,3,13,64,Gironde,0,0,0,0,0
178,SP,ESP,724,Kingdom of Spain,Spain,3,13,67,Spain_South_and_East_Coast,0.171432,0.300445,0.016473,0.083378,0.011642
179,SP,ESP,724,Kingdom of Spain,Spain,3,13,71,Tagus,0.059394,0.104097,0.011115,0.028888,0.004035
180,SP,ESP,724,Kingdom of Spain,Spain,3,13,73,Ebro,0.095067,0.166613,0.027926,0.046239,0.006456
181,SP,ESP,724,Kingdom of Spain,Spain,3,13,74,Douro,0.079662,0.139613,0.016485,0.038742,0.00541
182,SP,ESP,724,Kingdom of Spain,Spain,3,13,80,Mediterranean_South_Coast,0,0,0,0,0
183,SP,ESP,724,Kingdom of Spain,Spain,3,13,81,Guadiana,0.030135,0.052808,0.00803,0.014655,0.002046
184,SP,ESP,724,Kingdom of Spain,Spain,3,13,83,Guadalquivir,0.074097,0.129856,0.008464,0.036037,0.005029
185,SP,ESP,724,Kingdom of Spain,Spain,3,13,86,Africa_North_West_Coast,0,0,0,0,0
186,WI,ESH,732,Western Sahara,Western Sahara,9,3,86,Africa_North_West_Coast,0.007047,0.005425,0.000028,0.002139,0.001826
187,WI,ESH,732,Western Sahara,Western Sahara,9,3,144,Africa_North_Interior,0.000115,0.000089,0,0.000035,0.00003
188,UV,BFA,854,Burkina Faso,Burkina Faso,9,5,142,Africa_West_Coast,0.002235,0.001721,0.002128,0.000678,0.000579
189,UV,BFA,854,Burkina Faso,Burkina Faso,9,5,149,Niger,0.013945,0.010738,0.022504,0.004233,0.003613
190,UV,BFA,854,Burkina Faso,Burkina Faso,9,5,160,Volta,0.034766,0.026761,0.044675,0.010549,0.009009
191,GV,GIN,324,Republic of Guinea,Guinea,9,5,142,Africa_West_Coast,0.023932,0.018414,0.019779,0.007267,0.006203
192,GV,GIN,324,Republic of Guinea,Guinea,9,5,149,Niger,0.009084,0.006991,0.008473,0.002764,0.002361
193,GV,GIN,324,Republic of Guinea,Guinea,9,5,152,Senegal,0.002352,0.001812,0.005795,0.000716,0.000612
194,PU,GNB,624,Republic of Guinea-Bissau,Guinea-Bissau,9,5,142,Africa_West_Coast,0.003317,0.002553,0.004707,0.001008,0.000858
195,ML,MLI,466,Republic of Mali,Mali,9,5,142,Africa_West_Coast,0.000304,0.000234,0.000786,0.000092,0.000079
196,ML,MLI,466,Republic of Mali,Mali,9,5,144,Africa_North_Interior,0.001479,0.001133,0.002065,0.000451,0.000382
197,ML,MLI,466,Republic of Mali,Mali,9,5,149,Niger,0.039713,0.030548,0.061059,0.012053,0.010273
198,ML,MLI,466,Republic of Mali,Mali,9,5,152,Senegal,0.015024,0.011562,0.019808,0.004557,0.003884
199,ML,MLI,466,Republic of Mali,Mali,9,5,160,Volta,0.003239,0.002493,0.005807,0.000983,0.000838
200,MR,MRT,478,Islamic Republic of Mauritania,Mauritania,9,5,86,Africa_North_West_Coast,0.006757,0.005197,0.001737,0.002046,0.001751
201,MR,MRT,478,Islamic Republic of Mauritania,Mauritania,9,5,144,Africa_North_Interior,0.00102,0.000783,0.002986,0.000304,0.000267
202,MR,MRT,478,Islamic Republic of Mauritania,Mauritania,9,5,149,Niger,0,0,0,0,0
203,MR,MRT,478,Islamic Republic of Mauritania,Mauritania,9,5,152,Senegal,0.005658,0.004352,0.021895,0.00171,0.001471
204,SG,SEN,686,Republic of Senegal,Senegal,9,5,86,Africa_North_West_Coast,0,0,0,0,0
205,SG,SEN,686,Republic of Senegal,Senegal,9,5,142,Africa_West_Coast,0.022601,0.017387,0.021682,0.00686,0.005855
206,SG,SEN,686,Republic of Senegal,Senegal,9,5,152,Senegal,0.009666,0.007433,0.012287,0.002934,0.002501
207,SL,SLE,694,Republic of Sierra Leone,Sierra Leone,9,5,142,Africa_West_Coast,0.014266,0.010977,0.005968,0.004332,0.003693
208,SL,SLE,694,Republic of Sierra Leone,Sierra Leone,9,5,149,Niger,0,0,0,0,0
209,GA,GMB,270,Republic of The Gambia,Gambia,9,5,142,Africa_West_Coast,0.002658,0.002046,0.003718,0.000807,0.000688
210,DJ,DJI,262,Republic of Djibouti,Djibouti,9,2,100,Africa_Red_Sea_Gulf_of_Aden_Coast,0.002927,0.002251,0.002188,0.000888,0.000757
211,DJ,DJI,262,Republic of Djibouti,Djibouti,9,2,179,Rift_Valley,0,0,0,0,0
212,ER,ERI,232,State of Eritrea,Eritrea,9,2,87,Nile,0.006025,0.004633,0.008233,0.00183,0.00156
213,ER,ERI,232,State of Eritrea,Eritrea,9,2,100,Africa_Red_Sea_Gulf_of_Aden_Coast,0.034121,0.026253,0.010904,0.010356,0.008838
214,ER,ERI,232,State of Eritrea,Eritrea,9,2,179,Rift_Valley,0.000402,0.000309,0,0.000122,0.000104
215,ET,ETH,231,Federal Democratic Republic of Ethiopia,Ethiopia,9,2,87,Nile,0.125702,0.096693,0.171623,0.038159,0.03255
216,ET,ETH,231,Federal Democratic Republic of Ethiopia,Ethiopia,9,2,100,Africa_Red_Sea_Gulf_of_Aden_Coast,0.006211,0.004771,0.002334,0.001886,0.001607
217,ET,ETH,231,Federal Democratic Republic of Ethiopia,Ethiopia,9,2,170,Shebelli_Juba,0.041486,0.031889,0.07915,0.012596,0.010741
218,ET,ETH,231,Federal Democratic Republic of Ethiopia,Ethiopia,9,2,179,Rift_Valley,0.080708,0.06208,0.136521,0.0245,0.020899
219,SU,SDN,736,Republic of the Sudan,Sudan,9,2,87,Nile,0.129302,0.099516,0.385672,0.039258,0.033492
220,SU,SDN,736,Republic of the Sudan,Sudan,9,2,100,Africa_Red_Sea_Gulf_of_Aden_Coast,0.001237,0.000951,0.000734,0.000376,0.000321
221,SU,SDN,736,Republic of the Sudan,Sudan,9,2,144,Africa_North_Interior,0.000699,0.000539,0.001362,0.000213,0.000181
222,SU,SDN,736,Republic of the Sudan,Sudan,9,2,151,Lake_Chad,0.003096,0.002386,0.043254,0.000945,0.000804
223,SU,SDN,736,Republic of the Sudan,Sudan,9,2,179,Rift_Valley,0.000044,0.000034,0.003473,0.000013,0.000011
224,SU,SDN,736,Republic of the Sudan,Sudan,9,2,183,Congo,0,0,0.000076,0,0
225,UG,UGA,800,Republic of Uganda,Uganda,9,2,87,Nile,0.041803,0.032145,0.073003,0.012677,0.010822
226,UG,UGA,800,Republic of Uganda,Uganda,9,2,179,Rift_Valley,0,0,0,0,0
227,UG,UGA,800,Republic of Uganda,Uganda,9,2,183,Congo,0,0,0,0,0
228,GZ,PSE,0,Gaza Strip,"Palestinian Territory, Occupied",8,21,75,Mediterranean_Sea_East_Coast,0,0,0,0,0
229,IZ,IRQ,368,Republic of Iraq,Iraq,8,21,72,Caspian_Sea_South_West_Coast,0,0,0,0,0
230,IZ,IRQ,368,Republic of Iraq,Iraq,8,21,84,Tigris_Euphrates,0.309232,0.141118,0.019696,0.137168,0.024862
231,IZ,IRQ,368,Republic of Iraq,Iraq,8,21,88,Persian_Gulf_Coast,0,0,0,0,0
232,IZ,IRQ,368,Republic of Iraq,Iraq,8,21,94,Arabian_Peninsula,0,0,0.00001,0,0
233,IZ,IRQ,368,Republic of Iraq,Iraq,8,21,99,Eastern_Jordan_Syria,0,0,0,0,0
234,IS,ISR,376,State of Israel,Israel,8,21,75,Mediterranean_Sea_East_Coast,0.032779,0.014958,0.002476,0.01454,0.002635
235,IS,ISR,376,State of Israel,Israel,8,21,95,Dead_Sea,0.006701,0.003525,0.000618,0.002764,0.000805
236,IS,ISR,376,State of Israel,Israel,8,21,98,Sinai_Peninsula,0,0,0,0,0
237,JO,JOR,400,Hashemite Kingdom of Jordan,Jordan,8,21,84,Tigris_Euphrates,0,0,0,0,0
238,JO,JOR,400,Hashemite Kingdom of Jordan,Jordan,8,21,93,Red_Sea_East_Coast,0.001292,0.00059,0.000005,0.000573,0.000104
239,JO,JOR,400,Hashemite Kingdom of Jordan,Jordan,8,21,95,Dead_Sea,0.063304,0.028886,0.002319,0.02808,0.005089
240,JO,JOR,400,Hashemite Kingdom of Jordan,Jordan,8,21,98,Sinai_Peninsula,0.005239,0.00239,0.000031,0.002324,0.000421
241,JO,JOR,400,Hashemite Kingdom of Jordan,Jordan,8,21,99,Eastern_Jordan_Syria,0.008118,0.003704,0.000486,0.003601,0.000653
242,KZ,KAZ,398,Republic of Kazakhstan,Kazakhstan,6,10,18,Volga,0.000423,0.000752,0.000063,0.000255,0.000126
243,KZ,KAZ,398,Republic of Kazakhstan,Kazakhstan,6,10,38,Ural,0.013094,0.023339,0.003327,0.00795,0.003925
244,KZ,KAZ,398,Republic of Kazakhstan,Kazakhstan,6,10,42,Gobi_Interior,0.0066,0.011518,0.001584,0.003976,0.001866
245,KZ,KAZ,398,Republic of Kazakhstan,Kazakhstan,6,10,45,Caspian_Sea_Coast,0.013521,0.024071,0.004402,0.008201,0.004033
246,KZ,KAZ,398,Republic of Kazakhstan,Kazakhstan,6,10,52,Caspian_Sea_East_Coast,0.004443,0.007918,0.000683,0.002698,0.001329
247,KZ,KAZ,398,Republic of Kazakhstan,Kazakhstan,6,10,56,Ob,0.079459,0.141126,0.020412,0.048176,0.023584
248,KZ,KAZ,398,Republic of Kazakhstan,Kazakhstan,6,10,58,Amu_Darya,0.00352,0.006271,0.000806,0.002136,0.001051
249,KZ,KAZ,398,Republic of Kazakhstan,Kazakhstan,6,10,68,Lake_Balkash,0.03884,0.06923,0.009143,0.023579,0.011638
250,KZ,KAZ,398,Republic of Kazakhstan,Kazakhstan,6,10,76,Syr_Darya,0.068242,0.121615,0.019854,0.04142,0.02042
251,KZ,KAZ,398,Republic of Kazakhstan,Kazakhstan,6,10,85,Tarim_Interior,0,0,0.000013,0,0
252,NO,NOR,578,Kingdom of Norway,Norway,3,16,8,Scandinavia_North_Coast,0.055941,0.098041,0.00856,0.027209,0.003805
253,NO,NOR,578,Kingdom of Norway,Norway,3,16,12,Sweden,0.000979,0.001718,0.000624,0.000477,0.000066
254,RS,RUS,643,Russian Federation,Russian Federation,6,23,1,Arctic_Ocean_Islands,0.000117,0.000209,0,0.000071,0.000035
255,RS,RUS,643,Russian Federation,Russian Federation,6,23,3,Siberia_North_Coast,0.00488,0.008706,0.000105,0.002984,0.001479
256,RS,RUS,643,Russian Federation,Russian Federation,6,23,4,Siberia_West_Coast,0.061863,0.110262,0.00128,0.037657,0.018653
257,RS,RUS,643,Russian Federation,Russian Federation,6,23,5,Kara_Sea_Coast,0.008636,0.015405,0.000001,0.00526,0.002608
258,RS,RUS,643,Russian Federation,Russian Federation,6,23,6,Lena,0.064432,0.114855,0.00525,0.039192,0.01939
259,RS,RUS,643,Russian Federation,Russian Federation,6,23,8,Scandinavia_North_Coast,0.029023,0.051741,0.000516,0.01761,0.008683
260,RS,RUS,643,Russian Federation,Russian Federation,6,23,9,Russia_Barents_Sea_Coast,0.034042,0.060685,0.001285,0.020694,0.010238
261,RS,RUS,643,Russian Federation,Russian Federation,6,23,13,Finland,0.001983,0.003525,0.000202,0.001159,0.000511
262,RS,RUS,643,Russian Federation,Russian Federation,6,23,14,Northern_Dvina,0.02845,0.050723,0.002246,0.017282,0.008548
263,RS,RUS,643,Russian Federation,Russian Federation,6,23,17,Neva,0.103899,0.185247,0.004494,0.063087,0.031175
264,RS,RUS,643,Russian Federation,Russian Federation,6,23,18,Volga,0.65237,1.16309,0.086849,0.396085,0.195694
265,RS,RUS,643,Russian Federation,Russian Federation,6,23,20,Baltic_Sea_Coast,0.005108,0.009109,0.000668,0.003104,0.001532
266,RS,RUS,643,Russian Federation,Russian Federation,6,23,22,Narva,0.007637,0.013617,0.001059,0.004636,0.002291
267,RS,RUS,643,Russian Federation,Russian Federation,6,23,25,Daugava,0.005468,0.009751,0.000966,0.003319,0.001641
268,RS,RUS,643,Russian Federation,Russian Federation,6,23,33,Poland_Coast,0.009761,0.013206,0.001849,0.004249,0.000285
269,RS,RUS,643,Russian Federation,Russian Federation,6,23,35,Neman,0.00044,0.000784,0.000178,0.000267,0.000132
270,RS,RUS,643,Russian Federation,Russian Federation,6,23,37,Russia_South_East_Coast,0.016905,0.030064,0.001494,0.010258,0.005037
271,RS,RUS,643,Russian Federation,Russian Federation,6,23,38,Ural,0.034368,0.061279,0.007157,0.020868,0.01031
272,RS,RUS,643,Russian Federation,Russian Federation,6,23,39,Dnieper,0.040679,0.072525,0.0079,0.024696,0.012203
273,RS,RUS,643,Russian Federation,Russian Federation,6,23,42,Gobi_Interior,0.000714,0.001198,0.000576,0.000424,0.000182
274,RS,RUS,643,Russian Federation,Russian Federation,6,23,43,Amur,0.11053,0.191078,0.010776,0.066305,0.030463
275,RS,RUS,643,Russian Federation,Russian Federation,6,23,45,Caspian_Sea_Coast,0.040394,0.072013,0.012613,0.024524,0.012117
276,RS,RUS,643,Russian Federation,Russian Federation,6,23,47,Black_Sea_North_Coast,0.035628,0.063523,0.008297,0.021633,0.010688
277,RS,RUS,643,Russian Federation,Russian Federation,6,23,48,Yenisey,0.125929,0.224069,0.012606,0.076456,0.037632
278,RS,RUS,643,Russian Federation,Russian Federation,6,23,53,Don,0.11764,0.209757,0.032812,0.071426,0.03529
279,RS,RUS,643,Russian Federation,Russian Federation,6,23,56,Ob,0.296407,0.528434,0.039394,0.180017,0.088961
280,RS,RUS,643,Russian Federation,Russian Federation,6,23,70,Black_Sea_South_Coast,0.001674,0.002984,0.000163,0.001016,0.000502
281,RS,RUS,643,Russian Federation,Russian Federation,6,23,72,Caspian_Sea_South_West_Coast,0,0,0,0,0
282,RS,RUS,643,Russian Federation,Russian Federation,6,23,76,Syr_Darya,0.000297,0.00053,0.000104,0.00018,0.000089
283,SW,SWE,752,Kingdom of Sweden,Sweden,3,13,8,Scandinavia_North_Coast,0.000509,0.000891,0.000075,0.000247,0.000034
284,SW,SWE,752,Kingdom of Sweden,Sweden,3,13,12,Sweden,0.101042,0.177088,0.018754,0.04914,0.006859
285,WE, ,0,West Bank,"Palestinian Territory, Occupied",8,21,75,Mediterranean_Sea_East_Coast,0.017504,0.007988,0.00028,0.007764,0.001407
286,WE, ,0,West Bank,"Palestinian Territory, Occupied",8,21,95,Dead_Sea,0,0,0,0,0
287,AG,DZA,12,People's Democratic Republic of Algeria,Algeria,9,3,80,Mediterranean_South_Coast,0.058904,0.045318,0.019265,0.017873,0.015255
288,AG,DZA,12,People's Democratic Republic of Algeria,Algeria,9,3,86,Africa_North_West_Coast,0,0,0.000039,0,0
289,AG,DZA,12,People's Democratic Republic of Algeria,Algeria,9,3,144,Africa_North_Interior,0.050728,0.039024,0.011844,0.015394,0.013126
290,AG,DZA,12,People's Democratic Republic of Algeria,Algeria,9,3,149,Niger,0.000781,0.0006,0.000018,0.000238,0.000201
291,AG,DZA,12,People's Democratic Republic of Algeria,Algeria,9,3,151,Lake_Chad,0.000125,0.000096,0,0.000038,0.000032
292,AN,AND,20,Principality of Andorra,Andorra,3,13,73,Ebro,0,0,0,0,0
293,LY,LBY,434,Great Socialist People's Libyan Arab Jam,Libyan Arab Jamahiriya,9,3,80,Mediterranean_South_Coast,0.008294,0.006385,0.003023,0.002515,0.002147
294,LY,LBY,434,Great Socialist People's Libyan Arab Jam,Libyan Arab Jamahiriya,9,3,144,Africa_North_Interior,0.006341,0.004877,0.00179,0.001916,0.001641
295,LY,LBY,434,Great Socialist People's Libyan Arab Jam,Libyan Arab Jamahiriya,9,3,151,Lake_Chad,0,0,0,0,0
296,MN,MCO,492,Principality of Monaco,Monaco,3,13,61,France_South_Coast,0,0,0,0,0
297,TS,TUN,788,Tunisian Republic,Tunisia,9,3,80,Mediterranean_South_Coast,0.035351,0.027201,0.01092,0.010729,0.009156
298,TS,TUN,788,Tunisian Republic,Tunisia,9,3,144,Africa_North_Interior,0.005284,0.004065,0.000808,0.001602,0.001371
299,BN,BEN,204,Republic of Benin,Benin,9,5,142,Africa_West_Coast,0.015211,0.011703,0.006811,0.004614,0.003939
300,BN,BEN,204,Republic of Benin,Benin,9,5,149,Niger,0.006072,0.004671,0.009325,0.001842,0.001571
301,BN,BEN,204,Republic of Benin,Benin,9,5,160,Volta,0.001293,0.000994,0.001541,0.000393,0.000334
302,CM,CMR,120,Republic of Cameroon,Cameroon,9,5,149,Niger,0.009429,0.007255,0.017569,0.002862,0.002439
303,CM,CMR,120,Republic of Cameroon,Cameroon,9,5,151,Lake_Chad,0.011244,0.008652,0.015302,0.003412,0.002914
304,CM,CMR,120,Republic of Cameroon,Cameroon,9,5,162,Gulf_of_Guinea,0.039037,0.030041,0.018596,0.011851,0.010112
305,CM,CMR,120,Republic of Cameroon,Cameroon,9,5,183,Congo,0.00476,0.003664,0.002873,0.001446,0.001231
306,CT,CAF,140,Central African Republic,Central African Republic,9,5,87,Nile,0.000055,0.000042,0.000234,0.000017,0.000014
307,CT,CAF,140,Central African Republic,Central African Republic,9,5,151,Lake_Chad,0.003135,0.002406,0.014776,0.000947,0.000821
308,CT,CAF,140,Central African Republic,Central African Republic,9,5,162,Gulf_of_Guinea,0,0,0,0,0
309,CT,CAF,140,Central African Republic,Central African Republic,9,5,183,Congo,0.018056,0.013891,0.020285,0.005473,0.004681
310,CD,TCD,148,Republic of Chad,Chad,9,5,144,Africa_North_Interior,0.000764,0.000587,0.000277,0.000233,0.000199
311,CD,TCD,148,Republic of Chad,Chad,9,5,149,Niger,0.002717,0.002091,0.003453,0.000823,0.000704
312,CD,TCD,148,Republic of Chad,Chad,9,5,151,Lake_Chad,0.028889,0.022232,0.065306,0.008769,0.007503
313,EK,GNQ,226,Republic of Equatorial Guinea,Equatorial Guinea,9,5,162,Gulf_of_Guinea,0.000551,0.000423,0.000067,0.000167,0.000142
314,NG,NER,562,Republic of Niger,Niger,9,5,144,Africa_North_Interior,0,0,0,0,0
315,NG,NER,562,Republic of Niger,Niger,9,5,149,Niger,0.04503,0.034648,0.032071,0.013673,0.011658
316,NG,NER,562,Republic of Niger,Niger,9,5,151,Lake_Chad,0.018151,0.013963,0.015651,0.005508,0.004698
317,NI,NGA,566,Federal Republic of Nigeria,Nigeria,9,5,142,Africa_West_Coast,0.121034,0.093123,0.009858,0.036731,0.031349
318,NI,NGA,566,Federal Republic of Nigeria,Nigeria,9,5,149,Niger,0.293103,0.225511,0.157726,0.088947,0.075911
319,NI,NGA,566,Federal Republic of Nigeria,Nigeria,9,5,151,Lake_Chad,0.095996,0.073858,0.062073,0.029134,0.024868
320,NI,NGA,566,Federal Republic of Nigeria,Nigeria,9,5,162,Gulf_of_Guinea,0.035018,0.026943,0.0076,0.010628,0.009071
321,TP,STP,678,Sao Tome and Principe,Sao Tome and Principe,9,5,162,Gulf_of_Guinea,0,0,0,0,0
322,TO,TGO,768,Togolese Republic,Togo,9,5,142,Africa_West_Coast,0.015995,0.012306,0.002395,0.004854,0.004142
323,TO,TGO,768,Togolese Republic,Togo,9,5,160,Volta,0.006961,0.005355,0.004411,0.002111,0.001802
324,AL,ALB,8,Republic of Albania,Albania,12,15,54,Danube,0,0,0,0,0
325,AL,ALB,8,Republic of Albania,Albania,12,15,55,Adriatic_Sea_Greece_Black_Sea_Coast,0.04713,0.066338,0.007448,0.02084,0.001628
326,BK,BIH,70,Bosnia and Herzegovina,Bosnia and Herzegovina,12,15,54,Danube,0.036567,0.049463,0.00437,0.015914,0.001068
327,BK,BIH,70,Bosnia and Herzegovina,Bosnia and Herzegovina,12,15,55,Adriatic_Sea_Greece_Black_Sea_Coast,0.014816,0.020043,0.001033,0.006447,0.000434
328,HR,HRV,191,Republic of Croatia,Croatia,12,15,54,Danube,0.030736,0.041578,0.004688,0.013376,0.0009
329,HR,HRV,191,Republic of Croatia,Croatia,12,15,55,Adriatic_Sea_Greece_Black_Sea_Coast,0.013661,0.01848,0.001373,0.005945,0.0004
330,IT,ITA,380,Italian Republic,Italy,3,13,32,Rhine,0,0,0,0,0
331,IT,ITA,380,Italian Republic,Italy,3,13,50,Italy_East_Coast,0.226793,0.395954,0.017672,0.110109,0.015253
332,IT,ITA,380,Italian Republic,Italy,3,13,54,Danube,0,0,0,0,0
333,IT,ITA,380,Italian Republic,Italy,3,13,55,Adriatic_Sea_Greece_Black_Sea_Coast,0,0,0,0,0
334,IT,ITA,380,Italian Republic,Italy,3,13,57,Po,0.314953,0.551972,0.035953,0.153178,0.021386
335,IT,ITA,380,Italian Republic,Italy,3,13,59,Italy_West_Coast,0.120123,0.210522,0.006902,0.058424,0.008157
336,IT,ITA,380,Italian Republic,Italy,3,13,61,France_South_Coast,0,0,0,0,0
337,IT,ITA,380,Italian Republic,Italy,3,13,62,Rhone,0,0,0,0,0
338,IT,ITA,380,Italian Republic,Italy,3,13,63,Mediterranean_Sea_Islands,0.116349,0.203904,0.004896,0.056584,0.007899
339,IT,ITA,380,Italian Republic,Italy,3,13,69,Tiber,0.071146,0.124685,0.00368,0.034601,0.004831
340,MK,MKD,807,The Former Yugoslav Republic of Macedoni,"Macedonia, The Former Yugoslav Republic of",12,15,54,Danube,0,0,0,0,0
341,MK,MKD,807,The Former Yugoslav Republic of Macedoni,"Macedonia, The Former Yugoslav Republic of",12,15,55,Adriatic_Sea_Greece_Black_Sea_Coast,0.027324,0.03719,0.004127,0.011919,0.000821
342,MT,MLT,470,Republic of Malta,Malta,3,12,63,Mediterranean_Sea_Islands,0,0,0,0,0
343,SM,SMR,674,Republic of San Marino,San Marino,3,13,50,Italy_East_Coast,0,0,0,0,0
344,VT, ,336,The Holy See (State of the Vatican City),Holy See (Vatican City State),3,13,69,Tiber,0,0,0,0,0
345,BU,BGR,100,Republic of Bulgaria,Bulgaria,12,12,54,Danube,0.056929,0.077013,0.004952,0.024772,0.001666
346,BU,BGR,100,Republic of Bulgaria,Bulgaria,12,12,55,Adriatic_Sea_Greece_Black_Sea_Coast,0.040954,0.058342,0.004876,0.018199,0.001481
347,CY,CYP,196,Republic of Cyprus,Cyprus,3,12,75,Mediterranean_Sea_East_Coast,0.009159,0.016053,0.001238,0.004455,0.000622
348,EG,EGY,818,Arab Republic of Egypt,Egypt,9,3,75,Mediterranean_Sea_East_Coast,0.022787,0.017532,0.001298,0.006915,0.005904
349,EG,EGY,818,Arab Republic of Egypt,Egypt,9,3,80,Mediterranean_South_Coast,0.019096,0.014692,0.000241,0.005795,0.004946
350,EG,EGY,818,Arab Republic of Egypt,Egypt,9,3,87,Nile,0.157397,0.121102,0.042805,0.047768,0.04077
351,EG,EGY,818,Arab Republic of Egypt,Egypt,9,3,95,Dead_Sea,0,0,0,0,0
352,EG,EGY,818,Arab Republic of Egypt,Egypt,9,3,98,Sinai_Peninsula,0.013001,0.010002,0.000523,0.003945,0.003368
353,EG,EGY,818,Arab Republic of Egypt,Egypt,9,3,100,Africa_Red_Sea_Gulf_of_Aden_Coast,0.003578,0.002753,0.000226,0.001087,0.000926
354,EG,EGY,818,Arab Republic of Egypt,Egypt,9,3,144,Africa_North_Interior,0.023172,0.017826,0.000527,0.007031,0.006002
355,GG,GEO,268,Georgia,Georgia,6,10,45,Caspian_Sea_Coast,0.006215,0.011081,0.000846,0.003774,0.001864
356,GG,GEO,268,Georgia,Georgia,6,10,47,Black_Sea_North_Coast,0,0,0,0,0
357,GG,GEO,268,Georgia,Georgia,6,10,70,Black_Sea_South_Coast,0.021805,0.038844,0.004933,0.013114,0.006302
358,GG,GEO,268,Georgia,Georgia,6,10,72,Caspian_Sea_South_West_Coast,0.036149,0.064412,0.006977,0.021801,0.010558
359,GR,GRC,300,Hellenic Republic,Greece,3,13,55,Adriatic_Sea_Greece_Black_Sea_Coast,0.109237,0.191446,0.014187,0.05313,0.007419
360,GR,GRC,300,Hellenic Republic,Greece,3,13,75,Mediterranean_Sea_East_Coast,0,0,0,0,0
361,LE,LBN,422,Lebanese Republic,Lebanon,8,21,75,Mediterranean_Sea_East_Coast,0.060137,0.027442,0.001272,0.026675,0.004834
362,LE,LBN,422,Lebanese Republic,Lebanon,8,21,95,Dead_Sea,0.005352,0.002442,0.000501,0.002374,0.00043
363,LE,LBN,422,Lebanese Republic,Lebanon,8,21,99,Eastern_Jordan_Syria,0,0,0,0,0
364,SY,SYR,760,Syrian Arab Republic,Syrian Arab Republic,8,21,75,Mediterranean_Sea_East_Coast,0.047821,0.021821,0.004065,0.021211,0.003845
365,SY,SYR,760,Syrian Arab Republic,Syrian Arab Republic,8,21,84,Tigris_Euphrates,0.053247,0.024296,0.013804,0.023617,0.004283
366,SY,SYR,760,Syrian Arab Republic,Syrian Arab Republic,8,21,95,Dead_Sea,0.015999,0.007301,0.001329,0.007096,0.001286
367,SY,SYR,760,Syrian Arab Republic,Syrian Arab Republic,8,21,99,Eastern_Jordan_Syria,0.067341,0.030731,0.005644,0.029871,0.005414
368,TU,TUR,792,Republic of Turkey,Turkey,3,15,55,Adriatic_Sea_Greece_Black_Sea_Coast,0.037995,0.066587,0.001536,0.018478,0.002579
369,TU,TUR,792,Republic of Turkey,Turkey,3,15,70,Black_Sea_South_Coast,0.432583,0.758131,0.045902,0.210387,0.029374
370,TU,TUR,792,Republic of Turkey,Turkey,3,15,72,Caspian_Sea_South_West_Coast,0.025444,0.042461,0.0068,0.012306,0.001748
371,TU,TUR,792,Republic of Turkey,Turkey,3,15,75,Mediterranean_Sea_East_Coast,0.385263,0.675197,0.031365,0.187375,0.026159
372,TU,TUR,792,Republic of Turkey,Turkey,3,15,84,Tigris_Euphrates,0.141691,0.231319,0.025462,0.068347,0.009787
373,TU,TUR,792,Republic of Turkey,Turkey,3,15,99,Eastern_Jordan_Syria,0,0,0,0,0
374,AU,AUT,40,Republic of Austria,Austria,3,13,31,Elbe,0,0,0,0,0
375,AU,AUT,40,Republic of Austria,Austria,3,13,32,Rhine,0.002873,0.005035,0.000718,0.001397,0.000195
376,AU,AUT,40,Republic of Austria,Austria,3,13,50,Italy_East_Coast,0,0,0,0,0
377,AU,AUT,40,Republic of Austria,Austria,3,13,54,Danube,0.134334,0.232589,0.0224,0.064967,0.008844
378,AU,AUT,40,Republic of Austria,Austria,3,13,57,Po,0,0,0,0,0
379,EZ,CZE,203,Czech Republic,Czech Republic,12,12,29,Oder,0.012268,0.016595,0.001115,0.005338,0.000358
380,EZ,CZE,203,Czech Republic,Czech Republic,12,12,30,Wisla,0,0,0,0,0
381,EZ,CZE,203,Czech Republic,Czech Republic,12,12,31,Elbe,0.072934,0.101321,0.009748,0.03208,0.00239
382,EZ,CZE,203,Czech Republic,Czech Republic,12,12,54,Danube,0.032546,0.046402,0.005045,0.014467,0.001181
383,DA,DNK,208,Kingdom of Denmark,Denmark,3,13,12,Sweden,0,0,0,0,0
384,DA,DNK,208,Kingdom of Denmark,Denmark,3,13,21,Denmark_Germany_Coast,0.067462,0.118226,0.027084,0.032809,0.004582
385,HU,HUN,348,Republic of Hungary,Hungary,12,12,54,Danube,0.128215,0.173445,0.014848,0.055799,0.003754
386,PL,POL,616,Republic of Poland,Poland,12,12,21,Denmark_Germany_Coast,0,0,0,0,0
387,PL,POL,616,Republic of Poland,Poland,12,12,29,Oder,0.16776,0.228244,0.025412,0.073175,0.005032
388,PL,POL,616,Republic of Poland,Poland,12,12,30,Wisla,0.231184,0.313244,0.041303,0.10081,0.007071
389,PL,POL,616,Republic of Poland,Poland,12,12,31,Elbe,0,0,0,0,0
390,PL,POL,616,Republic of Poland,Poland,12,12,33,Poland_Coast,0.040174,0.054348,0.008483,0.017484,0.001175
391,PL,POL,616,Republic of Poland,Poland,12,12,35,Neman,0.000973,0.001317,0.000649,0.000424,0.000028
392,PL,POL,616,Republic of Poland,Poland,12,12,39,Dnieper,0,0,0,0,0
393,PL,POL,616,Republic of Poland,Poland,12,12,49,Dniester,0,0,0,0,0
394,PL,POL,616,Republic of Poland,Poland,12,12,54,Danube,0,0,0,0,0
395,LO,SVK,703,Slovak Republic,Slovakia,12,12,29,Oder,0,0,0,0,0
396,LO,SVK,703,Slovak Republic,Slovakia,12,12,30,Wisla,0,0,0,0,0
397,LO,SVK,703,Slovak Republic,Slovakia,12,12,54,Danube,0.057061,0.077192,0.006167,0.024831,0.001669
398,SI,SVN,705,Republic of Slovenia,Slovenia,12,12,50,Italy_East_Coast,0,0,0,0,0
399,SI,SVN,705,Republic of Slovenia,Slovenia,12,12,54,Danube,0.016389,0.022169,0.003887,0.007132,0.000477
400,SI,SVN,705,Republic of Slovenia,Slovenia,12,12,55,Adriatic_Sea_Greece_Black_Sea_Coast,0.008925,0.012073,0.00027,0.003884,0.000261
401,SV,SJM,744,Svalbard,Svalbard and Jan Mayen,3,16,1,Arctic_Ocean_Islands,0,0,0,0,0
402,BE,BEL,56,Kingdom of Belgium,Belgium,3,13,32,Rhine,0.025277,0.044299,0.01042,0.012294,0.001717
403,BE,BEL,56,Kingdom of Belgium,Belgium,3,13,36,Scheldt,0.108189,0.189607,0.017446,0.052618,0.007347
404,BE,BEL,56,Kingdom of Belgium,Belgium,3,13,41,France_West_Coast,0,0,0,0,0
405,BE,BEL,56,Kingdom of Belgium,Belgium,3,13,46,Seine,0,0,0,0,0
406,FR,FRA,250,French Republic,France,3,13,32,Rhine,0.063185,0.110733,0.013011,0.030729,0.00429
407,FR,FRA,250,French Republic,France,3,13,36,Scheldt,0.023373,0.040963,0.00284,0.011367,0.001587
408,FR,FRA,250,French Republic,France,3,13,41,France_West_Coast,0.166446,0.291705,0.053753,0.080948,0.011303
409,FR,FRA,250,French Republic,France,3,13,44,Loire,0.138364,0.242495,0.04582,0.067292,0.009397
410,FR,FRA,250,French Republic,France,3,13,46,Seine,0.242875,0.425643,0.01747,0.118121,0.01649
411,FR,FRA,250,French Republic,France,3,13,57,Po,0.002189,0.003837,0.000309,0.001065,0.000149
412,FR,FRA,250,French Republic,France,3,13,60,Spain_Portugal_Atlantic_Coast,0,0,0,0,0
413,FR,FRA,250,French Republic,France,3,13,61,France_South_Coast,0.092282,0.161732,0.007028,0.04488,0.006266
414,FR,FRA,250,French Republic,France,3,13,62,Rhone,0.122617,0.214895,0.020971,0.059638,0.008328
415,FR,FRA,250,French Republic,France,3,13,63,Mediterranean_Sea_Islands,0.01208,0.021171,0.001135,0.005875,0.00082
416,FR,FRA,250,French Republic,France,3,13,64,Gironde,0.065784,0.115287,0.02724,0.031992,0.004468
417,FR,FRA,250,French Republic,France,3,13,67,Spain_South_and_East_Coast,0,0,0,0,0
418,FR,FRA,250,French Republic,France,3,13,73,Ebro,0,0,0,0,0
419,GM,DEU,276,Federal Republic of Germany,Germany,3,13,21,Denmark_Germany_Coast,0.113933,0.199673,0.016245,0.05541,0.007735
420,GM,DEU,276,Federal Republic of Germany,Germany,3,13,28,Ems_Weser,0.229407,0.402049,0.037288,0.11157,0.01558
421,GM,DEU,276,Federal Republic of Germany,Germany,3,13,29,Oder,0.016914,0.029643,0.000974,0.008227,0.001149
422,GM,DEU,276,Federal Republic of Germany,Germany,3,13,31,Elbe,0.308649,0.53754,0.026213,0.149676,0.020635
423,GM,DEU,276,Federal Republic of Germany,Germany,3,13,32,Rhine,0.515113,0.902769,0.046453,0.250531,0.034979
424,GM,DEU,276,Federal Republic of Germany,Germany,3,13,54,Danube,0.149178,0.261439,0.025013,0.072551,0.010131
425,LS,LIE,438,Principality of Liechtenstein,Liechtenstein,3,16,32,Rhine,0,0,0,0,0
426,LU,LUX,442,Grand Duchy of Luxembourg,Luxembourg,3,13,32,Rhine,0,0,0,0,0
427,SZ,CHE,756,Swiss Confederation,Switzerland,3,16,32,Rhine,0.089815,0.157406,0.013616,0.043682,0.0061
428,SZ,CHE,756,Swiss Confederation,Switzerland,3,16,54,Danube,0.002381,0.004173,0.000232,0.001158,0.000162
429,SZ,CHE,756,Swiss Confederation,Switzerland,3,16,57,Po,0.006324,0.011082,0.00055,0.003075,0.000429
430,SZ,CHE,756,Swiss Confederation,Switzerland,3,16,62,Rhone,0.019157,0.033574,0.00181,0.009317,0.001301
431,US,USA,840,United States of America,United States,1,1,7,Pacific_and_Arctic_Coast,0.169769,0.168794,0.001461,0.049283,0.010543
432,US,USA,840,United States of America,United States,1,1,23,Saskatchewan_Nelson,0.018443,0.105849,0.010059,0.003097,0.006657
433,US,USA,840,United States of America,United States,1,1,27,Fraser,0.000295,0.010179,0.000731,0.000101,0.00064
434,US,USA,840,United States of America,United States,1,1,96,Mexico_Northwest_Coast,0.001057,0.001086,0.00022,0.000017,0.000093
435,US,USA,840,United States of America,United States,1,1,101,Caribbean,0,0,0,0,0
436,US,USA,840,United States of America,United States,1,1,105,North_Gulf,0,0,0,0,0
437,US,USA,840,United States of America,United States,1,1,217,California_River_Basin,1.25889,1.33839,0.04737,0.010728,0.085823
438,US,USA,840,United States of America,United States,1,1,218,Upper_Mississippi_Basin,0.834015,0.774589,0.112138,0.258662,0.048711
439,US,USA,840,United States of America,United States,1,1,219,Lower_Mississippi_River_Basin,0.302461,0.344598,0.018219,0.535374,0.021671
440,US,USA,840,United States of America,United States,1,1,220,Upper_Colorado_River_Basin,0.044772,0.082494,0.010647,0.004286,0.005186
441,US,USA,840,United States of America,United States,1,1,221,Lower_Colorado_River_Basin,0.371472,0.239425,0.010085,0.005205,0.015223
442,US,USA,840,United States of America,United States,1,1,222,Great_Basin,0.197072,0.124434,0.010905,0.00659,0.007816
443,US,USA,840,United States of America,United States,1,1,223,Missouri_River_Basin,0.483289,0.735302,0.223597,0.050906,0.04625
444,US,USA,840,United States of America,United States,1,1,224,Arkansas_White_Red_Basin,0.368278,0.520303,0.157699,0.117397,0.032709
445,US,USA,840,United States of America,United States,1,1,225,Texas_Gulf_Coast_Basin,0.915908,0.663757,0.088798,0.228259,0.041748
446,US,USA,840,United States of America,United States,1,1,226,South_Atlantic_Gulf_Basin,1.48753,1.09143,0.079026,0.408919,0.068641
447,US,USA,840,United States of America,United States,1,1,227,Great_Lakes_Basin,0.693195,0.89049,0.037436,0.267201,0.055979
448,US,USA,840,United States of America,United States,1,1,228,Ohio_River_Basin,0.759718,0.623538,0.060612,0.668894,0.039205
449,US,USA,840,United States of America,United States,1,1,229,Pacific_Northwest_Basin,0.453365,0.433645,0.041634,0.125444,0.027264
450,US,USA,840,United States of America,United States,1,1,230,Tennessee_River_Basin,0.169606,0.116039,0.01496,0.095001,0.007299
451,US,USA,840,United States of America,United States,1,1,231,Rio_Grande_River_Basin,0.096131,0.16992,0.015092,0.009966,0.01113
452,US,USA,840,United States of America,United States,1,1,232,New_England_Basin,0.356118,0.425993,0.00269,0.065657,0.026789
453,US,USA,840,United States of America,United States,1,1,233,Mid_Atlantic_Basin,1.26842,1.46338,0.029143,0.256834,0.092029
454,US,USA,840,United States of America,United States,1,1,234,Hawaii,0.048743,0.048061,0,0.014121,0.003022
455,BO,BLR,112,Republic of Belarus,Belarus,6,14,17,Neva,0,0,0,0,0
456,BO,BLR,112,Republic of Belarus,Belarus,6,14,22,Narva,0,0,0,0,0
457,BO,BLR,112,Republic of Belarus,Belarus,6,14,25,Daugava,0.015975,0.028485,0.002208,0.0097,0.004791
458,BO,BLR,112,Republic of Belarus,Belarus,6,14,30,Wisla,0.005642,0.010058,0.003222,0.003425,0.001694
459,BO,BLR,112,Republic of Belarus,Belarus,6,14,35,Neman,0.019101,0.034059,0.008538,0.0116,0.00573
460,BO,BLR,112,Republic of Belarus,Belarus,6,14,39,Dnieper,0.08889,0.158475,0.027634,0.05397,0.026659
461,EN,EST,233,Republic of Estonia,Estonia,6,12,20,Baltic_Sea_Coast,0.012298,0.021928,0.001706,0.007468,0.003689
462,EN,EST,233,Republic of Estonia,Estonia,6,12,22,Narva,0.004535,0.008084,0.000904,0.002752,0.00136
463,EN,EST,233,Republic of Estonia,Estonia,6,12,25,Daugava,0,0,0,0,0
464,FI,FIN,246,Republic of Finland,Finland,3,13,8,Scandinavia_North_Coast,0.002334,0.004091,0.000383,0.001136,0.000158
465,FI,FIN,246,Republic of Finland,Finland,3,13,12,Sweden,0.003757,0.006589,0.000404,0.001827,0.000254
466,FI,FIN,246,Republic of Finland,Finland,3,13,13,Finland,0.074346,0.130287,0.00999,0.036155,0.005044
467,FI,FIN,246,Republic of Finland,Finland,3,13,17,Neva,0.000804,0.001418,0.000238,0.000429,0.000128
468,LG,LVA,428,Republic of Latvia,Latvia,6,12,20,Baltic_Sea_Coast,0.017796,0.031732,0.003458,0.010804,0.005338
469,LG,LVA,428,Republic of Latvia,Latvia,6,12,22,Narva,0.000327,0.000584,0.000059,0.000199,0.000098
470,LG,LVA,428,Republic of Latvia,Latvia,6,12,25,Daugava,0.013746,0.02451,0.000999,0.008345,0.004126
471,LG,LVA,428,Republic of Latvia,Latvia,6,12,35,Neman,0,0,0,0,0
472,LH,LTU,440,Republic of Lithuania,Lithuania,6,12,20,Baltic_Sea_Coast,0.010688,0.019054,0.001771,0.006489,0.003206
473,LH,LTU,440,Republic of Lithuania,Lithuania,6,12,25,Daugava,0.000478,0.000852,0.000093,0.00029,0.000143
474,LH,LTU,440,Republic of Lithuania,Lithuania,6,12,33,Poland_Coast,0,0,0,0,0
475,LH,LTU,440,Republic of Lithuania,Lithuania,6,12,35,Neman,0.033633,0.059965,0.007334,0.020422,0.010091
476,MD,MDA,498,Republic of Moldova,"Moldova, Republic of",6,14,47,Black_Sea_North_Coast,0.005928,0.010571,0.000532,0.0036,0.001779
477,MD,MDA,498,Republic of Moldova,"Moldova, Republic of",6,14,49,Dniester,0.030208,0.053858,0.002005,0.018342,0.009061
478,MD,MDA,498,Republic of Moldova,"Moldova, Republic of",6,14,54,Danube,0.021621,0.032657,0.002034,0.010773,0.002778
479,RO,ROU,642,Romania,Romania,12,12,54,Danube,0.244827,0.331185,0.03825,0.106544,0.007161
480,RO,ROU,642,Romania,Romania,12,12,55,Adriatic_Sea_Greece_Black_Sea_Coast,0.001167,0.001579,0.000263,0.000508,0.000034
481,UP,UKR,804,Ukraine,Ukraine,6,14,30,Wisla,0.017921,0.031363,0.002101,0.010644,0.005006
482,UP,UKR,804,Ukraine,Ukraine,6,14,39,Dnieper,0.322543,0.575078,0.040469,0.195837,0.096751
483,UP,UKR,804,Ukraine,Ukraine,6,14,47,Black_Sea_North_Coast,0.115891,0.206622,0.014264,0.070367,0.034764
484,UP,UKR,804,Ukraine,Ukraine,6,14,49,Dniester,0.042504,0.07578,0.008095,0.025803,0.012748
485,UP,UKR,804,Ukraine,Ukraine,6,14,53,Don,0.09696,0.172872,0.005502,0.058873,0.029084
486,UP,UKR,804,Ukraine,Ukraine,6,14,54,Danube,0.023473,0.037314,0.004095,0.01244,0.004187
487,IN,IND,356,Republic of India,India,14,17,85,Tarim_Interior,0,0,0,0,0
488,IN,IND,356,Republic of India,India,14,17,89,Indus,0.519654,0.154377,0.101842,0.036584,0.005822
489,IN,IND,356,Republic of India,India,14,17,107,Sabarmati,0.885853,0.264081,0.280588,0.063046,0.010026
490,IN,IND,356,Republic of India,India,14,17,110,Ganges_Bramaputra,2.84084,0.85349,1.24996,0.207071,0.032869
491,IN,IND,356,Republic of India,India,14,17,113,Mahi,0.057289,0.017019,0.034942,0.004034,0.000641
492,IN,IND,356,Republic of India,India,14,17,116,Bay_of_Bengal_North_East_Coast,0.016908,0.005023,0.00123,0.00119,0.000189
493,IN,IND,356,Republic of India,India,14,17,117,Tapti,0.173145,0.051437,0.071071,0.012189,0.00194
494,IN,IND,356,Republic of India,India,14,17,118,Yasai,0.272716,0.081021,0.102789,0.019199,0.003055
495,IN,IND,356,Republic of India,India,14,17,120,Brahamani,0.156686,0.046547,0.050833,0.011029,0.001754
496,IN,IND,356,Republic of India,India,14,17,122,Mahandi,0.457646,0.135959,0.138248,0.03222,0.005125
497,IN,IND,356,Republic of India,India,14,17,123,Godavari,0.934899,0.277743,0.258493,0.065818,0.010471
498,IN,IND,356,Republic of India,India,14,17,128,India_North_East_Coast,0.119243,0.035425,0.028953,0.008394,0.001335
499,IN,IND,356,Republic of India,India,14,17,129,India_West_Coast,0.381131,0.113228,0.058701,0.026831,0.004269
500,IN,IND,356,Republic of India,India,14,17,137,Irrawaddy,0.016587,0.004928,0.00552,0.001167,0.000186
501,IN,IND,356,Republic of India,India,14,17,140,Krishna,0.789092,0.234425,0.206471,0.05555,0.008837
502,IN,IND,356,Republic of India,India,14,17,141,Andaman_Nicobar_Islands,0,0,0,0,0
503,IN,IND,356,Republic of India,India,14,17,145,India_East_Coast,0.219804,0.0653,0.063438,0.015478,0.00246
504,IN,IND,356,Republic of India,India,14,17,147,Pennar,0.151636,0.045048,0.058215,0.010676,0.001697
505,IN,IND,356,Republic of India,India,14,17,153,Cauvery,0.321925,0.095638,0.059163,0.022665,0.003605
506,IN,IND,356,Republic of India,India,14,17,155,India_South_Coast,0.172666,0.051297,0.039228,0.012157,0.001933
507,IN,IND,356,Republic of India,India,14,17,235,Narmada,0.19216,0.057088,0.07674,0.013529,0.002151
508,MU,OMN,512,Sultanate of Oman,Oman,8,21,94,Arabian_Peninsula,0.028938,0.013209,0.002747,0.012838,0.002327
509,SO,SOM,706,Somalia,Somalia,9,2,100,Africa_Red_Sea_Gulf_of_Aden_Coast,0.022857,0.017598,0.026181,0.00695,0.005937
510,SO,SOM,706,Somalia,Somalia,9,2,163,Sumatra,0,0,0,0,0
511,SO,SOM,706,Somalia,Somalia,9,2,170,Shebelli_Juba,0.024319,0.01872,0.034184,0.007392,0.006307
512,SO,SOM,706,Somalia,Somalia,9,2,171,Africa_East_Central_Coast,0.00157,0.001208,0.005367,0.000476,0.000407
513,SO,SOM,706,Somalia,Somalia,9,2,179,Rift_Valley,0,0,0,0,0
514,CE,LKA,144,Democratic Socialist Republic of Sri Lan,Sri Lanka,11,27,154,Sri_Lanka,0.13019,0.073166,0.019964,0.034775,0.005291
515,TX,TKM,795,Turkmenistan,Turkmenistan,6,10,52,Caspian_Sea_East_Coast,0.05562,0.080635,0.016838,0.031121,0.013495
516,TX,TKM,795,Turkmenistan,Turkmenistan,6,10,58,Amu_Darya,0.007361,0.011315,0.00317,0.003966,0.001823
517,UZ,UZB,860,Republic of Uzbekistan,Uzbekistan,6,10,45,Caspian_Sea_Coast,0.000539,0.000961,0.000073,0.000327,0.000161
518,UZ,UZB,860,Republic of Uzbekistan,Uzbekistan,6,10,52,Caspian_Sea_East_Coast,0.028898,0.05152,0.001747,0.017545,0.008671
519,UZ,UZB,860,Republic of Uzbekistan,Uzbekistan,6,10,58,Amu_Darya,0.157184,0.274138,0.041026,0.093732,0.045852
520,UZ,UZB,860,Republic of Uzbekistan,Uzbekistan,6,10,76,Syr_Darya,0.113842,0.20297,0.023768,0.06912,0.034151
521,YM,YEM,887,Republic of Yemen,Yemen,8,21,93,Red_Sea_East_Coast,0.197501,0.090132,0.018513,0.087606,0.015878
522,YM,YEM,887,Republic of Yemen,Yemen,8,21,94,Arabian_Peninsula,0.028662,0.013082,0.001617,0.012718,0.002301
523,YM,YEM,887,Republic of Yemen,Yemen,8,21,100,Africa_Red_Sea_Gulf_of_Aden_Coast,0,0,0,0,0
524,AM,ARM,51,Republic of Armenia,Armenia,6,10,72,Caspian_Sea_South_West_Coast,0.042309,0.073703,0.005718,0.025476,0.012405
525,AJ,AZE,31,Republic of Azerbaijan,Azerbaijan,6,10,45,Caspian_Sea_Coast,0.001747,0.003115,0.000613,0.001061,0.000524
526,AJ,AZE,31,Republic of Azerbaijan,Azerbaijan,6,10,72,Caspian_Sea_South_West_Coast,0.09472,0.1637,0.028955,0.056872,0.02756
527,BA,BHR,48,Kingdom of Bahrain,Bahrain,8,21,94,Arabian_Peninsula,0,0,0,0,0
528,IR,IRN,364,Islamic Republic of Iran,"Iran, Islamic Republic of",8,21,52,Caspian_Sea_East_Coast,0.136807,0.062458,0.016507,0.060645,0.010989
529,IR,IRN,364,Islamic Republic of Iran,"Iran, Islamic Republic of",8,21,72,Caspian_Sea_South_West_Coast,0.159948,0.076068,0.034715,0.071234,0.013185
530,IR,IRN,364,Islamic Republic of Iran,"Iran, Islamic Republic of",8,21,82,Central_Iran,0.403886,0.184305,0.035838,0.179159,0.03247
531,IR,IRN,364,Islamic Republic of Iran,"Iran, Islamic Republic of",8,21,84,Tigris_Euphrates,0.160975,0.073459,0.028566,0.071407,0.012938
532,IR,IRN,364,Islamic Republic of Iran,"Iran, Islamic Republic of",8,21,88,Persian_Gulf_Coast,0.120573,0.055026,0.029792,0.053484,0.00969
533,IR,IRN,364,Islamic Republic of Iran,"Iran, Islamic Republic of",8,21,90,Farahrud,0.005294,0.002601,0.000231,0.002039,0.000355
534,IR,IRN,364,Islamic Republic of Iran,"Iran, Islamic Republic of",8,21,97,Helmand,0.006135,0.0028,0.00001,0.002722,0.000493
535,IR,IRN,364,Islamic Republic of Iran,"Iran, Islamic Republic of",8,21,102,HamuniMashkel,0.007335,0.003357,0.000069,0.003234,0.000585
536,IR,IRN,364,Islamic Republic of Iran,"Iran, Islamic Republic of",8,21,104,Arabian_Sea_Coast,0.020846,0.009913,0.000357,0.008577,0.001524
537,KU,KWT,414,State of Kuwait,Kuwait,8,21,84,Tigris_Euphrates,0.000836,0.000382,0.000096,0.000371,0.000067
538,KU,KWT,414,State of Kuwait,Kuwait,8,21,94,Arabian_Peninsula,0.016833,0.007682,0.000622,0.007467,0.001354
539,QA,QAT,634,State of Qatar,Qatar,8,21,94,Arabian_Peninsula,0.007226,0.003298,0.000298,0.003206,0.000581
540,SA,SAU,682,Kingdom of Saudi Arabia,Saudi Arabia,8,21,84,Tigris_Euphrates,0.006444,0.002941,0.000166,0.00286,0.000517
541,SA,SAU,682,Kingdom of Saudi Arabia,Saudi Arabia,8,21,93,Red_Sea_East_Coast,0.097031,0.044283,0.003401,0.043043,0.007801
542,SA,SAU,682,Kingdom of Saudi Arabia,Saudi Arabia,8,21,94,Arabian_Peninsula,0.186375,0.085058,0.008958,0.082672,0.014974
543,SA,SAU,682,Kingdom of Saudi Arabia,Saudi Arabia,8,21,98,Sinai_Peninsula,0.000303,0.000138,0,0.000134,0.000024
544,SA,SAU,682,Kingdom of Saudi Arabia,Saudi Arabia,8,21,99,Eastern_Jordan_Syria,0.005626,0.002567,0.000036,0.002497,0.000452
545,AE,ARE,784,United Arab Emirates,United Arab Emirates,8,21,94,Arabian_Peninsula,0.022354,0.0102,0.002502,0.009917,0.001795
546,AF,AFG,4,Islamic Republic of Afghanistan,Afghanistan,11,27,52,Caspian_Sea_East_Coast,0.028539,0.016039,0.006792,0.007615,0.001163
547,AF,AFG,4,Islamic Republic of Afghanistan,Afghanistan,11,27,58,Amu_Darya,0.05911,0.033223,0.016879,0.015776,0.002401
548,AF,AFG,4,Islamic Republic of Afghanistan,Afghanistan,11,27,85,Tarim_Interior,0,0,0,0,0
549,AF,AFG,4,Islamic Republic of Afghanistan,Afghanistan,11,27,89,Indus,0.038742,0.021773,0.022665,0.010344,0.001577
550,AF,AFG,4,Islamic Republic of Afghanistan,Afghanistan,11,27,90,Farahrud,0.012037,0.006701,0.001947,0.003319,0.000515
551,AF,AFG,4,Islamic Republic of Afghanistan,Afghanistan,11,27,97,Helmand,0.060856,0.034203,0.010323,0.016241,0.002467
552,AF,AFG,4,Islamic Republic of Afghanistan,Afghanistan,11,27,102,HamuniMashkel,0.005435,0.003054,0.00021,0.001452,0.000221
553,KG,KGZ,417,Kyrgyz Republic,Kyrgyzstan,6,10,58,Amu_Darya,0.001824,0.003253,0.000059,0.001108,0.000548
554,KG,KGZ,417,Kyrgyz Republic,Kyrgyzstan,6,10,68,Lake_Balkash,0.003807,0.006787,0.001111,0.002314,0.001143
555,KG,KGZ,417,Kyrgyz Republic,Kyrgyzstan,6,10,76,Syr_Darya,0.053097,0.094631,0.012073,0.032235,0.015915
556,KG,KGZ,417,Kyrgyz Republic,Kyrgyzstan,6,10,85,Tarim_Interior,0.005721,0.007954,0.000505,0.003168,0.000701
557,NP,NPL,524,Kingdom of Nepal,Nepal,11,27,89,Indus,0,0,0,0,0
558,NP,NPL,524,Kingdom of Nepal,Nepal,11,27,110,Ganges_Bramaputra,0.220117,0.106849,0.129961,0.046275,0.00707
559,PK,PAK,586,Islamic Republic of Pakistan,Pakistan,11,22,58,Amu_Darya,0,0,0,0,0
560,PK,PAK,586,Islamic Republic of Pakistan,Pakistan,11,22,85,Tarim_Interior,0.001645,0.000925,0,0.00044,0.000067
561,PK,PAK,586,Islamic Republic of Pakistan,Pakistan,11,22,89,Indus,0.859809,0.476075,0.467096,0.224362,0.034138
562,PK,PAK,586,Islamic Republic of Pakistan,Pakistan,11,22,97,Helmand,0.013333,0.007424,0.00103,0.003673,0.000566
563,PK,PAK,586,Islamic Republic of Pakistan,Pakistan,11,22,102,HamuniMashkel,0.055347,0.030637,0.001284,0.015571,0.002422
564,PK,PAK,586,Islamic Republic of Pakistan,Pakistan,11,22,104,Arabian_Sea_Coast,0.127188,0.071481,0.009929,0.033977,0.005167
565,PK,PAK,586,Islamic Republic of Pakistan,Pakistan,11,22,107,Sabarmati,0.130189,0.067628,0.093229,0.030666,0.004677
566,TI,TJK,762,Republic of Tajikistan,Tajikistan,6,10,58,Amu_Darya,0.067124,0.114766,0.012849,0.039389,0.019097
567,TI,TJK,762,Republic of Tajikistan,Tajikistan,6,10,76,Syr_Darya,0.007668,0.013672,0.000795,0.004656,0.0023
568,TI,TJK,762,Republic of Tajikistan,Tajikistan,6,10,85,Tarim_Interior,0,0,0,0,0
569,BG,BGD,50,People's Republic of Bangladesh,Bangladesh,11,27,110,Ganges_Bramaputra,0.829969,0.46022,0.255685,0.217071,0.03303
570,BG,BGD,50,People's Republic of Bangladesh,Bangladesh,11,27,116,Bay_of_Bengal_North_East_Coast,0.094917,0.053344,0.007857,0.025354,0.003857
571,BT,BTN,64,Kingdom of Bhutan,Bhutan,11,27,110,Ganges_Bramaputra,0.040426,0.014952,0.008882,0.005029,0.000781
572,BX,BRN,96,Negara Brunei Darussalam,Brunei Darussalam,11,29,159,North_Borneo_Coast,0.002302,0.001294,0.00024,0.000615,0.000093
573,CH,CHN,156,People's Republic of China,China,7,11,37,Russia_South_East_Coast,0.043188,0.057308,0.005247,0.023544,0.00406
574,CH,CHN,156,People's Republic of China,China,7,11,42,Gobi_Interior,0.461924,0.579395,0.068628,0.247235,0.028222
575,CH,CHN,156,People's Republic of China,China,7,11,43,Amur,0.840403,1.05415,0.115657,0.449856,0.051384
576,CH,CHN,156,People's Republic of China,China,7,11,56,Ob,0.020464,0.025609,0.006242,0.010946,0.001223
577,CH,CHN,156,People's Republic of China,China,7,11,58,Amu_Darya,0,0,0,0,0
578,CH,CHN,156,People's Republic of China,China,7,11,66,Bo_Hai_Korean_Bay_North_Coast,0.654929,0.819537,0.076638,0.350313,0.039166
579,CH,CHN,156,People's Republic of China,China,7,11,68,Lake_Balkash,0.044573,0.055775,0.00855,0.02384,0.002664
580,CH,CHN,156,People's Republic of China,China,7,11,76,Syr_Darya,0,0,0,0,0
581,CH,CHN,156,People's Republic of China,China,7,11,77,Ziya_He_Interior,0.720999,0.902215,0.200362,0.385653,0.043117
582,CH,CHN,156,People's Republic of China,China,7,11,78,China_Coast,0.984766,1.23228,0.204107,0.526743,0.058902
583,CH,CHN,156,People's Republic of China,China,7,11,79,Huang_He,1.02152,1.27825,0.219387,0.546383,0.061084
584,CH,CHN,156,People's Republic of China,China,7,11,85,Tarim_Interior,0.330168,0.413153,0.034872,0.176586,0.019729
585,CH,CHN,156,People's Republic of China,China,7,11,89,Indus,0.031127,0.035505,0.000086,0.01497,0.001683
586,CH,CHN,156,People's Republic of China,China,7,11,92,Plateau_of_Tibet_Interior,0.035222,0.044074,0.000113,0.018839,0.002101
587,TW,TWN,,Republic of China,Taiwan,7,30,103,Taiwan,0.102279,0.127985,0.010957,0.054708,0.006117
588,CH,CHN,156,People's Republic of China,China,7,11,106,Yangtze,1.93919,2.42657,0.917396,1.03722,0.115967
589,CH,CHN,156,People's Republic of China,China,7,11,108,Xun_Jiang,0.582737,0.729201,0.266617,0.3117,0.034855
590,CH,CHN,156,People's Republic of China,China,7,11,109,Hong_(Red_River),0.080237,0.100405,0.039811,0.042919,0.004801
591,CH,CHN,156,People's Republic of China,China,7,11,110,Ganges_Bramaputra,0.198071,0.222828,0.015031,0.094264,0.01068
592,CH,CHN,156,People's Republic of China,China,7,11,112,South_China_Sea_Coast,0.086795,0.108611,0.03094,0.046425,0.00519
593,CH,CHN,156,People's Republic of China,China,7,11,124,Hainan,0.07031,0.087983,0.019279,0.037609,0.004205
594,CH,CHN,156,People's Republic of China,China,7,11,125,Mekong,0.133683,0.16244,0.036249,0.069624,0.007859
595,CH,CHN,156,People's Republic of China,China,7,11,127,Salween,0.075543,0.09284,0.017599,0.039746,0.004467
596,CH,CHN,156,People's Republic of China,China,7,11,137,Irrawaddy,0.009392,0.011648,0.00725,0.004983,0.000558
597,MG,MNG,496,Mongolia,Mongolia,7,10,42,Gobi_Interior,0.009083,0.011411,0.022305,0.00488,0.000565
598,MG,MNG,496,Mongolia,Mongolia,7,10,43,Amur,0.006971,0.008731,0.003924,0.003734,0.000423
599,MG,MNG,496,Mongolia,Mongolia,7,10,48,Yenisey,0.010991,0.013769,0.0102,0.005888,0.000665
600,MG,MNG,496,Mongolia,Mongolia,7,10,56,Ob,0.000568,0.000713,0.000771,0.000305,0.000035
601,PS,PLW,585,Republic of Palau,Palau,11,29,158,Palau_and_East_Indonesia,0,0,0,0,0
602,RP,PHL,608,Republic of the Philippines,Philippines,11,29,119,Philippines,0.464357,0.260963,0.055776,0.124039,0.018869
603,CB,KHM,116,Kingdom of Cambodia,Cambodia,7,29,125,Mekong,0.060162,0.075278,0.031949,0.03218,0.003601
604,CB,KHM,116,Kingdom of Cambodia,Cambodia,7,29,126,Viet_Nam_Coast,0.000967,0.00121,0.001331,0.000517,0.000058
605,CB,KHM,116,Kingdom of Cambodia,Cambodia,7,29,148,Gulf_of_Thailand_Coast,0.011882,0.014868,0.002782,0.006355,0.000711
606,LA,LAO,418,Lao People's Democratic Republic,Lao People's Democratic Repbulic,11,29,109,Hong_(Red_River),0.001632,0.000918,0.001274,0.000436,0.000066
607,LA,LAO,418,Lao People's Democratic Republic,Lao People's Democratic Repbulic,11,29,125,Mekong,0.055497,0.032139,0.024069,0.015191,0.002284
608,LA,LAO,418,Lao People's Democratic Republic,Lao People's Democratic Repbulic,11,29,126,Viet_Nam_Coast,0.007741,0.006716,0.002355,0.002986,0.00038
609,LA,LAO,418,Lao People's Democratic Republic,Lao People's Democratic Repbulic,11,29,146,Chao_Phraya,0,0,0,0,0
610,MY,MYS,458,Malaysia,Malaysia,11,29,139,Peninsula_Malaysia,0.148793,0.083621,0.007673,0.039745,0.006044
611,MY,MYS,458,Malaysia,Malaysia,11,29,159,North_Borneo_Coast,0.046859,0.026331,0.004429,0.012517,0.001901
612,MY,MYS,458,Malaysia,Malaysia,11,29,165,Kalimantan,0.003285,0.001845,0.000278,0.000877,0.000133
613,BM,MMR,104,Union of Myanmar,Myanmar,11,29,110,Ganges_Bramaputra,0.001602,0.000901,0.000439,0.000428,0.000065
614,BM,MMR,104,Union of Myanmar,Myanmar,11,29,116,Bay_of_Bengal_North_East_Coast,0.02005,0.011268,0.012335,0.005359,0.000815
615,BM,MMR,104,Union of Myanmar,Myanmar,11,29,125,Mekong,0.011891,0.006682,0.003693,0.003177,0.000483
616,BM,MMR,104,Union of Myanmar,Myanmar,11,29,127,Salween,0.073591,0.041865,0.026852,0.019858,0.003005
617,BM,MMR,104,Union of Myanmar,Myanmar,11,29,137,Irrawaddy,0.176996,0.099475,0.093423,0.047291,0.007188
618,BM,MMR,104,Union of Myanmar,Myanmar,11,29,138,Sittang,0.061907,0.034793,0.012724,0.016537,0.002516
619,BM,MMR,104,Union of Myanmar,Myanmar,11,29,139,Peninsula_Malaysia,0.030911,0.01737,0.005978,0.008257,0.001255
620,BM,MMR,104,Union of Myanmar,Myanmar,11,29,146,Chao_Phraya,0,0,0,0,0
621,KN,PRK,408,Democratic People's Republic of Korea,"Korea, Democratic People's Republic of",7,29,37,Russia_South_East_Coast,0.005773,0.007224,0.001125,0.003088,0.000345
622,KN,PRK,408,Democratic People's Republic of Korea,"Korea, Democratic People's Republic of",7,29,43,Amur,0,0,0,0,0
623,KN,PRK,408,Democratic People's Republic of Korea,"Korea, Democratic People's Republic of",7,29,65,North_and_South_Korea,0.272301,0.216526,0.008595,0.176942,0.005764
624,KN,PRK,408,Democratic People's Republic of Korea,"Korea, Democratic People's Republic of",7,29,66,Bo_Hai_Korean_Bay_North_Coast,0.020179,0.025248,0.00313,0.010794,0.001205
625,SN,SGP,702,Republic of Singapore,Singapore,11,29,139,Peninsula_Malaysia,0,0,0,0,0
626,KS,KOR,410,Republic of Korea,"Korea, Republic of",13,28,65,North_and_South_Korea,0.695663,0.381268,0.033662,0.495364,0.000154
627,TH,THA,764,Kingdom of Thailand,Thailand,11,29,125,Mekong,0.15947,0.096125,0.041535,0.045122,0.006659
628,TH,THA,764,Kingdom of Thailand,Thailand,11,29,127,Salween,0.008475,0.004763,0.003551,0.002264,0.000344
629,TH,THA,764,Kingdom of Thailand,Thailand,11,29,139,Peninsula_Malaysia,0.07597,0.042695,0.01067,0.020292,0.003089
630,TH,THA,764,Kingdom of Thailand,Thailand,11,29,146,Chao_Phraya,0.118425,0.066556,0.027412,0.031632,0.00481
631,TH,THA,764,Kingdom of Thailand,Thailand,11,29,148,Gulf_of_Thailand_Coast,0.063908,0.035918,0.003072,0.017071,0.002597
632,VM,VNM,704,Socialist Republic of Vietnam,Viet Nam,7,29,108,Xun_Jiang,0.017942,0.022452,0.005275,0.009597,0.001073
633,VM,VNM,704,Socialist Republic of Vietnam,Viet Nam,7,29,109,Hong_(Red_River),0.208626,0.257325,0.04839,0.110137,0.012376
634,VM,VNM,704,Socialist Republic of Vietnam,Viet Nam,7,29,112,South_China_Sea_Coast,0.006717,0.008405,0.001121,0.003593,0.000402
635,VM,VNM,704,Socialist Republic of Vietnam,Viet Nam,7,29,125,Mekong,0.05383,0.067359,0.018454,0.028794,0.003222
636,VM,VNM,704,Socialist Republic of Vietnam,Viet Nam,7,29,126,Viet_Nam_Coast,0.181113,0.21619,0.038064,0.092818,0.01054
637,VM,VNM,704,Socialist Republic of Vietnam,Viet Nam,7,29,148,Gulf_of_Thailand_Coast,0,0,0,0,0
638,GQ,GUM,316,Territory of Guam,Guam,11,29,121,North_Marina_Islands_and_Guam,0,0,0,0,0
639,JA,JPN,392,Japan,Japan,4,19,51,Japan,1.9405,1.38431,0.051863,1.0751,0.0001
640,RM,MHL,584,Republic of the Marshall Islands,Marshall Islands,11,29,150,Kiribati_Nauru,0,0,0,0,0
641,FM,FSM,583,Federated States of Micronesia,"Micronesia, Federated States of",11,29,150,Micronesia,0,0,0,0,0
642,CQ,MNP,580,Commonwealth of the Northern Mariana Isl,Northern Mariana Islands,11,29,121,North_Marina_Islands_and_Guam,0,0,0,0,0
643,WQ, ,581,Wake Island,United States Minor Outlying Islands,0,1,150,Kiribati_Nauru,0,0,0,0,0
644,BC,BWA,72,Republic of Botswana,Botswana,9,4,188,Zambezi,0.00004,0.000031,0.000575,0.000012,0.00001
645,BC,BWA,72,Republic of Botswana,Botswana,9,4,194,Orange,0.001188,0.000913,0.002114,0.000361,0.000308
646,BC,BWA,72,Republic of Botswana,Botswana,9,4,197,Africa_South_Interior,0.002684,0.002057,0.008095,0.000813,0.000691
647,BC,BWA,72,Republic of Botswana,Botswana,9,4,199,Limpopo,0.005221,0.004017,0.008561,0.001584,0.00135
648,BY,BDI,108,Republic of Burundi,Burundi,9,2,87,Nile,0.01217,0.009363,0.002361,0.003692,0.003152
649,BY,BDI,108,Republic of Burundi,Burundi,9,2,183,Congo,0.018402,0.014158,0.001979,0.005585,0.004765
650,KE,KEN,404,Republic of Kenya,Kenya,9,2,87,Nile,0.028979,0.022297,0.046788,0.008796,0.007505
651,KE,KEN,404,Republic of Kenya,Kenya,9,2,170,Shebelli_Juba,0.015411,0.011855,0.01989,0.004668,0.003994
652,KE,KEN,404,Republic of Kenya,Kenya,9,2,171,Africa_East_Central_Coast,0.055895,0.043005,0.042189,0.016956,0.014476
653,KE,KEN,404,Republic of Kenya,Kenya,9,2,179,Rift_Valley,0.025566,0.019671,0.028077,0.007757,0.006622
654,RW,RWA,646,Republic of Rwanda,Rwanda,9,2,87,Nile,0.023175,0.017831,0.009618,0.007034,0.006003
655,RW,RWA,646,Republic of Rwanda,Rwanda,9,2,183,Congo,0.005272,0.004056,0.000966,0.0016,0.001365
656,TZ,TZA,834,United Republic of Tanzania,Tanzania,9,4,87,Nile,0.012962,0.009979,0.053703,0.003933,0.003351
657,TZ,TZA,834,United Republic of Tanzania,Tanzania,9,4,171,Africa_East_Central_Coast,0.073994,0.056946,0.051518,0.022459,0.019142
658,TZ,TZA,834,United Republic of Tanzania,Tanzania,9,4,179,Rift_Valley,0.020168,0.015524,0.044402,0.006121,0.005216
659,TZ,TZA,834,United Republic of Tanzania,Tanzania,9,4,183,Congo,0.015794,0.012158,0.019489,0.004791,0.004083
660,TZ,TZA,834,United Republic of Tanzania,Tanzania,9,4,188,Zambezi,0.006275,0.004827,0.001683,0.001905,0.001625
661,ZA,ZMB,894,Republic of Zambia,Zambia,9,4,179,Rift_Valley,0.000081,0.000063,0.000052,0.000025,0.000021
662,ZA,ZMB,894,Republic of Zambia,Zambia,9,4,183,Congo,0.009775,0.007532,0.001327,0.002966,0.002525
663,ZA,ZMB,894,Republic of Zambia,Zambia,9,4,188,Zambezi,0.028252,0.02176,0.024037,0.008562,0.007312
664,ZI,ZWE,716,Republic of Zimbabwe,Zimbabwe,9,4,188,Zambezi,0.030993,0.023843,0.025339,0.009407,0.008024
665,ZI,ZWE,716,Republic of Zimbabwe,Zimbabwe,9,4,190,Africa_Indian_Ocean_Coast,0.016261,0.012509,0.017565,0.004936,0.004213
666,ZI,ZWE,716,Republic of Zimbabwe,Zimbabwe,9,4,197,Africa_South_Interior,0.000441,0.000339,0.000788,0.000134,0.000114
667,ZI,ZWE,716,Republic of Zimbabwe,Zimbabwe,9,4,199,Limpopo,0.007796,0.005999,0.007429,0.002366,0.002017
668,BV,BVT,74,Bouvet Island,Bouvet Island,0,16,216,Antarctica,0,0,0,0,0
669,CN,COM,174,Union of the Comoros,Comoros,9,2,177,Madasgacar,0,0,0,0,0
670,FS,ATF,260,Territory of the French Southern and Ant,French Southern Territories,0,13,216,Antarctica,0,0,0,0,0
671,HM,HMD,334,Territory of Heard Island and McDonald I,Heard Island and McDonald Islands,0,0,216,Antarctica,0,0,0,0,0
672,JU, ,0,Juan De Nova Island,Miscellaneous (French) Indian Ocean Islands,0,2,216,Antarctica,0,0,0,0,0
673,MI,MWI,454,Republic of Malawi,Malawi,9,4,171,Africa_East_Central_Coast,0.007141,0.005493,0.000813,0.002167,0.00185
674,MI,MWI,454,Republic of Malawi,Malawi,9,4,183,Congo,0,0,0,0,0
675,MI,MWI,454,Republic of Malawi,Malawi,9,4,188,Zambezi,0.036216,0.027866,0.007599,0.010987,0.009379
676,MZ,MOZ,508,Republic of Mozambique,Mozambique,9,4,171,Africa_East_Central_Coast,0.030728,0.023635,0.001331,0.009321,0.007943
677,MZ,MOZ,508,Republic of Mozambique,Mozambique,9,4,188,Zambezi,0.013229,0.010176,0.004203,0.004013,0.003418
678,MZ,MOZ,508,Republic of Mozambique,Mozambique,9,4,190,Africa_Indian_Ocean_Coast,0.017021,0.013094,0.003279,0.005165,0.004405
679,MZ,MOZ,508,Republic of Mozambique,Mozambique,9,4,198,South_Africa_South_Coast,0.015467,0.011898,0.001758,0.004695,0.004006
680,MZ,MOZ,508,Republic of Mozambique,Mozambique,9,4,199,Limpopo,0.006078,0.004678,0.002382,0.001843,0.001571
681,AO,AGO,24,Republic of Angola,Angola,9,4,162,Gulf_of_Guinea,0.000314,0.000241,0.000017,0.000095,0.000082
682,AO,AGO,24,Republic of Angola,Angola,9,4,182,Angola_Coast,0.024053,0.018478,0.023746,0.00729,0.006247
683,AO,AGO,24,Republic of Angola,Angola,9,4,183,Congo,0.008882,0.006825,0.001041,0.002693,0.002311
684,AO,AGO,24,Republic of Angola,Angola,9,4,188,Zambezi,0.004965,0.003809,0.000766,0.001505,0.001291
685,AO,AGO,24,Republic of Angola,Angola,9,4,197,Africa_South_Interior,0.004135,0.003177,0.009159,0.001253,0.001076
686,CF,COG,178,Republic of the Congo,Congo,9,5,162,Gulf_of_Guinea,0.002103,0.00162,0.000632,0.000642,0.000545
687,CF,COG,178,Republic of the Congo,Congo,9,5,183,Congo,0.028432,0.021885,0.000727,0.008637,0.007363
688,CG,COD,180,Democratic Republic of the Congo,"Congo, The Democratic Republic of the",9,5,87,Nile,0.003446,0.002653,0.000499,0.001045,0.000894
689,CG,COD,180,Democratic Republic of the Congo,"Congo, The Democratic Republic of the",9,5,162,Gulf_of_Guinea,0.00158,0.001217,0.00013,0.000479,0.00041
690,CG,COD,180,Democratic Republic of the Congo,"Congo, The Democratic Republic of the",9,5,183,Congo,0.252633,0.194473,0.013419,0.076627,0.065414
691,CG,COD,180,Democratic Republic of the Congo,"Congo, The Democratic Republic of the",9,5,188,Zambezi,0,0,0,0,0
692,GB,GAB,266,Gabonese Republic,Gabon,9,5,162,Gulf_of_Guinea,0.005044,0.003885,0.000866,0.001535,0.001311
693,GB,GAB,266,Gabonese Republic,Gabon,9,5,183,Congo,0,0,0,0,0
694,LT,LSO,426,Kingdom of Lesotho,Lesotho,9,4,194,Orange,0.007603,0.005848,0.00758,0.002307,0.001968
695,LT,LSO,426,Kingdom of Lesotho,Lesotho,9,4,198,South_Africa_South_Coast,0,0,0,0,0
696,WA,NAM,516,Republic of Namibia,Namibia,9,4,182,Angola_Coast,0.000028,0.000021,0.000377,0.000008,0.000007
697,WA,NAM,516,Republic of Namibia,Namibia,9,4,188,Zambezi,0.000094,0.000072,0.001194,0.000028,0.000024
698,WA,NAM,516,Republic of Namibia,Namibia,9,4,194,Orange,0.004549,0.003488,0.00539,0.00137,0.001166
699,WA,NAM,516,Republic of Namibia,Namibia,9,4,196,Namibia_Coast,0.003398,0.002611,0.00311,0.001028,0.000874
700,WA,NAM,516,Republic of Namibia,Namibia,9,4,197,Africa_South_Interior,0.001227,0.00094,0.021989,0.000369,0.000316
701,NZ,NZL,554,New Zealand,New Zealand,5,6,201,New_Zealand,0.056307,0.138713,0.08499,0.043658,0.010567
702,NZ,NZL,554,New Zealand,New Zealand,5,6,216,Antarctica,0,0,0,0,0
703,SF,ZAF,710,Republic of South Africa,South Africa,9,24,194,Orange,0.056798,0.043716,0.057331,0.017244,0.014724
704,SF,ZAF,710,Republic of South Africa,South Africa,9,24,196,Namibia_Coast,0,0,0,0,0
705,SF,ZAF,710,Republic of South Africa,South Africa,9,24,198,South_Africa_South_Coast,0.038847,0.029893,0.061752,0.011788,0.01006
706,SF,ZAF,710,Republic of South Africa,South Africa,9,24,199,Limpopo,0.084952,0.065363,0.023148,0.025779,0.022003
707,SF,ZAF,710,Republic of South Africa,South Africa,9,24,204,South_Africa_West_Coast,0.017086,0.013151,0.00243,0.005188,0.004428
708,WZ,SWZ,748,Kingdom of Swaziland,Swaziland,9,4,198,South_Africa_South_Coast,0.003256,0.002506,0.005364,0.000988,0.000842
709,IO,IOT,86,British Indian Ocean Territory,British Indian Ocean Territory,0,13,129,India_West_Coast,0,0,0,0,0
710,GO, ,0,Glorioso Islands,Miscellaneous (French) Indian Ocean Islands,0,13,177,Mauritius,0,0,0,0,0
711,MA,MDG,450,Republic of Madagascar,Madagascar,9,2,177,Madasgacar,0.070435,0.054181,0.08412,0.021387,0.018222
712,MP,MUS,480,Republic of Mauritius,Mauritius,9,2,177,Mauritius,0,0,0,0,0
713,MF,MYT,175,Territorial Collectivity of Mayotte,Mayotte,9,29,177,Madasgacar,0,0,0,0,0
714,RE,REU,638,Department of Reunion,Reunion,9,2,41,France_West_Coast,0,0,0,0,0
715,SE,SYC,690,Republic of Seychelles,Seychelles,9,29,177,Madasgacar,0,0,0,0,0
716,AS,AUS,36,Commonwealth of Australia,Australia,5,6,184,Australia_North_Coast,0.008967,0.022141,0.030433,0.006914,0.001673
717,AS,AUS,36,Commonwealth of Australia,Australia,5,6,189,Australia_East_Coast,0.204005,0.50256,0.12726,0.158176,0.038287
718,AS,AUS,36,Commonwealth of Australia,Australia,5,6,191,Australia_West_Coast,0.034532,0.085099,0.020949,0.026756,0.006484
719,AS,AUS,36,Commonwealth of Australia,Australia,5,6,193,Australia_Interior,0.015985,0.039446,0.037802,0.012315,0.002978
720,AS,AUS,36,Commonwealth of Australia,Australia,5,6,202,Australia_South_Coast,0.027285,0.067229,0.011606,0.021149,0.00512
721,AS,AUS,36,Commonwealth of Australia,Australia,5,6,208,Murray_Darling,0.035762,0.088149,0.109765,0.027712,0.00672
722,AS,AUS,36,Commonwealth of Australia,Australia,5,6,211,Tasmania,0.006736,0.016593,0.00549,0.005222,0.001266
723,KT,CXR,162,Territory of Christmas Island,Christmas Island,5,29,191,Australia_West_Coast,0,0,0,0,0
724,CK,CCK,166,Territory of Cocos (Keeling) Islands,Cocos (Keeling) Islands,5,29,191,Australia_West_Coast,0,0,0,0,0
725,ID,IDN,360,Republic of Indonesia,Indonesia,11,18,158,Palau_and_East_Indonesia,0.021921,0.012321,0.001798,0.005856,0.000889
726,ID,IDN,360,Republic of Indonesia,Indonesia,11,18,159,North_Borneo_Coast,0.00121,0.00068,0.00009,0.000323,0.000049
727,ID,IDN,360,Republic of Indonesia,Indonesia,11,18,163,Sumatra,0.262131,0.147311,0.027985,0.070015,0.010653
728,ID,IDN,360,Republic of Indonesia,Indonesia,11,18,164,Sulawesi,0.101685,0.05715,0.039418,0.027163,0.004131
729,ID,IDN,360,Republic of Indonesia,Indonesia,11,18,165,Kalimantan,0.195536,0.109878,0.012243,0.052231,0.007947
730,ID,IDN,360,Republic of Indonesia,Indonesia,11,18,167,Irian_Jaya_Coast,0.208449,0.117147,0.007875,0.055679,0.008473
731,ID,IDN,360,Republic of Indonesia,Indonesia,11,18,175,Java_Timor,0.261799,0.147133,0.036993,0.069928,0.010634
732,ID,IDN,360,Republic of Indonesia,Indonesia,11,18,178,Sepik,0,0,0,0,0
733,ID,IDN,360,Republic of Indonesia,Indonesia,11,18,181,Fly,0.000395,0.000222,0.00003,0.000106,0.000016
734,TT,TLS,626,Democratic Republic of Timor-Leste,Timor-Leste,11,29,175,Java_Timor,0.012,0.006743,0.003072,0.003206,0.000488
735,FJ,FJI,242,Republic of the Fiji Islands,Fiji,11,29,185,South_Pacific_Islands,0.005269,0.002961,0,0.001408,0.000214
736,NR,NRU,520,Republic of Nauru,Nauru,11,29,150,Kiribati_Nauru,0,0,0,0,0
737,NC,NCL,540,Territory of New Caledonia and Dependenc,New Caledonia,11,29,185,South_Pacific_Islands,0,0,0.000534,0,0
738,NF,NFK,574,Territory of Norfolk Island,Norfolk Island,5,29,189,Australia_East_Coast,0,0,0,0,0
739,PP,PNG,598,Independent State of Papua New Guinea,Papua New Guinea,11,29,167,Irian_Jaya_Coast,0.001256,0.000706,0.00011,0.000336,0.000052
740,PP,PNG,598,Independent State of Papua New Guinea,Papua New Guinea,11,29,173,Papua_New_Guinea_Coast,0.018933,0.010641,0.002328,0.005057,0.000769
741,PP,PNG,598,Independent State of Papua New Guinea,Papua New Guinea,11,29,178,Sepik,0.005092,0.002861,0.000535,0.001361,0.000209
742,PP,PNG,598,Independent State of Papua New Guinea,Papua New Guinea,11,29,181,Fly,0.001911,0.001072,0.000306,0.000509,0.000076
743,PP,PNG,598,Independent State of Papua New Guinea,Papua New Guinea,11,29,185,South_Pacific_Islands,0,0,0,0,0
744,BP,SLB,90,Solomon Islands,Solomon Islands,11,29,176,Solomon_Islands,0.000419,0.000236,0.000094,0.000112,0.000017
745,BP,SLB,90,Solomon Islands,Solomon Islands,11,29,185,South_Pacific_Islands,0,0,0,0,0
746,TV,TUV,798,Tuvalu,Tuvalu,11,29,176,Tuvalu,0,0,0,0,0
747,NH,VUT,548,Republic of Vanuatu,Vanuatu,11,29,185,South_Pacific_Islands,0,0,0,0,0
748,RB,SRB,688,Republic of Serbia,Serbia,12,15,54,Danube,0.108619,0.146937,0.014646,0.047268,0.003175
749,RB,SRB,688,Republic of Serbia,Serbia,12,15,55,Adriatic_Sea_Greece_Black_Sea_Coast,0.004418,0.005976,0.001354,0.001923,0.000129
750,MJ,MNE,499,Republic of Montenegro,Montenegro,12,15,54,Danube,0.005113,0.006915,0.000812,0.002225,0.000149
751,MJ,MNE,499,Republic of Montenegro,Montenegro,12,15,55,Adriatic_Sea_Greece_Black_Sea_Coast,0,0,0.000393,0,0
752,NL,NLD,528,Kingdom of the Netherlands,Netherlands,3,13,28,Ems_Weser,0,0,0,0,0
753,NL,NLD,528,Kingdom of the Netherlands,Netherlands,3,13,32,Rhine,0.219748,0.385117,0.045317,0.106876,0.014921
754,NL,NLD,528,Kingdom of the Netherlands,Netherlands,3,13,36,Scheldt,0.026543,0.046518,0.001546,0.012909,0.001802
755,CA,CAN,124,Canada,Canada,2,8,23,Saskatchewan_Nelson,0,0,0,0,0
756,CA,CAN,124,Canada,Canada,2,8,223,Missouri_River_Basin,0,0,0,0,0
757,MX,MEX,484,United Mexican States,Mexico,10,20,217,California_River_Basin,0,0,0,0,0
758,MX,MEX,484,United Mexican States,Mexico,10,20,221,Lower_Colorado_River_Basin,0,0,0,0,0
759,US,USA,840,United States of America,United States,1,1,23,Saskatchewan_Nelson,0,0,0,0,0
760,US,USA,840,United States of America,United States,1,1,218,Upper_Mississippi_Basin,0,0,0,0,0
761,US,USA,840,United States of America,United States,1,1,23,Saskatchewan_Nelson,0,0,0,0,0
762,US,USA,840,United States of America,United States,1,1,223,Missouri_River_Basin,0,0,0,0,0
763,US,USA,840,United States of America,United States,1,1,96,Mexico_Northwest_Coast,0,0,0,0,0
764,US,USA,840,United States of America,United States,1,1,221,Lower_Colorado_River_Basin,0,0,0,0,0
765,US,USA,840,United States of America,United States,1,1,217,California_River_Basin,0,0,0,0,0
766,US,USA,840,United States of America,United States,1,1,221,Lower_Colorado_River_Basin,0,0,0,0,0
767,US,USA,840,United States of America,United States,1,1,218,Upper_Mississippi_Basin,0,0,0,0,0
768,US,USA,840,United States of America,United States,1,1,227,Great_Lakes_Basin,0,0,0,0,0
769,US,USA,840,United States of America,United States,1,1,220,Upper_Colorado_River_Basin,0,0,0,0,0
770,US,USA,840,United States of America,United States,1,1,222,Great_Basin,0,0,0,0,0
771,US,USA,840,United States of America,United States,1,1,220,Upper_Colorado_River_Basin,0,0,0,0,0
772,US,USA,840,United States of America,United States,1,1,223,Missouri_River_Basin,0,0,0,0,0
773,US,USA,840,United States of America,United States,1,1,220,Upper_Colorado_River_Basin,0,0,0,0,0
774,US,USA,840,United States of America,United States,1,1,229,Pacific_Northwest_Basin,0,0,0,0,0
775,US,USA,840,United States of America,United States,1,1,220,Upper_Colorado_River_Basin,0,0,0,0,0
776,US,USA,840,United States of America,United States,1,1,231,Rio_Grande_River_Basin,0,0,0,0,0
777,US,USA,840,United States of America,United States,1,1,221,Lower_Colorado_River_Basin,0,0,0,0,0
778,US,USA,840,United States of America,United States,1,1,222,Great_Basin,0,0,0,0,0
779,US,USA,840,United States of America,United States,1,1,221,Lower_Colorado_River_Basin,0,0,0,0,0
780,US,USA,840,United States of America,United States,1,1,231,Rio_Grande_River_Basin,0,0,0,0,0
781,US,USA,840,United States of America,United States,1,1,223,Missouri_River_Basin,0,0,0,0,0
782,US,USA,840,United States of America,United States,1,1,229,Pacific_Northwest_Basin,0,0,0,0,0
783,US,USA,840,United States of America,United States,1,1,224,Arkansas_White_Red_Basin,0,0,0,0,0
784,US,USA,840,United States of America,United States,1,1,231,Rio_Grande_River_Basin,0,0,0,0,0
785,US,USA,840,United States of America,United States,1,1,226,South_Atlantic_Gulf_Basin,0,0,0,0,0
786,US,USA,840,United States of America,United States,1,1,228,Ohio_River_Basin,0,0,0,0,0
787,US,USA,840,United States of America,United States,1,1,227,Great_Lakes_Basin,0,0,0,0,0
788,US,USA,840,United States of America,United States,1,1,228,Ohio_River_Basin,0,0,0,0,0
789,US,USA,840,United States of America,United States,1,1,228,Ohio_River_Basin,0,0,0,0,0
790,US,USA,840,United States of America,United States,1,1,233,Mid_Atlantic_Basin,0,0,0,0,0
