# File: EPA_MACC_baselines_MtCO2e.csv
# Title: EPA MACC curves - baseline by sector/region/country
# Units: MtCO2e
# Source: EPA report - Global Mitigation of Non-CO2 Greenhouse Gases: 2010-2030
#         https://www.epa.gov/sites/production/files/2016-09/mac_report_2013-data_annex.zip
# Description: Cumulative Reductions (MtCO2e) as a function of Breakeven price by Sector/Region/Country
# Column types: cccnnnnn 
# ----------
Sector,Process,EPA_region,2010,2015,2020,2025,2030
Industrial Processes,Aerosols Product Use,Australia,0.618491038,1.016297552,1.095323275,1.181363981,1.270266472
Industrial Processes,Aerosols Product Use,Brazil,0.335763911,0.67986583,0.779950582,0.894771255,1.022509203
Industrial Processes,Aerosols Product Use,Canada,0.201359934,0.396110694,0.427762683,0.461945019,0.496921682
Industrial Processes,Aerosols Product Use,China,9.444468243,23.02574566,31.16814168,42.1901217,56.88822644
Industrial Processes,Aerosols Product Use,India,2.376288526,5.680375028,7.575594961,9.925473879,12.95376516
Industrial Processes,Aerosols Product Use,Indonesia,0.443789248,0.934240434,1.118681851,1.326552288,1.557398598
Industrial Processes,Aerosols Product Use,Mexico,1.908962482,3.741088257,4.230278026,4.783446645,5.387945837
Industrial Processes,Aerosols Product Use,Russia,2.641371166,3.948617522,4.598953723,5.363687925,6.239659465
Industrial Processes,Aerosols Product Use,Turkey,0.051701589,0.106772416,0.125771775,0.14747427,0.17187043
Industrial Processes,Aerosols Product Use,United States,8.8816458,11.9167978,13.0205632,14.228716,15.551267
Industrial Processes,Aerosols Product Use,Rest of Regions,0,0,0,0,0
Industrial Processes,Aerosols Product Use,Africa,3.037810873,6.344230817,7.56184436,8.926504097,10.36408354
Industrial Processes,Aerosols Product Use,Central & South America,0.977348363,1.957783693,2.252361589,2.583311649,2.949776426
Industrial Processes,Aerosols Product Use,Middle East,1.804416008,3.725144656,4.387884726,5.144901727,5.995861663
Industrial Processes,Aerosols Product Use,Europe,9.491137653,14.5005465,14.99072653,15.42123688,15.80226749
Industrial Processes,Aerosols Product Use,Eurasia,0.353427399,0.52834287,0.615360793,0.717685685,0.834894636
Industrial Processes,Aerosols Product Use,Asia,2.891541058,5.708025962,6.498739806,7.38228377,8.347595992
Industrial Processes,Aerosols Product Use,North America,0,0,0,0,0
Industrial Processes,Aerosols Product Use,World Total ,45.45952329,84.20998568,100.4479396,120.6794768,145.83431
Industrial Processes,Primary Aluminum Production,Australia,0.781947174,0.841067936,0.903364843,0.973848075,1.053593382
Industrial Processes,Primary Aluminum Production,Brazil,0.46125731,0.501152848,0.537900732,0.579477589,0.626517987
Industrial Processes,Primary Aluminum Production,Canada,1.701690832,1.81789155,1.953463464,2.106850641,2.280394153
Industrial Processes,Primary Aluminum Production,China,11.09124047,12.64643787,14.30828367,16.18850965,18.31581278
Industrial Processes,Primary Aluminum Production,India,0.756620172,0.837503762,0.9022756,0.970475904,1.047638289
Industrial Processes,Primary Aluminum Production,Indonesia,0.131495368,0.140908026,0.151384123,0.163236866,0.176647156
Industrial Processes,Primary Aluminum Production,Mexico,0,0,0,0,0
Industrial Processes,Primary Aluminum Production,Russia,2.499137456,2.752943015,2.952046661,3.177314161,3.43218366
Industrial Processes,Primary Aluminum Production,Turkey,0.244664757,0.25659341,0.276085593,0.29813921,0.323090852
Industrial Processes,Primary Aluminum Production,United States,3.736559372,3.691696961,3.647421192,3.647421192,3.647421192
Industrial Processes,Primary Aluminum Production,Rest of Regions,0,0,0,0,0
Industrial Processes,Primary Aluminum Production,Africa,1.157947476,1.236982673,1.2974226,1.3634796,1.437508159
Industrial Processes,Primary Aluminum Production,Central & South America,0.309033587,0.342069643,0.37825657,0.419123365,0.465360394
Industrial Processes,Primary Aluminum Production,Middle East,1.194250786,1.772478255,1.913562554,1.956134662,2.004301094
Industrial Processes,Primary Aluminum Production,Europe,1.580292885,1.677568324,1.814848128,1.965750197,2.112312305
Industrial Processes,Primary Aluminum Production,Eurasia,0.298323196,0.329060926,0.366719137,0.396571774,0.429447999
Industrial Processes,Primary Aluminum Production,Asia,0.036333492,0.038780097,0.042140637,0.045942779,0.050244554
Industrial Processes,Primary Aluminum Production,North America,0,0,0,0,0
Industrial Processes,Primary Aluminum Production,World Total ,25.98079433,28.88313529,31.4451755,34.25227567,37.40247395
Industrial Processes,Coal Mining Activities,Australia,27.23779492,29.57079663,31.08724774,33.65354962,36.62812679
Industrial Processes,Coal Mining Activities,Brazil,1.149690272,1.460106646,1.759026117,1.793516825,2.092436296
Industrial Processes,Coal Mining Activities,Canada,0.943345844,0.978478376,0.985205882,1.01660091,1.092098478
Industrial Processes,Coal Mining Activities,China,295.512172,321.156024,354.0579694,396.6821405,435.656982
Industrial Processes,Coal Mining Activities,India,18.88117477,20.6818706,23.04795642,25.8226434,28.35977156
Industrial Processes,Coal Mining Activities,Indonesia,4.036025533,4.420940902,4.926713603,5.519828578,6.062163162
Industrial Processes,Coal Mining Activities,Mexico,2.352512864,1.836043644,1.598783054,1.649730618,1.772247377
Industrial Processes,Coal Mining Activities,Russia,48.82162026,50.97006789,50.59964589,50.22922388,51.3404899
Industrial Processes,Coal Mining Activities,Turkey,1.901700842,1.824202061,1.803337005,1.764587615,1.752664725
Industrial Processes,Coal Mining Activities,United States,67.46657663,69.97919874,70.46033914,72.70566103,78.10512556
Industrial Processes,Coal Mining Activities,Rest of Regions,0,0,0,0,0
Industrial Processes,Coal Mining Activities,Africa,9.983909532,10.55956226,10.65409935,11.58342889,12.47956809
Industrial Processes,Coal Mining Activities,Central & South America,7.665101595,9.734679026,11.72760544,11.95755849,13.9504849
Industrial Processes,Coal Mining Activities,Middle East,0.123632457,0.247264913,0.37089737,0.247264913,0.247264913
Industrial Processes,Coal Mining Activities,Europe,28.20181362,27.65233201,27.366859,26.88271706,26.9113489
Industrial Processes,Coal Mining Activities,Eurasia,52.17273219,54.46864908,54.07280134,53.6769536,54.86449682
Industrial Processes,Coal Mining Activities,Asia,22.10489448,24.20094051,26.88431616,30.06709785,33.00608154
Industrial Processes,Coal Mining Activities,North America,0,0,0,0,0
Industrial Processes,Coal Mining Activities,World Total ,588.5546978,629.7411572,671.4028029,725.2525038,784.321351
Industrial Processes,Electric Power Systems,Australia,0.162138205,0.162138205,0.162138205,0.162138205,0.162138205
Industrial Processes,Electric Power Systems,Brazil,1.633975334,1.90301674,2.188688252,2.511839844,2.774567385
Industrial Processes,Electric Power Systems,Canada,0.167897152,0.167897152,0.167897152,0.167897152,0.167897152
Industrial Processes,Electric Power Systems,China,12.81852867,15.55075858,18.91872764,22.68863091,26.33623896
Industrial Processes,Electric Power Systems,India,2.203823626,2.704969819,3.220402406,3.686981591,4.229601755
Industrial Processes,Electric Power Systems,Indonesia,0.427497487,0.522304223,0.62734775,0.747102534,0.888815973
Industrial Processes,Electric Power Systems,Mexico,0.748549835,0.886613641,1.018020559,1.154994371,1.307069936
Industrial Processes,Electric Power Systems,Russia,0.092777812,0.092777812,0.092777812,0.092777812,0.092777812
Industrial Processes,Electric Power Systems,Turkey,0.725365,0.725365,0.725365,0.725365,0.725365
Industrial Processes,Electric Power Systems,United States,12.09268359,12.0984249,11.10518771,10.7786194,10.28527531
Industrial Processes,Electric Power Systems,Rest of Regions,0,0,0,0,0
Industrial Processes,Electric Power Systems,Africa,1.729506336,1.987921176,2.254688036,2.529235044,2.7979247
Industrial Processes,Electric Power Systems,Central & South America,1.355408262,1.438233263,1.535904951,1.633364582,1.728854944
Industrial Processes,Electric Power Systems,Middle East,2.01972309,2.243680401,2.492044882,2.778209625,3.116203903
Industrial Processes,Electric Power Systems,Europe,2.923514064,2.578571483,2.343644253,1.762213829,1.415242772
Industrial Processes,Electric Power Systems,Eurasia,1.013620666,1.013620666,1.013620666,1.013620666,1.013620666
Industrial Processes,Electric Power Systems,Asia,4.133249956,4.731204629,5.335867528,5.998645895,6.755251242
Industrial Processes,Electric Power Systems,North America,0,0,0,0,0
Industrial Processes,Electric Power Systems,World Total ,44.24825909,48.80749768,53.2023228,58.43163646,63.79684571
Industrial Processes,Fire Protection,Australia,2.855631946,4.015951789,4.765591136,5.39457241,6.037880751
Industrial Processes,Fire Protection,Brazil,0.453674767,0.687484653,0.901211175,1.073230566,1.235042609
Industrial Processes,Fire Protection,Canada,0.055244336,0.078029596,0.099560491,0.118694312,0.134542552
Industrial Processes,Fire Protection,China,2.243080183,3.24371492,4.010255566,4.602646202,5.160031459
Industrial Processes,Fire Protection,India,0.03294206,0.048545584,0.061167229,0.070373085,0.079010845
Industrial Processes,Fire Protection,Indonesia,0.054024979,0.079614757,0.100314255,0.115411859,0.129577785
Industrial Processes,Fire Protection,Mexico,1.097671632,1.663377503,2.180491428,2.596694442,2.988200653
Industrial Processes,Fire Protection,Russia,0.563085122,1.102702938,1.782134849,2.414658194,2.886869363
Industrial Processes,Fire Protection,Turkey,0.021672408,0.031937884,0.040241598,0.046298082,0.051980819
Industrial Processes,Fire Protection,United States,0.827882,1.147428,1.523263,1.888184,2.168792
Industrial Processes,Fire Protection,Rest of Regions,0,0,0,0,0
Industrial Processes,Fire Protection,Africa,1.271355475,1.873552926,2.360668701,2.715956606,3.049319583
Industrial Processes,Fire Protection,Central & South America,1.186210876,1.7975464,2.356369705,2.806142323,3.229226161
Industrial Processes,Fire Protection,Middle East,1.78329516,2.62798087,3.311244694,3.809597213,4.27719624
Industrial Processes,Fire Protection,Europe,5.565150525,9.132958714,13.03968097,16.33426393,18.34046387
Industrial Processes,Fire Protection,Eurasia,0.187163924,0.366316985,0.591798824,0.801687022,0.958380643
Industrial Processes,Fire Protection,Asia,2.962959518,4.602763079,6.121495499,7.423693422,8.536188217
Industrial Processes,Fire Protection,North America,0,0,0,0,0
Industrial Processes,Fire Protection,World Total ,21.16104491,32.4999066,43.24548912,52.21210367,59.26270354
Industrial Processes,Foams,Australia,0.14678837,0.205898987,0.429782693,0.719855916,0.946811937
Industrial Processes,Foams,Brazil,0,0,0,0,0
Industrial Processes,Foams,Canada,0.468708109,0.691108485,1.290280839,1.787359233,2.357950613
Industrial Processes,Foams,China,0.019493914,0.023729975,0.028869462,0.035133212,0.042742062
Industrial Processes,Foams,India,0,0,0,0,0
Industrial Processes,Foams,Indonesia,0,0,0,0,0
Industrial Processes,Foams,Mexico,0,0,0,0,0
Industrial Processes,Foams,Russia,0.107515131,0.136327435,0.166258505,0.202448186,0.246209811
Industrial Processes,Foams,Turkey,0,0,0,0,0
Industrial Processes,Foams,United States,6.11178458,8.73786331,16.44946659,22.96800449,30.50761227
Industrial Processes,Foams,Rest of Regions,0,0,0,0,0
Industrial Processes,Foams,Africa,0,0,0,0,0
Industrial Processes,Foams,Central & South America,0,0,0,0,0
Industrial Processes,Foams,Middle East,0,0,0,0,0
Industrial Processes,Foams,Europe,7.213437472,9.742237647,18.26706463,24.29844163,31.84471934
Industrial Processes,Foams,Eurasia,0.036976481,0.056886438,0.114831195,0.177075933,0.260822908
Industrial Processes,Foams,Asia,7.606830424,10.02471163,15.02903129,19.777944,25.63003744
Industrial Processes,Foams,North America,0,0,0,0,0
Industrial Processes,Foams,World Total ,21.71153448,29.6187639,51.7755852,69.9662626,91.83690638
Industrial Processes,Flat Panel Display Manufacturing,Australia,0,0,0,0,0
Industrial Processes,Flat Panel Display Manufacturing,Brazil,0,0,0,0,0
Industrial Processes,Flat Panel Display Manufacturing,Canada,0,0,0,0,0
Industrial Processes,Flat Panel Display Manufacturing,China,1.910451827,3.765055292,5.662098563,5.804509248,5.926745087
Industrial Processes,Flat Panel Display Manufacturing,India,0,0,0,0,0
Industrial Processes,Flat Panel Display Manufacturing,Indonesia,0,0,0,0,0
Industrial Processes,Flat Panel Display Manufacturing,Mexico,0,0,0,0,0
Industrial Processes,Flat Panel Display Manufacturing,Russia,0,0,0,0,0
Industrial Processes,Flat Panel Display Manufacturing,Turkey,0,0,0,0,0
Industrial Processes,Flat Panel Display Manufacturing,United States,0,0,0,0,0
Industrial Processes,Flat Panel Display Manufacturing,Rest of Regions,0,0,0,0,0
Industrial Processes,Flat Panel Display Manufacturing,Africa,0,0,0,0,0
Industrial Processes,Flat Panel Display Manufacturing,Central & South America,0,0,0,0,0
Industrial Processes,Flat Panel Display Manufacturing,Middle East,0,0,0,0,0
Industrial Processes,Flat Panel Display Manufacturing,Europe,0,0,0,0,0
Industrial Processes,Flat Panel Display Manufacturing,Eurasia,0,0,0,0,0
Industrial Processes,Flat Panel Display Manufacturing,Asia,5.525580083,5.780639776,6.011604397,6.055628181,6.093415262
Industrial Processes,Flat Panel Display Manufacturing,North America,0,0,0,0,0
Industrial Processes,Flat Panel Display Manufacturing,World Total ,7.43603191,9.545695068,11.67370296,11.86013743,12.02016035
Energy,Natural Gas & Oil Systems,Australia,5.277991023,5.558336235,5.982916404,6.176277782,6.5046516
Energy,Natural Gas & Oil Systems,Brazil,4.00958332,5.596384126,7.260326684,8.244100643,9.148078583
Energy,Natural Gas & Oil Systems,Canada,53.347632,60.93928542,64.82463439,70.13027674,75.2504206
Energy,Natural Gas & Oil Systems,China,4.184326451,4.120450545,4.233508041,4.431559379,4.662954827
Energy,Natural Gas & Oil Systems,India,17.32987749,20.08453223,22.57464209,25.74966685,25.93059332
Energy,Natural Gas & Oil Systems,Indonesia,33.89743384,36.6375452,38.0041031,38.55385181,40.87606817
Energy,Natural Gas & Oil Systems,Mexico,33.28047417,27.29369349,25.42302357,27.10270344,30.84043869
Energy,Natural Gas & Oil Systems,Russia,331.9687592,341.9041955,382.7890161,401.8439605,417.8538971
Energy,Natural Gas & Oil Systems,Turkey,1.670364272,1.661070178,1.673062869,1.709317634,1.740801964
Energy,Natural Gas & Oil Systems,United States,247.8028186,258.2755177,281.615571,307.2438161,313.0575671
Energy,Natural Gas & Oil Systems,Rest of Regions,0,0,0,0,0
Energy,Natural Gas & Oil Systems,Africa,274.491462,292.246861,291.0626815,302.8948559,315.1071541
Energy,Natural Gas & Oil Systems,Central & South America,53.96273684,54.05462013,60.46026048,67.5180268,75.04861976
Energy,Natural Gas & Oil Systems,Middle East,331.6268596,354.7487491,393.0606999,417.1565379,441.6727817
Energy,Natural Gas & Oil Systems,Europe,41.17083377,39.89149507,39.24497609,39.56630069,40.68227952
Energy,Natural Gas & Oil Systems,Eurasia,175.4938259,200.5882383,214.6264829,220.5367792,227.645515
Energy,Natural Gas & Oil Systems,Asia,67.73815653,74.69859871,78.92473973,81.76238888,86.86267542
Energy,Natural Gas & Oil Systems,North America,0,0,0,0,0
Energy,Natural Gas & Oil Systems,World Total ,1677.253135,1778.299573,1911.760645,2020.62042,2112.884497
Industrial Processes,HCFC-22 Production,Australia,0,0,0,0,0
Industrial Processes,HCFC-22 Production,Brazil,0,0,0,0,0
Industrial Processes,HCFC-22 Production,Canada,0,0,0,0,0
Industrial Processes,HCFC-22 Production,China,62.09930555,69.99783479,132.2081617,142.2702356,147.0035493
Industrial Processes,HCFC-22 Production,India,29.11582179,37.3453706,75.2213479,80.9462801,83.63935311
Industrial Processes,HCFC-22 Production,Indonesia,0,0,0,0,0
Industrial Processes,HCFC-22 Production,Mexico,10.24589415,13.14188269,26.47048653,28.48509735,29.43279311
Industrial Processes,HCFC-22 Production,Russia,9.305797683,6.856486896,4.623854172,5.901339828,7.531771216
Industrial Processes,HCFC-22 Production,Turkey,0,0,0,0,0
Industrial Processes,HCFC-22 Production,United States,11.78000085,10.63168296,10.76052047,7.897082901,6.030379469
Industrial Processes,HCFC-22 Production,Rest of Regions,0,0,0,0,0
Industrial Processes,HCFC-22 Production,Africa,0,0,0,0,0
Industrial Processes,HCFC-22 Production,Central & South America,2.461752803,2.774867843,3.703759455,3.985644483,4.118246396
Industrial Processes,HCFC-22 Production,Middle East,0,0,0,0,0
Industrial Processes,HCFC-22 Production,Europe,1.006341587,1.029270355,1.103930313,1.408925905,1.798186155
Industrial Processes,HCFC-22 Production,Eurasia,0,0,0,0,0
Industrial Processes,HCFC-22 Production,Asia,1.869604191,2.392461041,4.669300785,5.403673758,6.807028135
Industrial Processes,HCFC-22 Production,North America,0,0,0,0,0
Industrial Processes,HCFC-22 Production,World Total ,127.8845186,144.1698572,258.7613613,276.2982799,286.3613069
Waste,Landfilling of Solid Waste,Australia,11.15524276,11.79568628,12.41141181,12.98954059,13.50912182
Waste,Landfilling of Solid Waste,Brazil,24.66957852,26.04873761,27.30752071,28.44584037,29.46225519
Waste,Landfilling of Solid Waste,Canada,21.09440997,21.93175323,22.73624806,23.46819844,24.09684228
Waste,Landfilling of Solid Waste,China,47.10403826,48.21498196,49.03063401,49.38807244,49.27659997
Waste,Landfilling of Solid Waste,India,13.24775825,14.13523755,14.9754008,15.76537174,16.49598512
Waste,Landfilling of Solid Waste,Indonesia,28.28629379,30.54441417,32.87441117,35.29185969,37.84126997
Waste,Landfilling of Solid Waste,Mexico,56.35285003,59.46955062,62.45806382,65.23643692,67.72840516
Waste,Landfilling of Solid Waste,Russia,47.23446557,46.08902825,44.81222854,43.43585334,42.05127829
Waste,Landfilling of Solid Waste,Turkey,30.56202393,32.41565428,34.07873383,35.54827764,36.82290223
Waste,Landfilling of Solid Waste,United States,129.7298037,128.4057598,127.743955,128,128
Waste,Landfilling of Solid Waste,Rest of Regions,0,0,0,0,0
Waste,Landfilling of Solid Waste,Africa,95.49001445,103.7200434,112.5874908,121.6235693,130.782796
Waste,Landfilling of Solid Waste,Central & South America,47.76157755,50.44910755,52.98579792,55.31629831,57.36834813
Waste,Landfilling of Solid Waste,Middle East,56.02948662,60.84428725,65.66306449,70.33664985,75.02172733
Waste,Landfilling of Solid Waste,Europe,116.8783242,114.0921048,111.6379565,108.8407726,105.8437027
Waste,Landfilling of Solid Waste,Eurasia,26.67692927,26.78619683,26.85803817,26.81230968,26.64824189
Waste,Landfilling of Solid Waste,Asia,94.4601894,100.652969,106.8098072,112.7891108,118.4362515
Waste,Landfilling of Solid Waste,North America,0,0,0,0,0
Waste,Landfilling of Solid Waste,World Total ,846.7329863,875.5955125,904.970763,933.2881617,959.3857276
Agriculture,Livestock,Australia,55.9188947,,59.59558456,,62.89621998
Agriculture,Livestock,Brazil,235.1580885,,248.2201744,,245.7756403
Agriculture,Livestock,Canada,23.96261086,,24.7000301,,25.08164192
Agriculture,Livestock,China,241.5636143,,262.1768553,,278.2975707
Agriculture,Livestock,India,299.5932741,,322.0968234,,343.5150003
Agriculture,Livestock,Indonesia,28.69557547,,35.48106414,,43.46521291
Agriculture,Livestock,Mexico,49.66364604,,55.54526169,,60.41607845
Agriculture,Livestock,Russia,44.60167865,,43.8196589,,42.64287451
Agriculture,Livestock,Turkey,27.4085332,,30.23603919,,33.12748357
Agriculture,Livestock,United States,174.3903476,,181.0192463,,185.9272306
Agriculture,Livestock,Rest of Regions,0,,0,,0
Agriculture,Livestock,Africa,292.8911715,,343.4919902,,395.377909
Agriculture,Livestock,Central & South America,227.0767073,,258.2831055,,283.6634887
Agriculture,Livestock,Middle East,27.81565387,,32.43185452,,38.25465504
Agriculture,Livestock,Europe,254.9535826,,310.5080095,,383.5073955
Agriculture,Livestock,Eurasia,229.2304775,,226.9955568,,224.1515318
Agriculture,Livestock,Asia,73.41724116,,77.66881806,,82.94598918
Agriculture,Livestock,North America,0,,0,,0
Agriculture,Livestock,World Total ,2286.341097,,2512.270073,,2729.045922
Industrial Processes,Magnesium Manufacturing,Australia,0.00239,0.00239,0.00239,0.00239,0.00239
Industrial Processes,Magnesium Manufacturing,Brazil,0.070370185,0,0,0,0
Industrial Processes,Magnesium Manufacturing,Canada,0.100391292,0.100391292,0.100391292,0,0
Industrial Processes,Magnesium Manufacturing,China,1.23459991,1.603492981,2.082872368,2.183703142,2.31168879
Industrial Processes,Magnesium Manufacturing,India,0,0,0,0,0
Industrial Processes,Magnesium Manufacturing,Indonesia,0,0,0,0,0
Industrial Processes,Magnesium Manufacturing,Mexico,0,0,0,0,0
Industrial Processes,Magnesium Manufacturing,Russia,0.947958212,1.072659004,1.219345743,1.392867177,1.599267784
Industrial Processes,Magnesium Manufacturing,Turkey,0,0,0,0,0
Industrial Processes,Magnesium Manufacturing,United States,1.162200571,0.290550143,0.072637536,0.072637536,0.072637536
Industrial Processes,Magnesium Manufacturing,Rest of Regions,0,0,0,0,0
Industrial Processes,Magnesium Manufacturing,Africa,0,0,0,0,0
Industrial Processes,Magnesium Manufacturing,Central & South America,0.00108,0.00108,0.00108,0.00108,0.00108
Industrial Processes,Magnesium Manufacturing,Middle East,0.398586333,0.433241673,0.470910143,0.511853722,0.556357167
Industrial Processes,Magnesium Manufacturing,Europe,0.161502767,0.00108,0.00108,0.00108,0.00108
Industrial Processes,Magnesium Manufacturing,Eurasia,0.485338649,0.527536724,0.573403737,0.623258686,0.677448306
Industrial Processes,Magnesium Manufacturing,Asia,0.5815235,0.5815235,0.5815235,0.002868,0.002868
Industrial Processes,Magnesium Manufacturing,North America,0,0,0,0,0
Industrial Processes,Magnesium Manufacturing,World Total ,5.14594142,4.613945318,5.10563432,4.791738264,5.224817582
Industrial Processes,Nitric and Adipic Acid Production,Australia,0,0,0,0,0
Industrial Processes,Nitric and Adipic Acid Production,Brazil,8.295808597,9.45125961,10.79596866,12.36545688,13.95818828
Industrial Processes,Nitric and Adipic Acid Production,Canada,1.880322708,2.239382267,2.543730367,2.876720002,3.195625037
Industrial Processes,Nitric and Adipic Acid Production,China,7.292213735,7.956851416,8.690826664,9.507153191,9.926213245
Industrial Processes,Nitric and Adipic Acid Production,India,5.634987947,5.947444257,6.259900568,6.572356878,5.865444581
Industrial Processes,Nitric and Adipic Acid Production,Indonesia,0.0031,0.0031,0.0031,0.0031,0.0031
Industrial Processes,Nitric and Adipic Acid Production,Mexico,0.419389372,0.464889163,0.510388953,0.555888743,0.434942759
Industrial Processes,Nitric and Adipic Acid Production,Russia,3.946354798,4.031713642,4.092617848,4.153522023,4.168922801
Industrial Processes,Nitric and Adipic Acid Production,Turkey,0,0,0,0,0
Industrial Processes,Nitric and Adipic Acid Production,United States,28.64561962,30.46799246,32.42395082,34.50547613,36.72062944
Industrial Processes,Nitric and Adipic Acid Production,Rest of Regions,0,0,0,0,0
Industrial Processes,Nitric and Adipic Acid Production,Africa,3.10551739,3.250559685,3.39560198,3.572814087,3.180064676
Industrial Processes,Nitric and Adipic Acid Production,Central & South America,1.452995777,1.516432042,1.579868308,1.652090859,1.565388183
Industrial Processes,Nitric and Adipic Acid Production,Middle East,0.857725843,0.970047085,1.082368326,1.194689567,0.950500609
Industrial Processes,Nitric and Adipic Acid Production,Europe,32.39440575,24.71714314,25.03617401,25.36711053,29.03234528
Industrial Processes,Nitric and Adipic Acid Production,Eurasia,9.26960307,9.620942395,9.85098802,9.897064466,9.782292937
Industrial Processes,Nitric and Adipic Acid Production,Asia,15.06955339,17.61018084,20.60498301,24.26629275,28.39642549
Industrial Processes,Nitric and Adipic Acid Production,North America,0,0,0,0,0
Industrial Processes,Nitric and Adipic Acid Production,World Total ,118.267598,118.247938,126.8704675,136.4897361,147.1800833
Industrial Processes,Photovoltaic Cell Manufacturing,Australia,0.002142905,0.001952598,0.001421214,0.001008351,0.000773744
Industrial Processes,Photovoltaic Cell Manufacturing,Brazil,0,0,0,0,0
Industrial Processes,Photovoltaic Cell Manufacturing,Canada,0,0,0,0,0
Industrial Processes,Photovoltaic Cell Manufacturing,China,1.037282325,1.217988449,1.161828602,1.11319079,1.215435051
Industrial Processes,Photovoltaic Cell Manufacturing,India,0.064613254,0.058875073,0.042852699,0.030403964,0.023330075
Industrial Processes,Photovoltaic Cell Manufacturing,Indonesia,0,0,0,0,0
Industrial Processes,Photovoltaic Cell Manufacturing,Mexico,0,0,0,0,0
Industrial Processes,Photovoltaic Cell Manufacturing,Russia,0.001304377,0.001188538,0.000865087,0.000613779,0.000470975
Industrial Processes,Photovoltaic Cell Manufacturing,Turkey,0,0,0,0,0
Industrial Processes,Photovoltaic Cell Manufacturing,United States,0.184271647,0.206987588,0.190093689,0.176251034,0.186990008
Industrial Processes,Photovoltaic Cell Manufacturing,Rest of Regions,0,0,0,0,0
Industrial Processes,Photovoltaic Cell Manufacturing,Africa,0.004891414,0.004457017,0.003244076,0.00230167,0.001766156
Industrial Processes,Photovoltaic Cell Manufacturing,Central & South America,0,0,0,0,0
Industrial Processes,Photovoltaic Cell Manufacturing,Middle East,0,0,0,0,0
Industrial Processes,Photovoltaic Cell Manufacturing,Europe,0.445286408,0.401123307,0.2873008,0.198950029,0.146546955
Industrial Processes,Photovoltaic Cell Manufacturing,Eurasia,0,0,0,0,0
Industrial Processes,Photovoltaic Cell Manufacturing,Asia,0.552313941,0.534138622,0.419932482,0.330632674,0.294587115
Industrial Processes,Photovoltaic Cell Manufacturing,North America,0,0,0,0,0
Industrial Processes,Photovoltaic Cell Manufacturing,World Total ,2.29210627,2.426711193,2.107538649,1.85335229,1.869900079
Industrial Processes,Refrigeration & Air Conditioning,Australia,4.104255501,5.549822694,7.237256042,9.829972235,11.10296094
Industrial Processes,Refrigeration & Air Conditioning,Brazil,5.603122441,8.21263345,12.20640188,21.50267817,28.64296733
Industrial Processes,Refrigeration & Air Conditioning,Canada,9.775607572,13.39049043,17.23891484,23.11869788,25.7824352
Industrial Processes,Refrigeration & Air Conditioning,China,45.7735368,82.66588384,151.1593656,328.7807167,534.1297459
Industrial Processes,Refrigeration & Air Conditioning,India,3.002135314,5.457873995,10.3040248,22.72448323,36.86844364
Industrial Processes,Refrigeration & Air Conditioning,Indonesia,0.649629868,1.006545284,1.611010953,3.035713125,4.260380132
Industrial Processes,Refrigeration & Air Conditioning,Mexico,5.017264339,7.055005153,10.15930183,17.29286811,22.35985645
Industrial Processes,Refrigeration & Air Conditioning,Russia,15.98287663,23.23638578,33.44350394,55.96155643,72.01841815
Industrial Processes,Refrigeration & Air Conditioning,Turkey,1.105304017,1.629232628,2.418585336,4.216159233,5.585105446
Industrial Processes,Refrigeration & Air Conditioning,United States,113.9539933,162.0945541,213.9358053,282.4654423,316.6706246
Industrial Processes,Refrigeration & Air Conditioning,Rest of Regions,0,0,0,0,0
Industrial Processes,Refrigeration & Air Conditioning,Africa,12.54279172,18.70851679,28.0953131,49.25498002,64.89668438
Industrial Processes,Refrigeration & Air Conditioning,Central & South America,10.5571793,15.14290374,22.09499072,37.96244814,49.57055421
Industrial Processes,Refrigeration & Air Conditioning,Middle East,13.33235575,19.753074,29.62385304,52.27245026,69.91545512
Industrial Processes,Refrigeration & Air Conditioning,Europe,45.22520686,57.63136288,72.15920125,95.69246473,104.1550282
Industrial Processes,Refrigeration & Air Conditioning,Eurasia,1.987325502,2.888943614,4.168065515,7.005357338,9.046171044
Industrial Processes,Refrigeration & Air Conditioning,Asia,60.64847353,83.43992291,117.2430723,188.7847027,241.0982894
Industrial Processes,Refrigeration & Air Conditioning,North America,0,0,0,0,0
Industrial Processes,Refrigeration & Air Conditioning,World Total ,349.2610584,507.8631513,733.0986664,1199.900691,1596.10312
Agriculture,Rice Cultivation,Australia,0.99338303,1.348426211,1.520767231,1.634471875,1.717203942
Agriculture,Rice Cultivation,Brazil,7.575975621,8.815009145,9.920537891,10.36791891,10.44623091
Agriculture,Rice Cultivation,Canada,0,0,0,0,0
Agriculture,Rice Cultivation,China,38.0940874,62.46358891,78.16526708,84.57622116,85.55277929
Agriculture,Rice Cultivation,India,117.9824433,140.9695992,159.6628283,165.4873418,164.5209852
Agriculture,Rice Cultivation,Indonesia,109.344439,102.4266495,98.26815213,94.82309879,91.53904327
Agriculture,Rice Cultivation,Mexico,1.305692072,1.374245159,1.45713389,1.498368389,1.515119972
Agriculture,Rice Cultivation,Russia,0.312405844,0.509665922,0.557264358,0.583373027,0.59937964
Agriculture,Rice Cultivation,Turkey,0.114075001,0.259082129,0.314516962,0.348030377,0.370449331
Agriculture,Rice Cultivation,United States,5.730688128,8.074922535,8.568580333,8.766092122,8.774889166
Agriculture,Rice Cultivation,Rest of Regions,0,0,0,0,0
Agriculture,Rice Cultivation,Africa,12.37413504,13.66506754,16.10536189,17.41696678,18.23473226
Agriculture,Rice Cultivation,Central & South America,24.18133162,24.50743789,25.66499594,26.25780471,26.38801986
Agriculture,Rice Cultivation,Middle East,1.473378323,2.439660823,3.116754998,3.473114601,3.676061252
Agriculture,Rice Cultivation,Europe,0.370431382,1.022085272,1.338049758,1.524466527,1.658033461
Agriculture,Rice Cultivation,Eurasia,0.719698454,0.83073136,0.808912751,0.79491123,0.785664857
Agriculture,Rice Cultivation,Asia,244.3829481,281.2023679,316.6240928,333.8491007,340.292644
Agriculture,Rice Cultivation,North America,0,0,0,0,0
Agriculture,Rice Cultivation,World Total ,564.9551122,649.9085395,722.0932163,751.401281,756.0712364
Industrial Processes,Semiconductor Manufacturing,Australia,0.005668734,0.006719417,0.007789646,0.009030334,0.009030334
Industrial Processes,Semiconductor Manufacturing,Brazil,0,0,0,0,0
Industrial Processes,Semiconductor Manufacturing,Canada,0.01548074,0.018563149,0.021259879,0.024348373,0.027885543
Industrial Processes,Semiconductor Manufacturing,China,4.413234887,6.264742217,5.073454487,5.073454487,5.073454487
Industrial Processes,Semiconductor Manufacturing,India,0.114353817,0.166626822,0.23567172,0.32746413,0.455009013
Industrial Processes,Semiconductor Manufacturing,Indonesia,0,0,0,0,0
Industrial Processes,Semiconductor Manufacturing,Mexico,0,0,0,0,0
Industrial Processes,Semiconductor Manufacturing,Russia,0.120157747,0.15298477,0.195251641,0.24919607,0.318044349
Industrial Processes,Semiconductor Manufacturing,Turkey,0,0,0,0,0
Industrial Processes,Semiconductor Manufacturing,United States,4.497005485,4.497005485,4.497005485,4.497005485,4.497005485
Industrial Processes,Semiconductor Manufacturing,Rest of Regions,0,0,0,0,0
Industrial Processes,Semiconductor Manufacturing,Africa,0.020378042,0.025809962,0.032940779,0.042041709,0.053657058
Industrial Processes,Semiconductor Manufacturing,Central & South America,0,0,0,0,0
Industrial Processes,Semiconductor Manufacturing,Middle East,0.204075725,0.252631407,0.316122514,0.388996362,0.471293335
Industrial Processes,Semiconductor Manufacturing,Europe,1.735291691,1.737292478,1.739164589,1.74090646,1.742540683
Industrial Processes,Semiconductor Manufacturing,Eurasia,0.027313735,0.032287298,0.036707637,0.039506603,0.041440618
Industrial Processes,Semiconductor Manufacturing,Asia,7.026294898,7.422528812,7.852078885,8.312739528,8.821745337
Industrial Processes,Semiconductor Manufacturing,North America,0,0,0,0,0
Industrial Processes,Semiconductor Manufacturing,World Total ,18.1792555,20.57719182,20.00744726,20.70468954,21.51110624
Agriculture,Cropland Management,Australia,7.309189486,,4.061107495,,3.186657133
Agriculture,Cropland Management,Brazil,35.19447255,,32.93250128,,33.89365218
Agriculture,Cropland Management,Canada,6.275027663,,6.90295644,,6.871695591
Agriculture,Cropland Management,China,109.4545562,,115.6049465,,104.7877788
Agriculture,Cropland Management,India,59.7013953,,60.61119596,,65.53056506
Agriculture,Cropland Management,Indonesia,3.960309381,,3.947264304,,3.83865865
Agriculture,Cropland Management,Mexico,8.403248691,,7.030385473,,7.215621278
Agriculture,Cropland Management,Russia,9.932759486,,7.900763673,,7.226664049
Agriculture,Cropland Management,Turkey,6.346817654,,6.787640477,,8.568380553
Agriculture,Cropland Management,United States,82.13517425,,71.30581314,,86.12144204
Agriculture,Cropland Management,Rest of Regions,0,,0,,0
Agriculture,Cropland Management,Africa,30.90750057,,29.50625218,,29.002644
Agriculture,Cropland Management,Central & South America,26.77534542,,28.4155677,,28.64640518
Agriculture,Cropland Management,Middle East,4.302354088,,6.668644343,,9.75380103
Agriculture,Cropland Management,Europe,55.49486963,,52.14396233,,51.43153743
Agriculture,Cropland Management,Eurasia,7.775322116,,6.973014531,,6.254102639
Agriculture,Cropland Management,Asia,20.12835382,,19.12973786,,19.95783819
Agriculture,Cropland Management,North America,0,,0,,0
Agriculture,Cropland Management,World Total ,474.0966963,,459.9217537,,472.2874438
Industrial Processes,Solvent Use,Australia,0.064606088,0.073474925,0.082372551,0.092334851,0.103099613
Industrial Processes,Solvent Use,Brazil,0.116973288,0.138709465,0.163089356,0.191752657,0.224576527
Industrial Processes,Solvent Use,Canada,0.103867469,0.119661174,0.132438799,0.146579577,0.161599082
Industrial Processes,Solvent Use,China,0.716106507,1.023102126,1.419430494,1.9692712,2.721473592
Industrial Processes,Solvent Use,India,0.045767017,0.064070874,0.08757417,0.117592973,0.157287391
Industrial Processes,Solvent Use,Indonesia,0.015927009,0.019635696,0.024097383,0.029285895,0.035237223
Industrial Processes,Solvent Use,Mexico,0.076963299,0.088331263,0.102367252,0.11863256,0.136947452
Industrial Processes,Solvent Use,Russia,0.355790989,0.435216307,0.536790075,0.662064116,0.813397473
Industrial Processes,Solvent Use,Turkey,0.007101825,0.008589252,0.010369435,0.012461175,0.014883727
Industrial Processes,Solvent Use,United States,1.323816,1.46159,1.613729,1.781689,1.967121
Industrial Processes,Solvent Use,Rest of Regions,0,0,0,0,0
Industrial Processes,Solvent Use,Africa,0.080087582,0.098096302,0.119992205,0.145278885,0.172794078
Industrial Processes,Solvent Use,Central & South America,0.042008883,0.049275871,0.058094041,0.068280725,0.079901392
Industrial Processes,Solvent Use,Middle East,0.032881774,0.03976863,0.04801096,0.057695812,0.068912336
Industrial Processes,Solvent Use,Europe,1.058651537,1.125459275,1.200497068,1.272530539,1.34161346
Industrial Processes,Solvent Use,Eurasia,0.009715962,0.011884914,0.014658696,0.018079688,0.022212308
Industrial Processes,Solvent Use,Asia,1.171152752,1.270873737,1.395517547,1.535087622,1.685459681
Industrial Processes,Solvent Use,North America,0,0,0,0,0
Industrial Processes,Solvent Use,World Total ,5.22141798,6.02773981,7.009029034,8.218617276,9.706516335
Waste,Wastewater,Australia,2.574295447,2.722090602,2.864181586,2.997596368,3.117500131
Waste,Wastewater,Brazil,14.27885931,15.07712258,15.80571172,16.46457608,17.0528814
Waste,Wastewater,Canada,0.340614483,0.354135186,0.36712548,0.378944389,0.389095191
Waste,Wastewater,China,132.0305309,135.1444568,137.4306934,138.4325774,138.120125
Waste,Wastewater,India,41.88085121,44.68648727,47.3425406,49.83991824,52.14964564
Waste,Wastewater,Indonesia,23.98558674,25.24830733,26.41053041,27.49352026,28.49804205
Waste,Wastewater,Mexico,48.3415152,51.01513381,53.57878865,55.96217769,58.09987828
Waste,Wastewater,Russia,21.71034689,21.18387027,20.59701565,19.96439321,19.32800187
Waste,Wastewater,Turkey,2.036516381,2.160034005,2.270854177,2.368777994,2.453713268
Waste,Wastewater,United States,24.7505879,25.97178491,27.23605933,28.51773231,29.79837605
Waste,Wastewater,Rest of Regions,0,0,0,0,0
Waste,Wastewater,Africa,82.82597074,91.23657385,99.7406533,108.2282994,116.6414514
Waste,Wastewater,Central & South America,32.87720717,35.20020455,37.44760423,39.59269786,41.57437991
Waste,Wastewater,Middle East,21.6223119,23.16960346,24.79460649,26.26710541,27.58098036
Waste,Wastewater,Europe,16.86838639,17.25826282,17.46810432,17.37672086,17.23688048
Waste,Wastewater,Eurasia,4.150955209,4.155255025,4.156198161,4.141398404,4.109535922
Waste,Wastewater,Asia,41.48539361,44.29948008,47.17930981,50.02010821,52.63797587
Waste,Wastewater,North America,0,0,0,0,0
Waste,Wastewater,World Total ,511.7599295,538.8828026,564.6899773,588.0465442,608.7884629
