# File: GCAM_EPA_CH4N2O_energy_map.csv
# Title: Map of GCAM energy sectors to aggregated EPA sectors for scaling
# Description: Detailed and aggregate EPA global emissions projections sectors mapped to their gas sources
# This mapping file is suitable for both energy.TRAN_UCD_MODE
# Units: Unitless
# Column types: cccc
supplysector,subsector,stub.technology,EPA_sector
district heat,biomass,biomass,Combustion_Bio
district heat,coal,coal,Combustion_general
district heat,gas,gas,Combustion_general
district heat,refined liquids,refined liquids,Combustion_general
electricity,biomass,biomass (conv),Combustion_Bio
electricity,coal,coal (conv pul),Combustion_general
electricity,gas,gas (CC),Combustion_general
electricity,gas,gas (steam/CT),Combustion_general
electricity,refined liquids,refined liquids (steam/CT),Combustion_general
other industrial energy use,biomass,biomass,Combustion_Bio
other industrial energy use,coal,coal,Combustion_general
other industrial energy use,gas,gas,Combustion_general
other industrial energy use,refined liquids,refined liquids,Combustion_general
ammonia,coal,coal,Combustion_general
ammonia,gas,gas,Combustion_general
ammonia,refined liquids,refined liquids,Combustion_general
out_resources,coal,coal,Fugitive_coal
out_resources,crude oil,crude oil,Fugitive_oil
out_resources,natural gas,natural gas,Fugitive_gas
process heat cement,biomass,biomass,Combustion_Bio
process heat cement,coal,coal,Combustion_general
process heat cement,gas,gas,Combustion_general
process heat cement,refined liquids,refined liquids,Combustion_general
resid cooling modern,gas,gas,Combustion_general
resid heating modern,biomass,biomass,Combustion_Bio
resid heating coal,coal,coal,Combustion_general
resid heating modern,gas,gas,Combustion_general
resid heating modern,refined liquids,refined liquids,Combustion_general
resid others modern,biomass,biomass,Combustion_Bio
resid others coal,coal,coal,Combustion_general
resid others modern,gas,gas,Combustion_general
resid others modern,refined liquids,refined liquids,Combustion_general
trn_aviation_intl,International Aviation,Liquids,Combustion_general
trn_freight,Domestic Ship,Liquids,Combustion_general
trn_freight,Freight Rail,Coal,Combustion_general
trn_freight,Freight Rail,Liquids,Combustion_general
trn_freight_road,Truck (>12t),Liquids,Combustion_general
trn_freight_road,Truck (>12t),NG,Combustion_general
trn_freight_road,Truck (0-2.7t),Liquids,Combustion_general
trn_freight_road,Truck (0-2.7t),NG,Combustion_general
trn_freight_road,Truck (2.7-4.5t),Liquids,Combustion_general
trn_freight_road,Truck (2.7-4.5t),NG,Combustion_general
trn_freight_road,Truck (4.5-12t),Liquids,Combustion_general
trn_freight_road,Truck (4.5-12t),NG,Combustion_general
trn_pass,Domestic Aviation,Liquids,Combustion_general
trn_pass,Passenger Rail,Liquids,Combustion_general
trn_pass_road,Bus,Liquids,Combustion_general
trn_pass_road,Bus,NG,Combustion_general
trn_pass_road_LDV_2W,Motorcycle (>250cc),Liquids,Combustion_general
trn_pass_road_LDV_4W,Compact Car,Liquids,Combustion_general
trn_pass_road_LDV_4W,Compact Car,NG,Combustion_general
trn_pass_road_LDV_4W,Large Car,Liquids,Combustion_general
trn_pass_road_LDV_4W,Large Car,NG,Combustion_general
trn_pass_road_LDV_4W,Light Truck and SUV,Liquids,Combustion_general
trn_pass_road_LDV_4W,Light Truck and SUV,NG,Combustion_general
trn_pass_road_LDV_4W,Midsize Car,Liquids,Combustion_general
trn_pass_road_LDV_4W,Midsize Car,NG,Combustion_general
trn_shipping_intl,International Ship,Liquids,Combustion_general
trn_freight_road,Truck (0-2t),Liquids,Combustion_general
trn_freight_road,Truck (0-2t),NG,Combustion_general
trn_freight_road,Truck (2-5t),Liquids,Combustion_general
trn_freight_road,Truck (2-5t),NG,Combustion_general
trn_freight_road,Truck (5-9t),Liquids,Combustion_general
trn_freight_road,Truck (5-9t),NG,Combustion_general
trn_freight_road,Truck (9-16t),Liquids,Combustion_general
trn_freight_road,Truck (9-16t),NG,Combustion_general
trn_pass_road_LDV,Three-Wheeler,Liquids,Combustion_general
trn_pass_road_LDV,Three-Wheeler,NG,Combustion_general
trn_pass_road_LDV_4W,Mini Car,Liquids,Combustion_general
trn_pass_road_LDV_4W,Mini Car,NG,Combustion_general
trn_pass_road_LDV_4W,Multipurpose Vehicle,Liquids,Combustion_general
trn_pass_road_LDV_4W,Multipurpose Vehicle,NG,Combustion_general
trn_pass_road_LDV_4W,Subcompact Car,Liquids,Combustion_general
trn_pass_road_LDV_4W,Subcompact Car,NG,Combustion_general
trn_freight_road,Truck (0-1t),Liquids,Combustion_general
trn_freight_road,Truck (0-1t),NG,Combustion_general
trn_freight_road,Truck (1-6t),Liquids,Combustion_general
trn_freight_road,Truck (1-6t),NG,Combustion_general
trn_freight_road,Truck (6-30t),Liquids,Combustion_general
trn_freight_road,Truck (6-30t),NG,Combustion_general
trn_freight_road,Truck (>15t),Liquids,Combustion_general
trn_freight_road,Truck (>15t),NG,Combustion_general
trn_freight_road,Truck (6-15t),Liquids,Combustion_general
trn_freight_road,Truck (6-15t),NG,Combustion_general
trn_pass_road_LDV_2W,Moped,Liquids,Combustion_general
trn_pass_road_LDV_4W,Large Car and SUV,Liquids,Combustion_general
trn_pass_road_LDV_4W,Large Car and SUV,NG,Combustion_general
trn_freight_road,Truck (0-4.5t),Liquids,Combustion_general
trn_freight_road,Truck (0-4.5t),NG,Combustion_general
trn_freight_road,Truck (4.5-15t),Liquids,Combustion_general
trn_freight_road,Truck (4.5-15t),NG,Combustion_general
trn_pass_road_LDV_4W,Van,Liquids,Combustion_general
trn_pass_road_LDV_4W,Van,NG,Combustion_general
trn_freight_road,Truck (>32t),Liquids,Combustion_general
trn_freight_road,Truck (>32t),NG,Combustion_general
trn_freight_road,Truck (0-3.5t),Liquids,Combustion_general
trn_freight_road,Truck (0-3.5t),NG,Combustion_general
trn_freight_road,Truck (16-32t),Liquids,Combustion_general
trn_freight_road,Truck (16-32t),NG,Combustion_general
trn_freight_road,Truck (3.5-16t),Liquids,Combustion_general
trn_freight_road,Truck (3.5-16t),NG,Combustion_general
trn_freight_road,3W Rural,Liquids,Combustion_general
trn_freight_road,3W Rural,NG,Combustion_general
trn_freight_road,Truck (>14t),Liquids,Combustion_general
trn_freight_road,Truck (>14t),NG,Combustion_general
trn_freight_road,Truck (0-6t),Liquids,Combustion_general
trn_freight_road,Truck (0-6t),NG,Combustion_general
trn_freight_road,Truck (6-14t),Liquids,Combustion_general
trn_freight_road,Truck (6-14t),NG,Combustion_general
trn_pass_road_bus,Heavy Bus,Liquids,Combustion_general
trn_pass_road_bus,Heavy Bus,NG,Combustion_general
trn_pass_road_bus,Light Bus,Liquids,Combustion_general
trn_pass_road_bus,Light Bus,NG,Combustion_general
trn_pass_road_LDV_2W,Scooter,Liquids,Combustion_general
industrial processes,adipic acid,adipic acid,Industrial processes Adipic
industrial processes,HCFC_22_Prod,HCFC_22_Prod,Industrial processes Other
industrial processes,nitric acid,nitric acid,Industrial processes Nitric
industrial processes,other industrial processes,other industrial processes,Industrial processes Other
industrial processes,solvents,solvents,Industrial processes Other
urban processes,landfills,landfills,Waste
urban processes,wastewater,wastewater,Waste
urban processes,waste_incineration,waste_incineration,Waste
comm cooling,gas,gas,Combustion_general
comm heating,biomass,biomass,Combustion_Bio
comm heating,coal,coal,Combustion_general
comm heating,gas,gas,Combustion_general
comm heating,refined liquids,refined liquids,Combustion_general
comm others,biomass,biomass,Combustion_Bio
comm others,coal,coal,Combustion_general
comm others,gas,gas,Combustion_general
comm others,refined liquids,refined liquids,Combustion_general
trn_freight_road,Heavy truck,Liquids,Combustion_general
trn_freight_road,Heavy truck,NG,Combustion_general
trn_freight_road,Light truck,Liquids,Combustion_general
trn_freight_road,Light truck,NG,Combustion_general
trn_freight_road,Medium truck,Liquids,Combustion_general
trn_freight_road,Medium truck,NG,Combustion_general
trn_pass_road_LDV,2W and 3W,Liquids,Combustion_general
trn_pass_road_LDV_4W,Car,Liquids,Combustion_general
trn_pass_road_LDV_4W,Car,NG,Combustion_general
trn_pass_road_LDV_4W,Large Car and Truck,Liquids,Combustion_general
trn_pass_road_LDV_4W,Large Car and Truck,NG,Combustion_general
resid heating TradBio,traditional biomass,traditional biomass,Combustion_Bio
resid others TradBio,traditional biomass,traditional biomass,Combustion_Bio
trn_pass_road_LDV,2W and 3W,NG,Combustion_general
agricultural energy use,stationary,biomass,Combustion_general
agricultural energy use,stationary,coal,Combustion_general
agricultural energy use,stationary,gas,Combustion_general
agricultural energy use,stationary,refined liquids,Combustion_general
agricultural energy use,mobile,refined liquids,Combustion_general
alumina,biomass,biomass,Combustion_general
alumina,coal,coal,Combustion_general
alumina,gas,gas,Combustion_general
alumina,refined liquids,refined liquids,Combustion_general
chemical energy use,biomass,biomass,Combustion_general
chemical energy use,coal,coal,Combustion_general
chemical energy use,gas,gas,Combustion_general
chemical energy use,refined liquids,refined liquids,Combustion_general
construction energy use,stationary,biomass,Combustion_general
construction energy use,stationary,coal,Combustion_general
construction energy use,stationary,gas,Combustion_general
construction energy use,stationary,refined liquids,Combustion_general
construction energy use,mobile,refined liquids,Combustion_general
mining energy use,stationary,biomass,Combustion_general
mining energy use,stationary,coal,Combustion_general
mining energy use,stationary,gas,Combustion_general
mining energy use,stationary,refined liquids,Combustion_general
mining energy use,mobile,refined liquids,Combustion_general
iron and steel,coal,BLASTFUR,Combustion_general
iron and steel,gas,EAF with DRI,Combustion_general
iron and steel,refined liquids,EAF with scrap,Combustion_general
iron and steel,coal,EAF with DRI,Combustion_general
iron and steel,gas,BLASTFUR,Combustion_general
iron and steel,refined liquids,BLASTFUR,Combustion_general
iron and steel,refined liquids,EAF with DRI,Combustion_general
