# File: EPA_SF6_FPD.csv
# Title: SF6 emissions from flat panel display manufacturing
# Source: EPA Global mitigation of Non-CO2 GHG Gases (https://www.epa.gov/global-mitigation-non-co2-greenhouse-gases/global-non-co2-greenhouse-gas-emission-projections)
# Description: Sector industrial processes flat panel display manufacturing
# Units: MtCO2e
# Column types: cnnnnnnnnn
country,1990,1995,2000,2005,2010,2015,2020,2025,2030
Afghanistan,0,0,0,0,0,0,0,0,0
Albania,0,0,0,0,0,0,0,0,0
Algeria,0,0,0,0,0,0,0,0,0
Andorra,0,0,0,0,0,0,0,0,0
Angola,0,0,0,0,0,0,0,0,0
Antigua and Barbuda,0,0,0,0,0,0,0,0,0
Argentina,0,0,0,0,0,0,0,0,0
Armenia,0,0,0,0,0,0,0,0,0
Australia,0,0,0,0,0,0,0,0,0
Austria,0,0,0,0,0,0,0,0,0
Azerbaijan,0,0,0,0,0,0,0,0,0
"Bahamas, The",0,0,0,0,0,0,0,0,0
Bahrain,0,0,0,0,0,0,0,0,0
Bangladesh,0,0,0,0,0,0,0,0,0
Barbados,0,0,0,0,0,0,0,0,0
Belarus,0,0,0,0,0,0,0,0,0
Belgium,0,0,0,0,0,0,0,0,0
Belize,0,0,0,0,0,0,0,0,0
Benin,0,0,0,0,0,0,0,0,0
Bhutan,0,0,0,0,0,0,0,0,0
Bolivia,0,0,0,0,0,0,0,0,0
Bosnia and Herzegovina,0,0,0,0,0,0,0,0,0
Botswana,0,0,0,0,0,0,0,0,0
Brazil,0,0,0,0,0,0,0,0,0
Brunei,0,0,0,0,0,0,0,0,0
Bulgaria,0,0,0,0,0,0,0,0,0
Burkina Faso,0,0,0,0,0,0,0,0,0
Burma,0,0,0,0,0,0,0,0,0
Burundi,0,0,0,0,0,0,0,0,0
Cabo Verde,0,0,0,0,0,0,0,0,0
Cambodia,0,0,0,0,0,0,0,0,0
Cameroon,0,0,0,0,0,0,0,0,0
Canada,0,0,0,0,0,0,0,0,0
Central African Republic,0,0,0,0,0,0,0,0,0
Chad,0,0,0,0,0,0,0,0,0
Chile,0,0,0,0,0,0,0,0,0
China,0.010915372,0.027160938,0.067585106,1.426031218,5.424794746,11.27805288,16.96612965,25.19016205,30.59424337
Colombia,0,0,0,0,0,0,0,0,0
Comoros,0,0,0,0,0,0,0,0,0
Congo (Brazzaville),0,0,0,0,0,0,0,0,0
Congo (Kinshasa),0,0,0,0,0,0,0,0,0
Costa Rica,0,0,0,0,0,0,0,0,0
Cote d'Ivoire,0,0,0,0,0,0,0,0,0
Croatia,0,0,0,0,0,0,0,0,0
Cuba,0,0,0,0,0,0,0,0,0
Cyprus,0,0,0,0,0,0,0,0,0
Czechia,0,0,0,0,0,0,0,0,0
Denmark,0,0,0,0,0,0,0,0,0
Djibouti,0,0,0,0,0,0,0,0,0
Dominica,0,0,0,0,0,0,0,0,0
Dominican Republic,0,0,0,0,0,0,0,0,0
Ecuador,0,0,0,0,0,0,0,0,0
Egypt,0,0,0,0,0,0,0,0,0
El Salvador,0,0,0,0,0,0,0,0,0
Equatorial Guinea,0,0,0,0,0,0,0,0,0
Eritrea,0,0,0,0,0,0,0,0,0
Estonia,0,0,0,0,0,0,0,0,0
Ethiopia,0,0,0,0,0,0,0,0,0
Fiji,0,0,0,0,0,0,0,0,0
Finland,0,0,0,0,0,0,0,0,0
France,0,0,0,0,0,0,0,0,0
Gabon,0,0,0,0,0,0,0,0,0
"Gambia, The",0,0,0,0,0,0,0,0,0
Georgia,0,0,0,0,0,0,0,0,0
Germany,0,0,0,0,0,0,0,0,0
Ghana,0,0,0,0,0,0,0,0,0
Greece,0,0,0,0,0,0,0,0,0
Grenada,0,0,0,0,0,0,0,0,0
Guatemala,0,0,0,0,0,0,0,0,0
Guinea,0,0,0,0,0,0,0,0,0
Guinea-Bissau,0,0,0,0,0,0,0,0,0
Guyana,0,0,0,0,0,0,0,0,0
Haiti,0,0,0,0,0,0,0,0,0
Holy See,0,0,0,0,0,0,0,0,0
Honduras,0,0,0,0,0,0,0,0,0
Hungary,0,0,0,0,0,0,0,0,0
Iceland,0,0,0,0,0,0,0,0,0
India,0,0,0,0,0,0,0,0,0
Indonesia,0,0,0,0,0,0,0,0,0
Iran,0,0,0,0,0,0,0,0,0
Iraq,0,0,0,0,0,0,0,0,0
Ireland,0,0,0,0,0,0,0,0,0
Israel,0,0,0,0,0,0,0,0,0
Italy,0,0,0,0,0,0,0,0,0
Jamaica,0,0,0,0,0,0,0,0,0
Japan,0.109618213,0.141858864,0.877242312,0.711761645,0.268875612,0.191254571,0.13321158,0.200668937,0.24732689
Jordan,0,0,0,0,0,0,0,0,0
Kazakhstan,0,0,0,0,0,0,0,0,0
Kenya,0,0,0,0,0,0,0,0,0
Kiribati,0,0,0,0,0,0,0,0,0
"Korea, North",0,0,0,0,0,0,0,0,0
"Korea, South",0.012033032,0.029942033,0.074505361,0.781635158,3.907714771,6.073802459,9.460572298,14.48652956,18.14470166
Kosovo,0,0,0,0,0,0,0,0,0
Kuwait,0,0,0,0,0,0,0,0,0
Kyrgyzstan,0,0,0,0,0,0,0,0,0
Laos,0,0,0,0,0,0,0,0,0
Latvia,0,0,0,0,0,0,0,0,0
Lebanon,0,0,0,0,0,0,0,0,0
Lesotho,0,0,0,0,0,0,0,0,0
Liberia,0,0,0,0,0,0,0,0,0
Libya,0,0,0,0,0,0,0,0,0
Liechtenstein,0,0,0,0,0,0,0,0,0
Lithuania,0,0,0,0,0,0,0,0,0
Luxembourg,0,0,0,0,0,0,0,0,0
Macedonia,0,0,0,0,0,0,0,0,0
Madagascar,0,0,0,0,0,0,0,0,0
Malawi,0,0,0,0,0,0,0,0,0
Malaysia,0,0,0,0,0,0,0,0,0
Maldives,0,0,0,0,0,0,0,0,0
Mali,0,0,0,0,0,0,0,0,0
Malta,0,0,0,0,0,0,0,0,0
Marshall Islands,0,0,0,0,0,0,0,0,0
Mauritania,0,0,0,0,0,0,0,0,0
Mauritius,0,0,0,0,0,0,0,0,0
Mexico,0,0,0,0,0,0,0,0,0
"Micronesia, Federated States of",0,0,0,0,0,0,0,0,0
Moldova,0,0,0,0,0,0,0,0,0
Monaco,0,0,0,0,0,0,0,0,0
Mongolia,0,0,0,0,0,0,0,0,0
Montenegro,0,0,0,0,0,0,0,0,0
Morocco,0,0,0,0,0,0,0,0,0
Mozambique,0,0,0,0,0,0,0,0,0
Namibia,0,0,0,0,0,0,0,0,0
Nauru,0,0,0,0,0,0,0,0,0
Nepal,0,0,0,0,0,0,0,0,0
Netherlands,0,0,0,0,0,0,0,0,0
New Zealand,0,0,0,0,0,0,0,0,0
Nicaragua,0,0,0,0,0,0,0,0,0
Niger,0,0,0,0,0,0,0,0,0
Nigeria,0,0,0,0,0,0,0,0,0
Norway,0,0,0,0,0,0,0,0,0
Oman,0,0,0,0,0,0,0,0,0
Pakistan,0,0,0,0,0,0,0,0,0
Palau,0,0,0,0,0,0,0,0,0
Panama,0,0,0,0,0,0,0,0,0
Papua New Guinea,0,0,0,0,0,0,0,0,0
Paraguay,0,0,0,0,0,0,0,0,0
Peru,0,0,0,0,0,0,0,0,0
Philippines,0,0,0,0,0,0,0,0,0
Poland,0,0,0,0,0,0,0,0,0
Portugal,0,0,0,0,0,0,0,0,0
Qatar,0,0,0,0,0,0,0,0,0
Romania,0,0,0,0,0,0,0,0,0
Russia,0,0,0,0,0,0,0,0,0
Rwanda,0,0,0,0,0,0,0,0,0
Saint Kitts and Nevis,0,0,0,0,0,0,0,0,0
Saint Lucia,0,0,0,0,0,0,0,0,0
Saint Vincent and the Grenadines,0,0,0,0,0,0,0,0,0
Samoa,0,0,0,0,0,0,0,0,0
San Marino,0,0,0,0,0,0,0,0,0
Sao Tome and Principe,0,0,0,0,0,0,0,0,0
Saudi Arabia,0,0,0,0,0,0,0,0,0
Senegal,0,0,0,0,0,0,0,0,0
Serbia,0,0,0,0,0,0,0,0,0
Seychelles,0,0,0,0,0,0,0,0,0
Sierra Leone,0,0,0,0,0,0,0,0,0
Singapore,0,0,0,0,0,0,0,0,0
Slovakia,0,0,0,0,0,0,0,0,0
Slovenia,0,0,0,0,0,0,0,0,0
Solomon Islands,0,0,0,0,0,0,0,0,0
Somalia,0,0,0,0,0,0,0,0,0
South Africa,0,0,0,0,0,0,0,0,0
South Sudan,0,0,0,0,0,0,0,0,0
Spain,0,0,0,0,0,0,0,0,0
Sri Lanka,0,0,0,0,0,0,0,0,0
Sudan,0,0,0,0,0,0,0,0,0
Suriname,0,0,0,0,0,0,0,0,0
Swaziland,0,0,0,0,0,0,0,0,0
Sweden,0,0,0,0,0,0,0,0,0
Switzerland,0,0,0,0,0,0,0,0,0
Syria,0,0,0,0,0,0,0,0,0
Tajikistan,0,0,0,0,0,0,0,0,0
Tanzania,0,0,0,0,0,0,0,0,0
Thailand,0,0,0,0,0,0,0,0,0
Timor-Leste,0,0,0,0,0,0,0,0,0
Togo,0,0,0,0,0,0,0,0,0
Tonga,0,0,0,0,0,0,0,0,0
Trinidad and Tobago,0,0,0,0,0,0,0,0,0
Tunisia,0,0,0,0,0,0,0,0,0
Turkey,0,0,0,0,0,0,0,0,0
Turkmenistan,0,0,0,0,0,0,0,0,0
Tuvalu,0,0,0,0,0,0,0,0,0
Uganda,0,0,0,0,0,0,0,0,0
Ukraine,0,0,0,0,0,0,0,0,0
United Arab Emirates,0,0,0,0,0,0,0,0,0
United Kingdom,0,0,0,0,0,0,0,0,0
United States,0,0,0,0,0,0,0,0,0
Uruguay,0,0,0,0,0,0,0,0,0
Uzbekistan,0,0,0,0,0,0,0,0,0
Vanuatu,0,0,0,0,0,0,0,0,0
Venezuela,0,0,0,0,0,0,0,0,0
Vietnam,0,0,0,0,0,0,0,0,0
Yemen,0,0,0,0,0,0,0,0,0
Zambia,0,0,0,0,0,0,0,0,0
Zimbabwe,0,0,0,0,0,0,0,0,0