# File: A10.ResSubresourceProdLifetime.csv
# Title: Average resource well / mine lifetime over which the reserve will be produced / depleted
# Units: Years
# Source: crude oil - https://www.netl.doe.gov/sites/default/files/netl-file/CO2_EOR_Primer.pdf | coal - https://www.nrel.gov/docs/fy99osti/25119.pdf ; https://babel.hathitrust.org/cgi/pt?id=uc1.31210009677368;view=1up;seq=10 |  natural gas - https://www.eia.gov/outlooks/aeo/grt.php ; https://greet.es.anl.gov/files/shale_gas | unconv oil - https://link.springer.com/article/10.1007/s11053-016-9323-2 ; https://www.cred.org/fracking-frequency/
# Column types: cci
# ----------
resource,reserve.subresource,avg.prod.lifetime
coal,coal,40
crude oil,crude oil,30
natural gas,natural gas,30
crude oil,unconventional oil,30
