# File: A13.MSW_curves.csv
# Title: Supply curves of municipal solid waste (MSW), inherited from GCAM 3.0
# Units: varied (see below)
# Description: maxSubResource (EJ/yr): maximum amount of MSW production in the base year mid-price (1975$/GJ): price at which half of the maxSubResource is produced curve-exponent (unitless): shape parameter of S-surve supply function; gdpSupplyElast (unitless): maxSubResource elasticity of GDP
# Reference: Luckow, P., M.A. Wise, J.J. Dooley, and S.H. Kim. 2010. Large-scale utilization of biomass energy and carbon dioxide capture and storage in the transport and electricity sectors under stringent CO2 concentration limit scenarios. International Journal for Greenhouse Gas Control 4, 865-877. doi:10.1016/j.ijggc.2010.06.002
# Column types: cccnnin 
# ----------
region_GCAM3,resource,subresource,maxSubResource,mid-price,curve-exponent,gdpSupplyElast
Africa,biomass,generic waste biomass,0.12288,0.9,15,0.588
Australia_NZ,biomass,generic waste biomass,0.0248025,0.9,15,0.588
Canada,biomass,generic waste biomass,0.01827,0.9,15,0.588
China,biomass,generic waste biomass,0.1015725,0.9,15,0.588
Eastern Europe,biomass,generic waste biomass,0.06504,0.9,15,0.588
Former Soviet Union,biomass,generic waste biomass,0.2273775,0.9,15,0.588
India,biomass,generic waste biomass,0.0393225,0.9,15,0.588
Japan,biomass,generic waste biomass,0.078375,0.9,15,0.588
Korea,biomass,generic waste biomass,0.015165,0.9,15,0.588
Latin America,biomass,generic waste biomass,0.149925,0.9,15,0.588
Middle East,biomass,generic waste biomass,0.0529425,0.9,15,0.588
Southeast Asia,biomass,generic waste biomass,0.0783825,0.9,15,0.588
USA,biomass,generic waste biomass,0.367965,0.9,15,0.588
Western Europe,biomass,generic waste biomass,0.25902,0.9,15,0.588
