# File: A21.subsector_interp.csv
# Title: Primary energy handling default subsector shareweight interpolation
# Units: NA
# Column types: cccccici 
# ----------
supplysector,subsector,apply.to,from.year,to.year,to.value,interpolation.function,traded
regional biomass,regional biomass,share-weight,final-calibration-year,end-year,,linear,0
regional corn for ethanol,regional corn for ethanol,share-weight,final-calibration-year,end-year,,fixed,0
regional sugar for ethanol,regional sugar for ethanol,share-weight,final-calibration-year,end-year,,fixed,0
regional woodpulp for energy,regional woodpulp for energy,share-weight,final-calibration-year,end-year,,fixed,0
