# File: A21.subsector_logit.csv
# Title: Primary energy handling default subsector logit exponents
# Units: Unitless
# Column types: cciic 
# ----------
supplysector,subsector,logit.exponent,traded,logit.type
regional biomass,regional biomass,-6,0,
regional corn for ethanol,regional corn for ethanol,-6,0,
regional sugar for ethanol,regional sugar for ethanol,-6,0,
regional biomassOil,regional biomassOil,-3,0,absolute-cost-logit
regional woodpulp for energy,regional woodpulp for energy,-6,0,
