# File: A21.globaltech_shrwt.csv
# Title: Primary energy handling default shareweights
# Units: Unitless
# Column types: cccii 
# ----------
supplysector,subsector,technology,1971,2100
regional biomass,regional biomass,regional biomass,1,1
regional corn for ethanol,regional corn for ethanol,regional corn for ethanol,1,1
regional sugar for ethanol,regional sugar for ethanol,regional sugar for ethanol,1,1
regional biomassOil,regional biomassOil,biomassOil,0,0
regional biomassOil,regional biomassOil,OilCrop,0,0
regional biomassOil,regional biomassOil,OilPalm,0,0
regional biomassOil,regional biomassOil,Soybean,0,0
regional woodpulp for energy,regional woodpulp for energy,regional woodpulp for energy,1,1
