# File: A21.globaltech_secout.csv
# Title: Feed crop secondary output of biomass liquids feedstock processing technologies (considered upstream of refining)
# Units: NA
# Column types: cccciii
# ----------
supplysector,subsector,technology,fractional.secondary.output,1971,initial-future-year,2100
regional corn for ethanol,regional corn for ethanol,regional corn for ethanol,DDGS and feedcakes,30,30,30
regional biomassOil,regional biomassOil,OilCrop,DDGS and feedcakes,32,32,32
regional biomassOil,regional biomassOil,Soybean,DDGS and feedcakes,110,110,110
