# File: A22.globaltech_retirement.csv
# Title: Primary energy transformation technology lifetimes and shutdown rates
# Units: Years for lifetime and half.life; Unitless for shutdown.rate; steepness; median.shutdown.point; profit.shutdown.steepness
# Comments: maximum lifetime of cohort. If no retirement function is used; the entire cohort is retired in this number of years.
#           shutdown.rate: portion of cohort retired each year; used by the phased-shutdown-decider retirement function.
#           half.life: number of years at which 50% of the cohort is retired; using the s-curve-shutdown-decider retirement function.
#           steepness: shape parameter used by the s-curve-shutdown-decider retirement function.
#           median.shutdown.point: profit-ratio at which 50% of the cohort is shut down for lack of profitability.
#           profit.shutdown.steepness: shape parameter of profit-shutdown-decider function.
# Column types: ccccicinni 
# ----------
supplysector,subsector,technology,year,lifetime,shutdown.rate,half.life,steepness,median.shutdown.point,profit.shutdown.steepness
refining,oil refining,oil refining,final-calibration-year,50,,30,0.2,-0.1,6
refining,coal to liquids,coal to liquids,final-calibration-year,45,,25,0.2,-0.1,6
refining,coal to liquids,coal to liquids CCS level 1,final-calibration-year,45,,25,0.2,-0.1,6
refining,coal to liquids,coal to liquids CCS level 2,final-calibration-year,45,,25,0.2,-0.1,6
refining,gas to liquids,gas to liquids,final-calibration-year,45,,25,0.2,-0.1,6
refining,biomass liquids,cellulosic ethanol,final-calibration-year,45,,25,0.2,-0.1,6
refining,biomass liquids,cellulosic ethanol CCS level 1,final-calibration-year,45,,25,0.2,-0.1,6
refining,biomass liquids,cellulosic ethanol CCS level 2,final-calibration-year,45,,25,0.2,-0.1,6
refining,biomass liquids,FT biofuels,final-calibration-year,45,,25,0.2,-0.1,6
refining,biomass liquids,FT biofuels CCS level 1,final-calibration-year,45,,25,0.2,-0.1,6
refining,biomass liquids,FT biofuels CCS level 2,final-calibration-year,45,,25,0.2,-0.1,6
refining,biomass liquids,corn ethanol,final-calibration-year,45,,25,0.2,-0.5,5
refining,biomass liquids,sugar cane ethanol,final-calibration-year,45,,25,0.2,-0.5,5
refining,biomass liquids,biodiesel,final-calibration-year,45,,25,0.2,-0.9,5
refining,oil refining,oil refining,initial-future-year,45,,30,0.3,-0.1,6
refining,coal to liquids,coal to liquids,initial-future-year,45,,30,0.3,-0.1,6
refining,coal to liquids,coal to liquids CCS level 1,initial-future-year,45,,30,0.3,-0.1,6
refining,coal to liquids,coal to liquids CCS level 2,initial-future-year,45,,30,0.3,-0.1,6
refining,gas to liquids,gas to liquids,initial-future-year,45,,30,0.3,-0.1,6
refining,biomass liquids,cellulosic ethanol,initial-future-year,45,,30,0.3,-0.1,6
refining,biomass liquids,cellulosic ethanol CCS level 1,initial-future-year,45,,30,0.3,-0.1,6
refining,biomass liquids,cellulosic ethanol CCS level 2,initial-future-year,45,,30,0.3,-0.1,6
refining,biomass liquids,FT biofuels,initial-future-year,45,,30,0.3,-0.1,6
refining,biomass liquids,FT biofuels CCS level 1,initial-future-year,45,,30,0.3,-0.1,6
refining,biomass liquids,FT biofuels CCS level 2,initial-future-year,45,,30,0.3,-0.1,6
refining,biomass liquids,corn ethanol,initial-future-year,45,,30,0.3,-0.5,5
refining,biomass liquids,sugar cane ethanol,initial-future-year,45,,30,0.3,-0.5,5
refining,biomass liquids,biodiesel,initial-future-year,45,,30,0.3,-0.9,5
refining,biomass liquids,BTL with hydrogen,final-calibration-year,45,,25,0.2,-0.1,6
