# File: A22.subsector_interp.csv
# Title: Primary energy transformation subsector shareweight interpolation
# Units: NA 
# Column types: ccccccc 
# ----------
supplysector,subsector,apply.to,from.year,to.year,to.value,interpolation.function
gas processing,natural gas,share-weight,final-calibration-year,end-year,,linear
gas processing,biomass gasification,share-weight,final-calibration-year,end-year,,linear
gas processing,coal gasification,share-weight,final-calibration-year,end-year,,linear
nuclearFuelGenII,enrichedUranium,share-weight,final-calibration-year,end-year,,linear
nuclearFuelGenIII,enrichedUranium,share-weight,final-calibration-year,end-year,,linear
refining,oil refining,share-weight,final-calibration-year,end-year,,fixed
refining,biomass liquids,share-weight,final-calibration-year,2030,,linear
refining,coal to liquids,share-weight,initial-future-year,end-year,,linear
refining,gas to liquids,share-weight,initial-future-year,end-year,,linear
