# File: A22.SubsectorInterp_en_R.csv
# Title: Region-specific refining subsector shareweights interpolation rules 
# Description: adjust biomass liquid share weight for few regions with palm biodiesel to lower values. This is needed due to data update.
# Units: Unitless share-weights
# Date of last update: 2024-02-26 (XZ)
# Comment:note that for regions not included (e.g. new regions) USA assumptions are used by default. Currently, the same assumption is used across all regions, e.g., same with A22.subsector_interp.csv
# Column types: cccccnc
# ----------
region,supplysector,subsector,apply.to,from.year,to.year,interpolation.function
USA,refining,biomass liquids,share-weight,final-calibration-year,2030,linear
Africa_Eastern,refining,biomass liquids,share-weight,final-calibration-year,2030,linear
Africa_Northern,refining,biomass liquids,share-weight,final-calibration-year,2030,linear
Africa_Southern,refining,biomass liquids,share-weight,final-calibration-year,2030,linear
Africa_Western,refining,biomass liquids,share-weight,final-calibration-year,2030,linear
Australia_NZ,refining,biomass liquids,share-weight,final-calibration-year,2030,linear
Brazil,refining,biomass liquids,share-weight,final-calibration-year,2030,linear
Canada,refining,biomass liquids,share-weight,final-calibration-year,2030,linear
Central America and Caribbean,refining,biomass liquids,share-weight,final-calibration-year,2030,linear
Central Asia,refining,biomass liquids,share-weight,final-calibration-year,2030,linear
China,refining,biomass liquids,share-weight,final-calibration-year,2030,linear
EU-12,refining,biomass liquids,share-weight,final-calibration-year,2030,linear
EU-15,refining,biomass liquids,share-weight,final-calibration-year,2030,linear
Ukraine,refining,biomass liquids,share-weight,final-calibration-year,2030,linear
Europe_Non_EU,refining,biomass liquids,share-weight,final-calibration-year,2030,linear
European Free Trade Association,refining,biomass liquids,share-weight,final-calibration-year,2030,linear
India,refining,biomass liquids,share-weight,final-calibration-year,2030,linear
Indonesia,refining,biomass liquids,share-weight,final-calibration-year,2030,linear
Japan,refining,biomass liquids,share-weight,final-calibration-year,2030,linear
Mexico,refining,biomass liquids,share-weight,final-calibration-year,2030,linear
Middle East,refining,biomass liquids,share-weight,final-calibration-year,2030,linear
Pakistan,refining,biomass liquids,share-weight,final-calibration-year,2030,linear
Russia,refining,biomass liquids,share-weight,final-calibration-year,2030,linear
South Africa,refining,biomass liquids,share-weight,final-calibration-year,2030,linear
South America_Northern,refining,biomass liquids,share-weight,final-calibration-year,2030,linear
South America_Southern,refining,biomass liquids,share-weight,final-calibration-year,2030,linear
South Asia,refining,biomass liquids,share-weight,final-calibration-year,2030,linear
South Korea,refining,biomass liquids,share-weight,final-calibration-year,2030,linear
Southeast Asia,refining,biomass liquids,share-weight,final-calibration-year,2030,linear
Taiwan,refining,biomass liquids,share-weight,final-calibration-year,2030,linear
Argentina,refining,biomass liquids,share-weight,final-calibration-year,2030,linear
Colombia,refining,biomass liquids,share-weight,final-calibration-year,2030,linear
