# File: A23.globaltech_eff.csv
# Title: Global technologies efficiencies by fuel and electric sector
# Units: Unitless efficiency (electricity out / energy in)
# Source: GCAM assumptions; generally consistent with NEMS assumptions used for Annual Energy Outlook (https://www.eia.gov/outlooks/aeo/assumptions/pdf/electricity.pdf)
# Comments: Future improvement is based on the maximum % reduction that the literature deems likely and a rate. Note that some technologies are the same as another with additional equipment (i.e. CCS) for those technologies the improvement is on the additional equipment corresponding to the maturity level of the technology
# Column types: ccccnnnnnnnnc 
# ----------
supplysector,subsector,technology,minicam.energy.input,1971,1990,2005,2010,2015,2100,improvement.max,improvement.rate,improvement.shadow.technology
electricity,coal,coal (conv pul),regional coal,0.3,0.35,0.391,0.397,0.397,,1.46,0.015,
electricity,coal,coal (conv pul CCS),regional coal,0.292,0.292,0.292,0.292,0.292,,0.257,0.05,coal (conv pul)
electricity,coal,coal (IGCC),regional coal,0.407,0.407,0.407,0.407,0.407,,1.47,0.02,
electricity,coal,coal (IGCC CCS),regional coal,0.334,0.334,0.334,0.334,0.334,,0.150,0.05,coal (IGCC)
electricity,gas,gas (steam/CT),wholesale gas,0.25,0.3,0.33,0.377,0.377,,1.43,0.01,
electricity,gas,gas (CC),wholesale gas,0.45,0.45,0.5,0.565,0.565,,1.29,0.015,
electricity,gas,gas (CC CCS),wholesale gas,0.465,0.465,0.465,0.465,0.465,,0.107,0.05,gas (CC)
electricity,refined liquids,refined liquids (steam/CT),refined liquids industrial,0.3,0.35,0.363,0.363,0.363,,1.49,0.01,
electricity,refined liquids,refined liquids (CC),refined liquids industrial,0.426,0.426,0.426,0.555,0.555,,1.32,0.015,
electricity,refined liquids,refined liquids (CC CCS),refined liquids industrial,0.36,0.36,0.36,0.418,0.420,,0.119,0.05,refined liquids (CC)
electricity,biomass,biomass (conv),regional biomass,0.266,0.266,0.266,0.266,0.266,,1.60,0.015,
electricity,biomass,biomass (conv CCS),regional biomass,0.196,0.196,0.196,0.196,0.196,,0.382,0.05,biomass (conv)
electricity,biomass,biomass (IGCC),regional biomass,0.416,0.416,0.416,0.320,0.320,,1.56,0.02,
electricity,biomass,biomass (IGCC CCS),regional biomass,0.262,0.262,0.262,0.262,0.262,,0.191,0.05,biomass (IGCC)
electricity,nuclear,Gen_II_LWR,nuclearFuelGenII,0.333,0.333,0.333,0.333,0.333,0.333,,,
electricity,nuclear,Gen_III,nuclearFuelGenIII,0.333,0.333,0.333,0.333,0.333,0.333,,,
electricity,wind,wind,onshore wind resource,1,1,1,1,1,1,,,
electricity,wind,wind_storage,onshore wind resource,0.96,0.96,0.96,0.96,0.96,0.96,,,
electricity,solar,PV,global solar resource,1,1,1,1,1,1,,,
electricity,solar,PV_storage,global solar resource,0.96,0.96,0.96,0.96,0.96,0.96,,,
electricity,solar,CSP,global solar resource,1,1,1,1,1,1,,,
electricity,solar,CSP_storage,global solar resource,1,1,1,1,1,1,,,
electricity,geothermal,geothermal,geothermal,0.1,0.1,0.1,0.1,0.1,0.1,,,
elect_td_bld,rooftop_pv,rooftop_pv,distributed_solar,1,1,1,1,1,1,,,
electricity,wind,wind_offshore,offshore wind resource,1,1,1,1,1,1,,,
