# File: A23.globaltech_co2capture.csv
# Title: Electricity technology capture fractions
# Units: Unitless; portion of CO2 emissions that are captured
# Source: GCAM assumptions; consistent with David and Herzog 2000 (https://sequestration.mit.edu/pdf/David_and_Herzog.pdf)
# Column types: cccnnn 
# ----------
supplysector,subsector,technology,1971,initial-future-year,2100
electricity,coal,coal (conv pul CCS),0.85,0.85,0.95
electricity,coal,coal (IGCC CCS),0.85,0.85,0.95
electricity,gas,gas (CC CCS),0.85,0.85,0.95
electricity,refined liquids,refined liquids (CC CCS),0.85,0.85,0.95
electricity,biomass,biomass (conv CCS),0.85,0.85,0.95
electricity,biomass,biomass (IGCC CCS),0.85,0.85,0.95
