# File: A32.globaltech_retirement.csv
# Title: other industry lifetimes and shutdown rates
# Units: Years for lifetime and half.life; Unitless for shutdown.rate; steepness; median.shutdown.point; profit.shutdown.steepness
# Comments: maximum lifetime of cohort. If no retirement function is used; the entire cohort is retired in this number of years
#           shutdown.rate: portion of cohort retired each year; used by the phased-shutdown-decider retirement function
#           half.life: number of years at which 50% of the cohort is retired; using the s-curve-shutdown-decider retirement function
#           steepness: shape parameter used by the s-curve-shutdown-decider retirement function
#           median.shutdown.point: profit-ratio at which 50% of the cohort is shut down for lack of profitability
#           profit.shutdown.steepness: shape parameter of profit-shutdown-decider function
# Column types: ccccicinni
# ----------
supplysector,subsector,technology,year,lifetime,shutdown.rate,half.life,steepness,median.shutdown.point,profit.shutdown.steepness
other industrial energy use,biomass,biomass,final-calibration-year,40,,20,0.3,-0.5,6
other industrial energy use,biomass,biomass cogen,final-calibration-year,40,,20,0.3,-0.5,6
other industrial energy use,coal,coal,final-calibration-year,40,,20,0.3,-0.5,6
other industrial energy use,coal,coal cogen,final-calibration-year,40,,20,0.3,-0.5,6
other industrial energy use,district heat,district heat,final-calibration-year,40,,20,0.3,-0.5,6
other industrial energy use,electricity,electricity,final-calibration-year,40,,20,0.3,-0.5,6
other industrial energy use,gas,gas,final-calibration-year,40,,20,0.3,-0.5,6
other industrial energy use,gas,gas cogen,final-calibration-year,40,,20,0.3,-0.5,6
other industrial energy use,hydrogen,hydrogen,final-calibration-year,40,,20,0.3,-0.5,6
other industrial energy use,hydrogen,hydrogen cogen,final-calibration-year,40,,20,0.3,-0.5,6
other industrial energy use,refined liquids,refined liquids,final-calibration-year,40,,20,0.3,-0.5,6
other industrial energy use,refined liquids,refined liquids cogen,final-calibration-year,40,,20,0.3,-0.5,6
other industry,other industry,other industry,final-calibration-year,40,,20,0.3,-0.5,6
other industrial energy use,biomass,biomass,initial-future-year,40,,20,0.3,-0.5,6
other industrial energy use,biomass,biomass cogen,initial-future-year,40,,20,0.3,-0.5,6
other industrial energy use,coal,coal,initial-future-year,40,,20,0.3,-0.5,6
other industrial energy use,coal,coal cogen,initial-future-year,40,,20,0.3,-0.5,6
other industrial energy use,district heat,district heat,initial-future-year,40,,20,0.3,-0.5,6
other industrial energy use,electricity,electricity,initial-future-year,40,,20,0.3,-0.5,6
other industrial energy use,gas,gas,initial-future-year,40,,20,0.3,-0.5,6
other industrial energy use,gas,gas cogen,initial-future-year,40,,20,0.3,-0.5,6
other industrial energy use,hydrogen,hydrogen,initial-future-year,40,,20,0.3,-0.5,6
other industrial energy use,hydrogen,hydrogen cogen,initial-future-year,40,,20,0.3,-0.5,6
other industrial energy use,refined liquids,refined liquids,initial-future-year,40,,20,0.3,-0.5,6
other industrial energy use,refined liquids,refined liquids cogen,initial-future-year,40,,20,0.3,-0.5,6
other industry,other industry,other industry,initial-future-year,40,,20,0.3,-0.5,6
