# File: A32.globaltech_shrwt.csv
# Title: Industry (intermediate service) default shareweights
# Units: Unitless
# Column types: cccnnnn 
# ----------
supplysector,subsector,technology,1971,final-calibration-year,initial-future-year,2100
other industrial energy use,biomass,biomass,1,1,1,1
other industrial energy use,biomass,biomass cogen,0,0,1,1
other industrial energy use,coal,coal,1,1,1,1
other industrial energy use,coal,coal cogen,1,1,1,1
other industrial energy use,district heat,district heat,1,1,1,1
other industrial energy use,electricity,electricity,1,1,1,1
other industrial energy use,gas,gas,1,1,1,1
other industrial energy use,gas,gas cogen,1,1,1,1
other industrial energy use,hydrogen,hydrogen,0,0,0,1
other industrial energy use,hydrogen,hydrogen cogen,0,0,0,0.15
other industrial energy use,refined liquids,refined liquids,1,1,1,1
other industrial energy use,refined liquids,refined liquids cogen,1,1,1,1
other industrial feedstocks,coal,coal,1,1,1,1
other industrial feedstocks,gas,gas,1,1,1,1
other industrial feedstocks,refined liquids,refined liquids,1,1,1,1
other industry,other industry,other industry,1,1,1,1
