# File: A321.globaltech_retirement.csv
# Title: Cement technology lifetimes and shutdown rates
# Units: Years for lifetime and half.life; Unitless for shutdown.rate; steepness; median.shutdown.point; profit.shutdown.steepness
# Comments: maximum lifetime of cohort. If no retirement function is used; the entire cohort is retired in this number of years.
#           shutdown.rate: portion of cohort retired each year; used by the phased-shutdown-decider retirement function.
#           half.life: number of years at which 50% of the cohort is retired; using the s-curve-shutdown-decider retirement function.
#           steepness: shape parameter used by the s-curve-shutdown-decider retirement function.
#           median.shutdown.point: profit-ratio at which 50% of the cohort is shut down for lack of profitability.
#           profit.shutdown.steepness: shape parameter of profit-shutdown-decider function.
# Column types: ccccicinni
# ----------
supplysector,subsector,technology,year,lifetime,shutdown.rate,half.life,steepness,median.shutdown.point,profit.shutdown.steepness
cement,cement,cement,final-calibration-year,40,,20,0.3,-0.5,6
cement,cement,cement CCS,final-calibration-year,40,,20,0.3,-0.5,6
process heat cement,biomass,biomass,final-calibration-year,40,,20,0.3,-0.5,6
process heat cement,coal,coal,final-calibration-year,40,,20,0.3,-0.5,6
process heat cement,gas,gas,final-calibration-year,40,,20,0.3,-0.5,6
process heat cement,refined liquids,refined liquids,final-calibration-year,40,,20,0.3,-0.5,6
cement,cement,cement,initial-future-year,40,,20,0.3,-0.5,6
cement,cement,cement CCS,initial-future-year,40,,20,0.3,-0.5,6
process heat cement,biomass,biomass,initial-future-year,40,,20,0.3,-0.5,6
process heat cement,coal,coal,initial-future-year,40,,20,0.3,-0.5,6
process heat cement,gas,gas,initial-future-year,40,,20,0.3,-0.5,6
process heat cement,refined liquids,refined liquids,initial-future-year,40,,20,0.3,-0.5,6
process heat cement,hydrogen,hydrogen,initial-future-year,40,,20,0.3,-0.5,6
