# File: A322.globaltech_retirement.csv
# Title: Ammonia production technology retirement parameters
# Units: Years for lifetime and half.life; Unitless for shutdown.rate; steepness; median.shutdown.point; profit.shutdown.steepness
# Comments: maximum lifetime of cohort. If no retirement function is used; the entire cohort is retired in this number of years.
#           shutdown.rate: portion of cohort retired each year; used by the phased-shutdown-decider retirement function
#           half.life: number of years at which 50% of the cohort is retired; using the s-curve-shutdown-decider retirement function.
#           steepness: shape parameter used by the s-curve-shutdown-decider retirement function.
#           median.shutdown.point: profit-ratio at which 50% of the cohort is shut down for lack of profitability.
#           profit.shutdown.steepness: shape parameter of profit-shutdown-decider function.
# Column types: ccccininnn
# ----------
supplysector,subsector,technology,year,lifetime,shutdown.rate,half.life,steepness,median.shutdown.point,profit.shutdown.steepness
ammonia,coal,coal,final-calibration-year,40,,20,0.3,-0.5,6
ammonia,gas,gas,final-calibration-year,40,,20,0.3,-0.5,6
ammonia,refined liquids,refined liquids,final-calibration-year,40,,20,0.3,-0.5,6
ammonia,coal,coal,initial-future-year,40,,20,0.3,-0.5,6
ammonia,coal,coal CCS,initial-future-year,40,,20,0.3,-0.5,6
ammonia,gas,gas,initial-future-year,40,,20,0.3,-0.5,6
ammonia,gas,gas CCS,initial-future-year,40,,20,0.3,-0.5,6
ammonia,hydrogen,hydrogen,initial-future-year,40,,20,0.3,-0.5,6
ammonia,refined liquids,refined liquids,initial-future-year,40,,20,0.3,-0.5,6