# File: A323.globaltech_cost.csv
# Title: IRONSTL default costs
# Units: 1975$/kg for supplysector IRONSTL
# Column types: ccccnnnn
# ----------
supplysector,subsector,technology,minicam.non.energy.input,1971,2010,2050,2100
iron and steel,BLASTFUR,BLASTFUR,non-energy,0.08321,0.08321,0.08321,0.08321
iron and steel,BLASTFUR,BLASTFUR CCS,non-energy,0.0901,0.0901,0.0901,0.0901
iron and steel,BLASTFUR,Biomass-based,non-energy,0.08321,0.08321,0.08321,0.08321
iron and steel,BLASTFUR,BLASTFUR with hydrogen,non-energy,0.08321,0.08321,0.08321,0.08321
iron and steel,EAF with DRI,EAF with DRI,non-energy,0.097785,0.097785,0.097785,0.097785
iron and steel,EAF with DRI,EAF with DRI CCS,non-energy,0.104675,0.104675,0.104675,0.104675
iron and steel,EAF with DRI,Hydrogen-based DRI,non-energy,0.097785,0.097785,0.097785,0.097785
iron and steel,EAF with scrap,EAF with scrap,non-energy,0.103085,0.103085,0.103085,0.103085
iron and steel,BLASTFUR,BLASTFUR CCS with hydrogen,non-energy,0.0901,0.0901,0.0901,0.0901