# File: A323.globaltech_retirement.csv
# Title: IRONSTL technology lifetimes and shutdown rates
# Units: Years for lifetime and half.life; Unitless for shutdown.rate; steepness; median.shutdown.point; profit.shutdown.steepness
# Comments: maximum lifetime of cohort. If no retirement function is used; the entire cohort is retired in this number of years
#           shutdown.rate: portion of cohort retired each year; used by the phased-shutdown-decider retirement function.
#           half.life: number of years at which 50% of the cohort is retired; using the s-curve-shutdown-decider retirement function.
#           steepness: shape parameter used by the s-curve-shutdown-decider retirement function.
#           median.shutdown.point: profit-ratio at which 50% of the cohort is shut down for lack of profitability.
#           profit.shutdown.steepness: shape parameter of profit-shutdown-decider function.
# Column types: ccccicinni
# ----------
supplysector,subsector,technology,year,lifetime,shutdown.rate,half.life,steepness,median.shutdown.point,profit.shutdown.steepness
iron and steel,BLASTFUR,BLASTFUR,final-calibration-year,20,,10,0.3,-0.5,6
iron and steel,BLASTFUR,BLASTFUR CCS,final-calibration-year,20,,10,0.3,-0.5,6
iron and steel,BLASTFUR,Biomass-based,final-calibration-year,20,,10,0.3,-0.5,6
iron and steel,BLASTFUR,BLASTFUR with hydrogen,final-calibration-year,20,,10,0.3,-0.5,6
iron and steel,EAF with DRI,EAF with DRI,final-calibration-year,20,,10,0.3,-0.5,6
iron and steel,EAF with DRI,EAF with DRI CCS,final-calibration-year,20,,10,0.3,-0.5,6
iron and steel,EAF with DRI,Hydrogen-based DRI,final-calibration-year,20,,10,0.3,-0.5,6
iron and steel,EAF with scrap,EAF with scrap,final-calibration-year,20,,10,0.3,-0.5,6
iron and steel,BLASTFUR,BLASTFUR,initial-future-year,20,,10,0.3,-0.5,6
iron and steel,BLASTFUR,BLASTFUR CCS,initial-future-year,20,,10,0.3,-0.5,6
iron and steel,BLASTFUR,Biomass-based,initial-future-year,20,,10,0.3,-0.5,6
iron and steel,BLASTFUR,BLASTFUR with hydrogen,initial-future-year,20,,10,0.3,-0.5,6
iron and steel,EAF with DRI,EAF with DRI,initial-future-year,20,,10,0.3,-0.5,6
iron and steel,EAF with DRI,EAF with DRI CCS,initial-future-year,20,,10,0.3,-0.5,6
iron and steel,EAF with DRI,Hydrogen-based DRI,initial-future-year,20,,10,0.3,-0.5,6
iron and steel,EAF with scrap,EAF with scrap,initial-future-year,20,,10,0.3,-0.5,6
iron and steel,BLASTFUR,BLASTFUR CCS with hydrogen,initial-future-year,20,,10,0.3,-0.5,6
