# File: A324.subsector_logit.csv
# Title:  agriculture, construction, mining  default subsector logit exponents
# Units: Unitless
# Column types: ccic
# ----------
supplysector,subsector,logit.exponent,logit.type
agricultural energy use,stationary,-6,
agricultural energy use,mobile,-6,
mining energy use,stationary,-6,
mining energy use,mobile,-6,
construction,construction,-6,
construction energy use,stationary,-6,
construction energy use,mobile,-6,
construction feedstocks,refined liquids,-6,
