# File: A324.subsector_shrwt.csv
# Title: agriculture, construction, mining default subsector shareweights
# Units: Unitless
# Column types: ccccn
# ----------
supplysector,subsector,year.fillout,year,share.weight
agricultural energy use,mobile,start-year,,1
agricultural energy use,stationary,start-year,,1
mining energy use,mobile,start-year,,1
mining energy use,stationary,start-year,,1
construction,construction,start-year,,1
construction energy use,mobile,start-year,,1
construction energy use,stationary,start-year,,1
construction feedstocks,refined liquids,start-year,,1
