# File: A326.subsector_interp.csv
# Title: aluminum default subsector shareweight interpolation
# Units: NA
# Column types: ccccccc
# ----------
supplysector,subsector,apply.to,from.year,to.year,to.value,interpolation.function
alumina,refined liquids,share-weight,final-calibration-year,end-year,,fixed
alumina,gas,share-weight,final-calibration-year,end-year,,fixed
alumina,biomass,share-weight,final-calibration-year,end-year,,fixed
alumina,heat,share-weight,final-calibration-year,end-year,,fixed
alumina,coal,share-weight,final-calibration-year,end-year,,fixed
aluminum,electricity,share-weight,final-calibration-year,end-year,,fixed
