# File: A327.subsector_shrwt_adj_future_years.csv
# Title: Paper default subsector shareweights
# Units: Unitless
# Column types: cccin
# ----------
supplysector,subsector,year.fillout,year,share.weight
waste biomass for paper,biomass,initial-future-year,,1
process heat paper,coal,initial-future-year,,0.5
process heat paper,gas,initial-future-year,,1
process heat paper,refined liquids,initial-future-year,,1
process heat paper,heat,initial-future-year,,1
process heat paper,electricity,2030,,1
