# File: A327.globaltech_retirement.csv
# Title: Paper technology lifetimes and shutdown rates
# Units: Years for lifetime and half.life; Unitless for shutdown.rate; steepness; median.shutdown.point; profit.shutdown.steepness
# Comments: maximum lifetime of cohort. If no retirement function is used; the entire cohort is retired in this number of years.
# shutdown.rate: portion of cohort retired each year; used by the phased-shutdown-decider retirement function.
# half.life: number of years at which 50% of the cohort is retired; using the s-curve-shutdown-decider retirement function.
# steepness: shape parameter used by the s-curve-shutdown-decider retirement function.
# median.shutdown.point: profit-ratio at which 50% of the cohort is shut down for lack of profitability.
# profit.shutdown.steepness: shape parameter of profit-shutdown-decider function.
# Column types: ccccicinni
# ----------
supplysector,subsector,technology,year,lifetime,shutdown.rate,half.life,steepness,median.shutdown.point,profit.shutdown.steepness
paper,paper,paper,final-calibration-year,40,,20,0.3,-0.5,6
waste biomass for paper,biomass,biomass,final-calibration-year,40,,20,0.3,-0.5,6
waste biomass for paper,biomass,biomass cogen,final-calibration-year,40,,20,0.3,-0.5,6
waste biomass for paper,biomass,biomass CCS,final-calibration-year,40,,20,0.3,-0.5,6
process heat paper,gas,gas,final-calibration-year,40,,20,0.3,-0.5,6
process heat paper,gas,gas cogen,final-calibration-year,40,,20,0.3,-0.5,6
process heat paper,refined liquids,refined liquids,final-calibration-year,40,,20,0.3,-0.5,6
process heat paper,refined liquids,refined liquids cogen,final-calibration-year,40,,20,0.3,-0.5,6
process heat paper,heat,heat,final-calibration-year,40,,20,0.3,-0.5,6
process heat paper,coal,coal,final-calibration-year,40,,20,0.3,-0.5,6
process heat paper,coal,coal cogen,final-calibration-year,40,,20,0.3,-0.5,6
process heat paper,electricity,electric boiler,final-calibration-year,40,,20,0.3,-0.5,6
process heat paper,electricity,electric heat pump,final-calibration-year,25,,13,0.3,-0.5,6
process heat paper,hydrogen,hydrogen,final-calibration-year,40,,20,0.3,-0.5,6
paper,paper,paper,initial-future-year,40,,20,0.3,-0.5,6
waste biomass for paper,biomass,biomass,initial-future-year,40,,20,0.3,-0.5,6
waste biomass for paper,biomass,biomass cogen,initial-future-year,40,,20,0.3,-0.5,6
waste biomass for paper,biomass,biomass CCS,initial-future-year,40,,20,0.3,-0.5,6
process heat paper,gas,gas,initial-future-year,40,,20,0.3,-0.5,6
process heat paper,gas,gas cogen,initial-future-year,40,,20,0.3,-0.5,6
process heat paper,refined liquids,refined liquids,initial-future-year,40,,20,0.3,-0.5,6
process heat paper,refined liquids,refined liquids cogen,initial-future-year,40,,20,0.3,-0.5,6
process heat paper,heat,heat,initial-future-year,40,,20,0.3,-0.5,6
process heat paper,coal,coal,initial-future-year,40,,20,0.3,-0.5,6
process heat paper,coal,coal cogen,initial-future-year,40,,20,0.3,-0.5,6
process heat paper,electricity,electric boiler,initial-future-year,40,,20,0.3,-0.5,6
process heat paper,electricity,electric heat pump,initial-future-year,25,,13,0.3,-0.5,6
process heat paper,hydrogen,hydrogen,initial-future-year,40,,20,0.3,-0.5,6
