# File: A52.subsector_interp.csv
# Title: Aggregate transportation default subsector shareweight interpolation
# Units: NA
# Column types: ccccccc 
# ----------
supplysector,subsector,apply.to,from.year,to.year,to.value,interpolation.function
transportation,coal,share-weight,final-calibration-year,end-year,,fixed
transportation,electricity,share-weight,final-calibration-year,end-year,,fixed
transportation,hydrogen,share-weight,initial-future-year,2050,,linear
transportation,gas,share-weight,final-calibration-year,end-year,,fixed
transportation,refined liquids,share-weight,final-calibration-year,end-year,,fixed
