# File: A54.tranSubsector_VOTT_ssp1_revised.csv
# Title: Transportation default subsector value of time in transit multipliers (VOTT = wage rate * this factor)
# Source: Documented in JIRA issue https://jira.pnnl.gov/jira/browse/JGCRI-358?src=confmacro.
# Units: Unitless
# Column types: ccnnnnicn 
# ----------
supplysector,tranSubsector,in.vehicle.VOTT,wait.walk.vott,wait.walk.share,time.value.multiplier,addTimeValue,speed.source,fuelprefElasticity
trn_aviation_intl,International Aviation,1.45,0.5,0.415,1.056,1,,0
trn_pass,Cycle,0.5,0.5,0,0.5,1,,0
trn_pass,Domestic Aviation,1.45,0.5,0.537,0.94,1,,0
trn_pass,HSR,0.77,0.5,0.102,0.743,1,,0
trn_pass,Passenger Rail,0.77,0.5,0.102,0.743,1,,0
trn_pass,Walk,0.5,0.5,0,0.5,1,,0
trn_pass_road,Bus,0.77,0.5,0.128,0.736,1,,0
trn_pass_road_LDV,2W and 3W,0.82,0.5,0,0.82,1,,0
trn_pass_road_LDV_4W,Car,0.82,0.5,0,0.82,0,,0
trn_pass_road_LDV_4W,Large Car and Truck,0.82,0.5,0,0.82,0,,0.1
trn_pass_road_LDV_4W,Large Car and Truck,0.82,0.5,0,0.82,0,,0.2
trn_pass_road_LDV_4W,Mini Car,0.82,0.5,0,0.82,0,,-0.2
trn_pass_road_LDV_4W,Car,0.82,0.5,0,0.82,0,,-0.1
trn_pass_road_LDV_4W,Large Car and Truck,0.82,0.5,0,0.82,0,,0
# Pass-through tranSubsectors
trn_pass,road,,,,1,0,,0
trn_pass_road,LDV,,,,1,0,,0
trn_pass_road,bus,0.77,0.5,0.128,0.736,0,,0
trn_pass_road_LDV,4W,0.82,0.5,0,0.82,1,trn_pass_road_LDV_4W,0
trn_pass_road_LDV,2W,,,,1,0,,0