# File: A54.globaltranTech_interp_revised.csv
# Title: Transportation technology default shareweights. Not including single-technology subsectors
# Source: Documented in JIRA issue https://jira.pnnl.gov/jira/browse/JGCRI-358?src=confmacro.
# Units: NA
# Column types: cccccccc
# ----------
supplysector,tranSubsector,tranTechnology,apply.to,from.year,to.year,interpolation.function,sce
trn_pass,Passenger Rail,Electric,share-weight,final-calibration-year,end-year,fixed,CORE
trn_pass,Passenger Rail,Liquids,share-weight,final-calibration-year,end-year,fixed,CORE
trn_pass_road,Bus,Liquids,share-weight,final-calibration-year,initial-future-year,linear,CORE
trn_pass_road,Bus,NG,share-weight,final-calibration-year,end-year,fixed,CORE
trn_pass_road,Bus,Hybrid Liquids,share-weight,final-calibration-year,2030,s-curve,CORE
trn_pass_road,Bus,BEV,share-weight,initial-future-year,2050,s-curve,CORE
trn_pass_road,Bus,FCEV,share-weight,initial-future-year,2050,s-curve,CORE
trn_pass_road_LDV,2W and 3W,Liquids,share-weight,final-calibration-year,end-year,fixed,CORE
trn_pass_road_LDV,2W and 3W,NG,share-weight,final-calibration-year,end-year,fixed,CORE
trn_pass_road_LDV,2W and 3W,LA-BEV,share-weight,final-calibration-year,2050,linear,CORE
trn_pass_road_LDV,2W and 3W,BEV,share-weight,initial-future-year,2030,s-curve,CORE
trn_pass_road_LDV_4W,Car,Hybrid Liquids,share-weight,final-calibration-year,2030,s-curve,CORE
trn_pass_road_LDV_4W,Car,Liquids,share-weight,final-calibration-year,end-year,fixed,CORE
trn_pass_road_LDV_4W,Car,NG,share-weight,final-calibration-year,end-year,fixed,CORE
trn_pass_road_LDV_4W,Car,BEV,share-weight,initial-future-year,2030,s-curve,CORE
trn_pass_road_LDV_4W,Car,FCEV,share-weight,initial-future-year,2030,s-curve,CORE
trn_pass_road_LDV_4W,Large Car and Truck,Hybrid Liquids,share-weight,final-calibration-year,2030,s-curve,CORE
trn_pass_road_LDV_4W,Large Car and Truck,Liquids,share-weight,final-calibration-year,end-year,fixed,CORE
trn_pass_road_LDV_4W,Large Car and Truck,NG,share-weight,final-calibration-year,end-year,fixed,CORE
trn_pass_road_LDV_4W,Large Car and Truck,BEV,share-weight,initial-future-year,2030,s-curve,CORE
trn_pass_road_LDV_4W,Large Car and Truck,FCEV,share-weight,initial-future-year,2030,s-curve,CORE
trn_pass_road_LDV_4W,Mini Car,Hybrid Liquids,share-weight,final-calibration-year,2030,s-curve,CORE
trn_pass_road_LDV_4W,Mini Car,Liquids,share-weight,final-calibration-year,end-year,fixed,CORE
trn_pass_road_LDV_4W,Mini Car,NG,share-weight,final-calibration-year,end-year,fixed,CORE
trn_pass_road_LDV_4W,Mini Car,BEV,share-weight,initial-future-year,2030,s-curve,CORE
trn_pass_road_LDV_4W,Mini Car,FCEV,share-weight,initial-future-year,2030,s-curve,CORE
trn_pass,Domestic Aviation,BEV,share-weight,2030,2100,s-curve,CORE
trn_pass,Domestic Aviation,Hydrogen,share-weight,2030,2100,s-curve,CORE
trn_aviation_intl,International Aviation,BEV,share-weight,2030,2100,s-curve,CORE
trn_aviation_intl,International Aviation,Hydrogen,share-weight,2030,2100,s-curve,CORE
trn_freight,Freight Rail,Coal,share-weight,final-calibration-year,initial-future-year,linear,CORE
trn_freight,Freight Rail,Electric,share-weight,final-calibration-year,end-year,fixed,CORE
trn_freight,Freight Rail,Liquids,share-weight,final-calibration-year,end-year,fixed,CORE
trn_freight,Freight Rail,BEV,share-weight,initial-future-year,2050,s-curve,CORE
trn_freight,Freight Rail,FCEV,share-weight,initial-future-year,2050,s-curve,CORE
trn_freight,Freight Rail,Hybrid Liquids,share-weight,initial-future-year,2050,s-curve,CORE
trn_freight_road,Light truck,Liquids,share-weight,final-calibration-year,end-year,fixed,CORE
trn_freight_road,Light truck,NG,share-weight,final-calibration-year,end-year,fixed,CORE
trn_freight_road,Light truck,Hybrid Liquids,share-weight,final-calibration-year,2030,s-curve,CORE
trn_freight_road,Light truck,BEV,share-weight,initial-future-year,2050,s-curve,CORE
trn_freight_road,Light truck,FCEV,share-weight,initial-future-year,2050,s-curve,CORE
trn_freight_road,Medium truck,Liquids,share-weight,final-calibration-year,end-year,fixed,CORE
trn_freight_road,Medium truck,NG,share-weight,final-calibration-year,end-year,fixed,CORE
trn_freight_road,Medium truck,Hybrid Liquids,share-weight,final-calibration-year,2030,s-curve,CORE
trn_freight_road,Medium truck,BEV,share-weight,initial-future-year,2050,s-curve,CORE
trn_freight_road,Medium truck,FCEV,share-weight,initial-future-year,2050,s-curve,CORE
trn_freight_road,Heavy truck,Liquids,share-weight,final-calibration-year,end-year,fixed,CORE
trn_freight_road,Heavy truck,NG,share-weight,final-calibration-year,end-year,fixed,CORE
trn_freight_road,Heavy truck,Hybrid Liquids,share-weight,final-calibration-year,2030,s-curve,CORE
trn_freight_road,Heavy truck,BEV,share-weight,initial-future-year,2050,s-curve,CORE
trn_freight_road,Heavy truck,FCEV,share-weight,initial-future-year,2050,s-curve,CORE
trn_freight,Domestic Ship,BEV,share-weight,2030,2075,s-curve,CORE
trn_freight,Domestic Ship,FCEV,share-weight,2030,2075,s-curve,CORE
trn_freight,Domestic Ship,Hybrid Liquids,share-weight,final-calibration-year,2050,s-curve,CORE
trn_shipping_intl,International Ship,BEV,share-weight,2030,2075,s-curve,CORE
trn_shipping_intl,International Ship,FCEV,share-weight,2030,2075,s-curve,CORE
trn_shipping_intl,International Ship,Hybrid Liquids,share-weight,final-calibration-year,2050,s-curve,CORE
