# File: A61.Cstorage_curves.csv
# Title: Carbon storage resource supply curve points
# Units: cost_2005USDtCO2: 2005$/tCO2
# Column types: cccnn 
# ----------
resource,subresource,grade,fraction,cost_2005USDtCO2
onshore carbon-storage,onshore carbon-storage,grade 1,0,0
onshore carbon-storage,onshore carbon-storage,grade 2,0.005,0.1
onshore carbon-storage,onshore carbon-storage,grade 3,0.1,5
onshore carbon-storage,onshore carbon-storage,grade 4,0.6,10
onshore carbon-storage,onshore carbon-storage,grade 5,0.295,75
onshore carbon-storage,onshore carbon-storage,grade 6,0,3500
