# File: A_ff_RegionalSubsector.csv
# Title: Subsector assumptions for regional fossil fuel markets
# Units: Various
# Comments: These subsectors' shareweights evolve over time. They are calibrated to 2010 shares, but become 1 in some to.year following an interpolation.function
# Source: NA
# Column types: ccncncccncc
# ----------
supplysector,subsector,logit.exponent,year.fillout,share.weight,apply.to,from.year,to.year,to.value,interpolation.function,logit.type
regional coal,domestic coal,-6,start-year,1,share-weight,final-calibration-year,2300,1,s-curve,
regional coal,imported coal,-6,start-year,1,share-weight,final-calibration-year,2100,1,linear,
regional oil,domestic crude oil,-6,start-year,1,share-weight,final-calibration-year,2300,1,s-curve,
regional oil,imported crude oil,-6,start-year,1,share-weight,final-calibration-year,2150,1,linear,
regional natural gas,domestic natural gas,-6,start-year,1,share-weight,final-calibration-year,2300,1,s-curve,
regional natural gas,imported natural gas,-6,start-year,1,share-weight,final-calibration-year,2100,1,linear,
