# File: A_ff_TradedTechnology_NG.csv
# Title: Technology-level assumptions of traded natural gas markets (LNG and pipeline gas)
# Units: Various
# Comments: For traded fuels each subsector has only one technology; there is no technology-level competition.
#           half.life: number of years at which 50% of the base year cohort is retired; using the s-curve-shutdown-decider retirement function.
#           steepness: shape parameter used by the s-curve-shutdown-decider retirement function.
#           median.shutdown.point: profit-ratio at which 50% of the cohort is shut down for lack of profitability.
#           profit.shutdown.steepness: shape parameter of profit-shutdown-decider function.
# Source: NA
# Column types: ccccnninnnnn
# ----------
supplysector,subsector,technology,minicam.energy.input,coefficient,share.weight,traded,lifetime,half.life,steepness,median.shutdown.point,profit.shutdown.steepness
traded LNG,traded LNG,traded LNG,natural gas,1,1,1,45,23,0.2,-0.5,6
traded N.Amer pipeline gas,traded N.Amer pipeline gas,traded N.Amer pipeline gas,natural gas,1,1,1,45,23,0.2,-0.5,6
traded LA pipeline gas,traded LA pipeline gas,traded LA pipeline gas,natural gas,1,1,1,45,23,0.2,-0.5,6
traded EUR pipeline gas,traded EUR pipeline gas,traded EUR pipeline gas,natural gas,1,1,1,45,23,0.2,-0.5,6
traded RUS pipeline gas,traded RUS pipeline gas,traded RUS pipeline gas,natural gas,1,1,1,45,23,0.2,-0.5,6
traded Afr_MidE pipeline gas,traded Afr_MidE pipeline gas,traded Afr_MidE pipeline gas,natural gas,1,1,1,45,23,0.2,-0.5,6
traded PAC pipeline gas,traded PAC pipeline gas,traded PAC pipeline gas,natural gas,1,1,1,45,23,0.2,-0.5,6
gas trade statistical differences,statistical differences,statistical differences,natural gas,1,1,1,45,23,0.2,-0.5,6
traded LNG,statistical differences,statistical differences,gas trade statistical differences,1,1,1,45,23,0.2,-0.5,6
traded N.Amer pipeline gas,statistical differences,statistical differences,gas trade statistical differences,1,1,1,45,23,0.2,-0.5,6
traded LA pipeline gas,statistical differences,statistical differences,gas trade statistical differences,1,1,1,45,23,0.2,-0.5,6
traded EUR pipeline gas,statistical differences,statistical differences,gas trade statistical differences,1,1,1,45,23,0.2,-0.5,6
traded RUS pipeline gas,statistical differences,statistical differences,gas trade statistical differences,1,1,1,45,23,0.2,-0.5,6
traded Afr_MidE pipeline gas,statistical differences,statistical differences,gas trade statistical differences,1,1,1,45,23,0.2,-0.5,6
traded PAC pipeline gas,statistical differences,statistical differences,gas trade statistical differences,1,1,1,45,23,0.2,-0.5,6
