# File: A_ff_RegionalTechnology_NG.csv
# Title: Technology-level assumptions of regional natural gas markets (pipeline and LNG)
# Units: Various
# Comments: Natural gas uses infinite nesting subsectors. The nesting subsectors capture competition between domestic and imported natural gas; the subsector0 captures competition between LNG and pipeline gas; the technology captures the specific pipeline network that each region may be connected to. Technology interp rules for pipelines are overwritten in A21.stubtech_interp_R
#           half.life: number of years at which 50% of the base year cohort is retired; using the s-curve-shutdown-decider retirement function.
#           steepness: shape parameter used by the s-curve-shutdown-decider retirement function.
#           median.shutdown.point: profit-ratio at which 50% of the cohort is shut down for lack of profitability.
#           profit.shutdown.steepness: shape parameter of profit-shutdown-decider function.
# Source: NA
# Column types: cccccnnnnnccccnncnn
# ----------
supplysector,subsector0,subsector,technology,minicam.energy.input,coefficient,share.weight,lifetime,half.life,steepness,market.name,primary.consumption,apply.to,from.year,to.year,to.value,interpolation.function,median.shutdown.point,profit.shutdown.steepness
regional natural gas,domestic natural gas,domestic natural gas,domestic natural gas,natural gas,1,1,45,23,0.2,regional,natural gas,share-weight,final-calibration-year,2100,1,fixed,-0.5,6
regional natural gas,imported natural gas,imported LNG,imported LNG,traded LNG,1,1,45,23,0.2,USA,natural gas,share-weight,final-calibration-year,2100,1,fixed,-0.5,6
regional natural gas,imported natural gas,imported pipeline gas,imported N.Amer pipeline gas,traded N.Amer pipeline gas,1,1,45,23,0.2,USA,natural gas,share-weight,final-calibration-year,2100,1,fixed,-0.5,6
regional natural gas,imported natural gas,imported pipeline gas,imported LA pipeline gas,traded LA pipeline gas,1,1,45,23,0.2,USA,natural gas,share-weight,final-calibration-year,2100,1,fixed,-0.5,6
regional natural gas,imported natural gas,imported pipeline gas,imported EUR pipeline gas,traded EUR pipeline gas,1,1,45,23,0.2,USA,natural gas,share-weight,final-calibration-year,2100,1,fixed,-0.5,6
regional natural gas,imported natural gas,imported pipeline gas,imported RUS pipeline gas,traded RUS pipeline gas,1,1,45,23,0.2,USA,natural gas,share-weight,final-calibration-year,2100,1,fixed,-0.5,6
regional natural gas,imported natural gas,imported pipeline gas,imported Afr_MidE pipeline gas,traded Afr_MidE pipeline gas,1,1,45,23,0.2,USA,natural gas,share-weight,final-calibration-year,2100,1,fixed,-0.5,6
regional natural gas,imported natural gas,imported pipeline gas,imported PAC pipeline gas,traded PAC pipeline gas,1,1,45,23,0.2,USA,natural gas,share-weight,final-calibration-year,2100,1,fixed,-0.5,6
