# File: calibrated_techs.csv
# Title: Mapping from calibrated intermediate sectors and fuels to supplysector / subsector / technology / input in GCAM
# Units: n/a
# Column types: cccccccc
# ----------
sector,fuel,supplysector,subsector,technology,minicam.energy.input,calibration,secondary.output
electricity generation,coal,electricity,coal,coal (conv pul),regional coal,input,heat
electricity generation,gas,electricity,gas,gas (steam/CT),wholesale gas,input,heat
electricity generation,gas,electricity,gas,gas (CC),wholesale gas,input,
electricity generation,refined liquids,electricity,refined liquids,refined liquids (steam/CT),refined liquids industrial,input,heat
electricity generation,biomass,electricity,biomass,biomass (conv),regional biomass,input,heat
electricity generation,nuclear,electricity,nuclear,Gen_II_LWR,nuclearFuelGenII,output,
electricity generation,hydro,electricity,hydro,hydro,,fixed output,
electricity generation,wind,electricity,wind,wind,onshore wind resource,output,
electricity generation,solar PV,electricity,solar,PV,global solar resource,output,
electricity generation,solar CSP,electricity,solar,CSP,global solar resource,output,
electricity generation,geothermal,electricity,geothermal,geothermal,geothermal,output,
gas processing,coal,gas processing,coal gasification,coal gasification,regional coal,output,
gas processing,gas,gas processing,natural gas,natural gas,regional natural gas,output,
gas processing,biomass,gas processing,biomass gasification,biomass gasification,regional biomass,output,
corn ethanol,corn,refining,biomass liquids,corn ethanol,regional corn for ethanol,output,
corn ethanol,gas,refining,biomass liquids,corn ethanol,wholesale gas,output,
corn ethanol,electricity,refining,biomass liquids,corn ethanol,elect_td_ind,output,
sugar cane ethanol,sugar,refining,biomass liquids,sugar cane ethanol,regional sugar for ethanol,output,
biodiesel,biomass oil,refining,biomass liquids,biodiesel,regional biomassOil,output,
biodiesel,gas,refining,biomass liquids,biodiesel,wholesale gas,output,
cellulosic ethanol,biomass,refining,biomass liquids,cellulosic ethanol,regional biomass,output,
FT biofuels,biomass,refining,biomass liquids,FT biofuels,regional biomass,output,
gtl,gas,refining,gas to liquids,gas to liquids,regional natural gas,output,
ctl,coal,refining,coal to liquids,coal to liquids,regional coal,output,
oil refining,oil,refining,oil refining,oil refining,regional oil,output,
oil refining,gas,refining,oil refining,oil refining,wholesale gas,output,
oil refining,electricity,refining,oil refining,oil refining,elect_td_ind,output,
heat,biomass,district heat,biomass,biomass,delivered biomass,input,
heat,coal,district heat,coal,coal,delivered coal,input,
heat,electricity,district heat,electricity,electricity,elect_td_ind,input,
heat,gas,district heat,gas,gas,wholesale gas,input,
heat,refined liquids,district heat,refined liquids,refined liquids,refined liquids industrial,input,
electricity ownuse,electricity,electricity_net_ownuse,electricity_net_ownuse,electricity_net_ownuse,electricity,coefficient,
electricity distribution,electricity,elect_td_bld,elect_td_bld,elect_td_bld,electricity_net_ownuse,coefficient,
electricity distribution,electricity,elect_td_ind,elect_td_ind,elect_td_ind,electricity_net_ownuse,coefficient,
electricity distribution,electricity,elect_td_trn,elect_td_trn,elect_td_trn,electricity_net_ownuse,coefficient,
gas pipeline,gas,gas pipeline,gas pipeline,gas pipeline,gas processing,coefficient,
heat,biomass,district heat,biomass,biomass,delivered biomass,input,
heat,coal,district heat,coal,coal,delivered coal,input,
heat,gas,district heat,gas,gas,wholesale gas,input,
heat,refined liquids,district heat,refined liquids,refined liquids,refined liquids industrial,input,
chp_elec,biomass,other industrial energy use,biomass,biomass cogen,delivered biomass,input,electricity
chp_elec,coal,other industrial energy use,coal,coal cogen,delivered coal,input,electricity
chp_elec,gas,other industrial energy use,gas,gas cogen,wholesale gas,input,electricity
chp_elec,refined liquids,other industrial energy use,refined liquids,refined liquids cogen,refined liquids industrial,input,electricity
industry_feedstocks,coal,other industrial feedstocks,coal,coal,delivered coal,input,
industry_feedstocks,gas,other industrial feedstocks,gas,gas,wholesale gas,input,
industry_feedstocks,refined liquids,other industrial feedstocks,refined liquids,refined liquids,refined liquids industrial,input,
industry_energy,biomass,other industrial energy use,biomass,biomass,delivered biomass,input,
industry_energy,coal,other industrial energy use,coal,coal,delivered coal,input,
industry_energy,electricity,other industrial energy use,electricity,electricity,elect_td_ind,input,
industry_energy,gas,other industrial energy use,gas,gas,wholesale gas,input,
industry_energy,heat,other industrial energy use,district heat,district heat,district heat,input,
industry_energy,refined liquids,other industrial energy use,refined liquids,refined liquids,refined liquids industrial,input,
cement,electricity,cement,cement,cement,elect_td_ind,output,
cement,heat,cement,cement,cement,process heat cement,output,
cement,limestone,cement,cement,cement,limestone,output,
cement,biomass,process heat cement,biomass,biomass,delivered biomass,input,
cement,coal,process heat cement,coal,coal,delivered coal,input,
cement,gas,process heat cement,gas,gas,wholesale gas,input,
cement,refined liquids,process heat cement,refined liquids,refined liquids,refined liquids industrial,input,
ammonia,gas,ammonia,gas,gas,wholesale gas,output,
ammonia,coal,ammonia,coal,coal,delivered coal,output,
ammonia,refined liquids,ammonia,refined liquids,refined liquids,refined liquids industrial,output,
iron and steel,coal,iron and steel,BLASTFUR,BLASTFUR,delivered coal,output,
iron and steel,refined liquids,iron and steel,BLASTFUR,BLASTFUR,refined liquids industrial,output,
iron and steel,electricity,iron and steel,BLASTFUR,BLASTFUR,elect_td_ind,output,
iron and steel,gas,iron and steel,BLASTFUR,BLASTFUR,wholesale gas,output,
iron and steel,coal,iron and steel,BLASTFUR,BLASTFUR CCS,delivered coal,output,
iron and steel,refined liquids,iron and steel,BLASTFUR,BLASTFUR CCS,refined liquids industrial,output,
iron and steel,electricity,iron and steel,BLASTFUR,BLASTFUR CCS,elect_td_ind,output,
iron and steel,gas,iron and steel,BLASTFUR,BLASTFUR CCS,wholesale gas,output,
iron and steel,biomass,iron and steel,BLASTFUR,Biomass-based,delivered biomass,output,
iron and steel,refined liquids,iron and steel,BLASTFUR,Biomass-based,refined liquids industrial,output,
iron and steel,electricity,iron and steel,BLASTFUR,Biomass-based,elect_td_ind,output,
iron and steel,gas,iron and steel,BLASTFUR,Biomass-based,wholesale gas,output,
iron and steel,coal,iron and steel,BLASTFUR,BLASTFUR with hydrogen,delivered coal,output,
iron and steel,electricity,iron and steel,BLASTFUR,BLASTFUR with hydrogen,elect_td_ind,output,
iron and steel,hydrogen,iron and steel,BLASTFUR,BLASTFUR with hydrogen,H2 industrial,output,
iron and steel,refined liquids,iron and steel,BLASTFUR,BLASTFUR with hydrogen,refined liquids industrial,output,
iron and steel,gas,iron and steel,BLASTFUR,BLASTFUR with hydrogen,wholesale gas,output,
iron and steel,coal,iron and steel,BLASTFUR,BLASTFUR CCS with hydrogen,delivered coal,output,
iron and steel,electricity,iron and steel,BLASTFUR,BLASTFUR CCS with hydrogen,elect_td_ind,output,
iron and steel,hydrogen,iron and steel,BLASTFUR,BLASTFUR CCS with hydrogen,H2 industrial,output,
iron and steel,refined liquids,iron and steel,BLASTFUR,BLASTFUR CCS with hydrogen,refined liquids industrial,output,
iron and steel,gas,iron and steel,BLASTFUR,BLASTFUR CCS with hydrogen,wholesale gas,output,
iron and steel,coal,iron and steel,EAF with DRI,EAF with DRI,delivered coal,output,
iron and steel,refined liquids,iron and steel,EAF with DRI,EAF with DRI,refined liquids industrial,output,
iron and steel,electricity,iron and steel,EAF with DRI,EAF with DRI,elect_td_ind,output,
iron and steel,gas,iron and steel,EAF with DRI,EAF with DRI,wholesale gas,output,
iron and steel,coal,iron and steel,EAF with DRI,EAF with DRI CCS,delivered coal,output,
iron and steel,refined liquids,iron and steel,EAF with DRI,EAF with DRI CCS,refined liquids industrial,output,
iron and steel,electricity,iron and steel,EAF with DRI,EAF with DRI CCS,elect_td_ind,output,
iron and steel,gas,iron and steel,EAF with DRI,EAF with DRI CCS,wholesale gas,output,
iron and steel,hydrogen,iron and steel,EAF with DRI,Hydrogen-based DRI,H2 industrial,output,
iron and steel,electricity,iron and steel,EAF with DRI,Hydrogen-based DRI,elect_td_ind,output,
iron and steel,refined liquids,iron and steel,EAF with scrap,EAF with scrap,refined liquids industrial,output,
iron and steel,electricity,iron and steel,EAF with scrap,EAF with scrap,elect_td_ind,output,
iron and steel,gas,iron and steel,EAF with scrap,EAF with scrap,wholesale gas,output,
iron and steel,scrap,iron and steel,EAF with scrap,EAF with scrap,scrap,output,
in_industry_agriculture,refined liquids,agricultural energy use,mobile,refined liquids,refined liquids industrial,input,
in_industry_agriculture,refined liquids,agricultural energy use,stationary,refined liquids,refined liquids industrial,input,
in_industry_agriculture,gas,agricultural energy use,stationary,gas,wholesale gas,input,
in_industry_agriculture,biomass,agricultural energy use,stationary,biomass,delivered biomass,input,
in_industry_agriculture,electricity,agricultural energy use,stationary,electricity,elect_td_ind,input,
in_industry_agriculture,hydrogen,agricultural energy use,stationary,hydrogen,H2 retail delivery,input,
in_industry_agriculture,coal,agricultural energy use,stationary,coal,delivered coal,input,
in_industry_agriculture,heat,agricultural energy use,stationary,heat,district heat,input,
mining energy use,refined liquids,mining energy use,mobile,refined liquids,refined liquids industrial,input,
mining energy use,refined liquids,mining energy use,stationary,refined liquids,refined liquids industrial,input,
mining energy use,gas,mining energy use,stationary,gas,wholesale gas,input,
mining energy use,biomass,mining energy use,stationary,biomass,delivered biomass,input,
mining energy use,electricity,mining energy use,stationary,electricity,elect_td_ind,input,
mining energy use,hydrogen,mining energy use,stationary,hydrogen,H2 retail delivery,input,
mining energy use,coal,mining energy use,stationary,coal,delivered coal,input,
mining energy use,heat,mining energy use,stationary,heat,district heat,input,
construction energy use,refined liquids,construction energy use,mobile,refined liquids,refined liquids industrial,input,
construction energy use,refined liquids,construction energy use,stationary,refined liquids,refined liquids industrial,input,
construction energy use,gas,construction energy use,stationary,gas,wholesale gas,input,
construction energy use,biomass,construction energy use,stationary,biomass,delivered biomass,input,
construction energy use,electricity,construction energy use,stationary,electricity,elect_td_ind,input,
construction energy use,hydrogen,construction energy use,stationary,hydrogen,H2 retail delivery,input,
construction energy use,coal,construction energy use,stationary,coal,delivered coal,input,
construction energy use,heat,construction energy use,stationary,heat,district heat,input,
construction feedstocks,refined liquids,construction feedstocks,refined liquids,refined liquids,refined liquids industrial,input,
chemical energy use,refined liquids,chemical energy use,refined liquids,refined liquids,refined liquids industrial,input,
chemical energy use,refined liquids cogen,chemical energy use,refined liquids,refined liquids cogen,refined liquids industrial,input,
chemical energy use,refined liquids CCS,chemical energy use,refined liquids,refined liquids CCS,refined liquids industrial,input,
chemical energy use,gas,chemical energy use,gas,gas,wholesale gas,input,
chemical energy use,gas cogen,chemical energy use,gas,gas cogen,wholesale gas,input,
chemical energy use,gas CCS,chemical energy use,gas,gas CCS,wholesale gas,input,
chemical energy use,biomass,chemical energy use,biomass,biomass,delivered biomass,input,
chemical energy use,biomass cogen,chemical energy use,biomass,biomass cogen,delivered biomass,input,
chemical energy use,biomass CCS,chemical energy use,biomass,biomass CCS,delivered biomass,input,
chemical energy use,electricity,chemical energy use,electricity,electricity,elect_td_ind,input,
chemical energy use,hydrogen,chemical energy use,hydrogen,hydrogen,H2 wholesale delivery,input,
chemical energy use,hydrogen cogen,chemical energy use,hydrogen,hydrogen cogen,H2 wholesale delivery,input,
chemical energy use,coal,chemical energy use,coal,coal,delivered coal,input,
chemical energy use,coal cogen,chemical energy use,coal,coal cogen,delivered coal,input,
chemical energy use,coal CCS,chemical energy use,coal,coal CCS,delivered coal,input,
chemical energy use,heat,chemical energy use,heat,heat,district heat,input,
chemical feedstocks,refined liquids,chemical feedstocks,refined liquids,refined liquids,refined liquids industrial,input,
chemical feedstocks,gas,chemical feedstocks,gas,gas,wholesale gas,input,
chemical feedstocks,coal,chemical feedstocks,coal,coal,delivered coal,input,
Alumina,refined liquids,alumina,refined liquids,refined liquids,refined liquids industrial,input,
Alumina,refined liquids cogen,alumina,refined liquids,refined liquids cogen,refined liquids industrial,input,
Alumina,refined liquids CCS,alumina,refined liquids,refined liquids CCS,refined liquids industrial,input,
Alumina,coal,alumina,coal,coal,delivered coal,input,
Alumina,coal cogen,alumina,coal,coal cogen,delivered coal,input,
Alumina,coal CCS,alumina,coal,coal CCS,delivered coal,input,
Alumina,gas,alumina,gas,gas,wholesale gas,input,
Alumina,gas cogen,alumina,gas,gas cogen,wholesale gas,input,
Alumina,gas CCS,alumina,gas,gas CCS,wholesale gas,input,
Alumina,biomass,alumina,biomass,biomass,delivered biomass,input,
Alumina,biomass cogen,alumina,biomass,biomass cogen,delivered biomass,input,
Alumina,biomass CCS,alumina,biomass,biomass CCS,delivered biomass,input,
Alumina,heat,alumina,heat,heat,district heat,input,
Aluminum,electricity,aluminum,electricity,electricity,elect_td_ind,output,
Aluminum,alumina,aluminum,electricity,electricity,alumina,output,
food processing,electricity,food processing,food processing,food processing,elect_td_ind,output,
food processing,heat,food processing,food processing,food processing,process heat food processing,output,
food processing,biomass,process heat food processing,biomass,biomass,delivered biomass,input,
food processing,biomass cogen,process heat food processing,biomass,biomass cogen,delivered biomass,input,electricity
food processing,gas,process heat food processing,gas,gas,wholesale gas,input,
food processing,gas cogen,process heat food processing,gas,gas cogen,wholesale gas,input,electricity
food processing,refined liquids,process heat food processing,refined liquids,refined liquids,refined liquids industrial,input,
food processing,refined liquids cogen,process heat food processing,refined liquids,refined liquids cogen,refined liquids industrial,input,electricity
food processing,heat,process heat food processing,heat,heat,district heat,input,
food processing,coal,process heat food processing,coal,coal,delivered coal,input,
food processing,coal cogen,process heat food processing,coal,coal cogen,delivered coal,input,electricity
food processing,electricity,process heat food processing,electricity,electricity,elect_td_ind,input,
food processing,electricity,process heat food processing,electricity,electric heat pump,elect_td_ind,input,
food processing,gas,process heat food processing,gas,gas with solar,wholesale gas,input,
food processing,solar,process heat food processing,gas,gas with solar,global solar resource,input,
food processing,electricity,process heat food processing,electricity,electricity with solar,elect_td_ind,input,
food processing,solar,process heat food processing,electricity,electricity with solar,global solar resource,input,
paper,electricity,paper,paper,paper,elect_td_ind,output,
paper,waste biomass for paper,paper,paper,paper,waste biomass for paper,input,
paper,heat,paper,paper,paper,process heat paper,input,
paper,biomass,waste biomass for paper,biomass,biomass,regional woodpulp for energy,input,
paper,biomass cogen,waste biomass for paper,biomass,biomass cogen,regional woodpulp for energy,input,
paper,biomass CCS,waste biomass for paper,biomass,biomass CCS,regional woodpulp for energy,input,
paper,gas,process heat paper,gas,gas,wholesale gas,input,
paper,gas cogen,process heat paper,gas,gas cogen,wholesale gas,input,
paper,refined liquids,process heat paper,refined liquids,refined liquids,refined liquids industrial,input,
paper,refined liquids cogen,process heat paper,refined liquids,refined liquids cogen,refined liquids industrial,input,
paper,heat,process heat paper,heat,heat,district heat,input,
paper,coal,process heat paper,coal,coal,delivered coal,input,
paper,coal cogen,process heat paper,coal,coal cogen,delivered coal,input,
paper,electric boiler,process heat paper,electricity,electric boiler,elect_td_ind,input,
paper,electric heat pump,process heat paper,electricity,electric heat pump,elect_td_ind,input,
paper,hydrogen,process heat paper,hydrogen,hydrogen,H2 industrial,input,
