# File: Muratori_globaltech_OMvar.csv
# Title: Electricity technology variable operations and maintenance costs
# Units: 1975$/MWh
# Source: GCAM assumptions; developed from assumptions to NEMS model in support of the Annual Energy Outlook (https://www.eia.gov/outlooks/aeo/assumptions/pdf/electricity.pdf).
# Future improvement is based on the maximum % reduction that the literature deems likely and a rate corresponding to the maturity level of the technology
# Note that some technologies are the same as another with additional equipment (i.e. CCS) for those technologies the improvement is on the additional equipment
# Column types: ccccnnnnnnnc 
# ----------
supplysector,subsector,technology,input.OM.var,1971,1990,2005,2010,2015,improvement.max,improvement.rate,improvement.shadow.technology
electricity,coal,coal (conv pul),OM-var,1.47,1.47,1.47,1.239308049,1.239308049,0.75,0.01,
electricity,coal,coal (conv pul CCS),OM-var,2.478616097,2.478616097,2.478616097,2.478616097,2.478616097,0.6,0.05,coal (conv pul)
electricity,coal,coal (IGCC),OM-var,0.94,0.94,0.94,2.013875579,2.013875579,0.7,0.03,
electricity,coal,coal (IGCC CCS),OM-var,1.72,1.72,1.72,3.098270122,3.098270122,0.6,0.05,coal (IGCC)
electricity,gas,gas (steam/CT),OM-var,1.08,1.08,1.08,3.098270122,3.098270122,0.75,0.01,
electricity,gas,gas (CC),OM-var,0.65,0.65,0.65,1.084394543,1.084394543,0.75,0.01,
electricity,gas,gas (CC CCS),OM-var,0.83,0.83,0.83,2.168789085,2.168789085,0.6,0.05,gas (CC)
electricity,refined liquids,refined liquids (steam/CT),OM-var,1.08,1.08,1.08,3.098270122,3.098270122,0.75,0.01,
electricity,refined liquids,refined liquids (CC),OM-var,0.84,0.84,0.84,1.084394543,1.084394543,0.75,0.01,
electricity,refined liquids,refined liquids (CC CCS),OM-var,1.21,1.21,1.21,2.581164475,2.581164475,0.6,0.05,refined liquids (CC)
electricity,biomass,biomass (conv),OM-var,1.49,1.49,1.49,3.098270122,3.098270122,0.75,0.01,
electricity,biomass,biomass (conv CCS),OM-var,4.142375804,4.142375804,4.142375804,4.142375804,4.142375804,0.6,0.05,biomass (conv)
electricity,biomass,biomass (IGCC),OM-var,0.95,0.95,0.95,4.647405183,4.647405183,0.7,0.03,
electricity,biomass,biomass (IGCC CCS),OM-var,1.62,1.62,1.62,5.560997655,5.560997655,0.6,0.05,biomass (IGCC)
electricity,nuclear,Gen_II_LWR,OM-var,0.05,0.05,0.05,0.619654024,0.619654024,1,0,
electricity,nuclear,Gen_III,OM-var,0.16,0.16,0.16,0.619654024,0.619654024,0.75,0.01,
electricity,wind,wind,OM-var,2.28,2.28,2.28,0,0,0.7,0.03,
electricity,wind,wind_storage,OM-var,3.91,3.91,3.91,0,0,0.7,0.03,wind
electricity,wind,wind_offshore,OM-var,2.28,2.28,2.28,0,0,0.7,0.03,
electricity,solar,PV,OM-var,0,0,0,0,0,0.7,0.03,
electricity,solar,PV_storage,OM-var,0,0,0,0,0,0.7,0.03,
electricity,solar,CSP,OM-var,0,0,0,0,0,0.6,0.05,
electricity,solar,CSP_storage,OM-var,0,0,0,0,0,0.7,0.03,
electricity,geothermal,geothermal,OM-var,0,0,0,0,0,0.75,0.01,
elect_td_bld,rooftop_pv,rooftop_pv,OM-var,0,0,0,0,0,0.7,0.03,
