# File: NREL_ATB_OMvar_2021.csv
# Title: Technology variable O&M cost assumptions by year from NREL 2021 ATB
# Units: $2019/MWh
# Source: NREL 2021 Annual Technology Baseline for 2019-2050 (https://data.openei.org/submissions/4129)
# Comments: tech_type corresponds to tab within the ATB workbooks; tech_detail corresponds to the more detailed technologies within those tabs
# Users can specify how ATB technologies are mapped to GCAM technologies in energy/mappings/atb_gcam_mapping.csv
# Column types: ccccnnnnnnnnnnnnnnnnnnnnnnnnnnnnnnnn
# ----------
tech_type,tech_detail,input,case,2019,2020,2021,2022,2023,2024,2025,2026,2027,2028,2029,2030,2031,2032,2033,2034,2035,2036,2037,2038,2039,2040,2041,2042,2043,2044,2045,2046,2047,2048,2049,2050
Offshore Wind,Class 1,OM-var,adv tech,0,0,0,0,0,0,0,0,0,0,0,0,0,0,0,0,0,0,0,0,0,0,0,0,0,0,0,0,0,0,0,0
Offshore Wind,Class 1,OM-var,central,0,0,0,0,0,0,0,0,0,0,0,0,0,0,0,0,0,0,0,0,0,0,0,0,0,0,0,0,0,0,0,0
Offshore Wind,Class 1,OM-var,low tech,0,0,0,0,0,0,0,0,0,0,0,0,0,0,0,0,0,0,0,0,0,0,0,0,0,0,0,0,0,0,0,0
Offshore Wind,Class 2,OM-var,adv tech,0,0,0,0,0,0,0,0,0,0,0,0,0,0,0,0,0,0,0,0,0,0,0,0,0,0,0,0,0,0,0,0
Offshore Wind,Class 2,OM-var,central,0,0,0,0,0,0,0,0,0,0,0,0,0,0,0,0,0,0,0,0,0,0,0,0,0,0,0,0,0,0,0,0
Offshore Wind,Class 2,OM-var,low tech,0,0,0,0,0,0,0,0,0,0,0,0,0,0,0,0,0,0,0,0,0,0,0,0,0,0,0,0,0,0,0,0
Offshore Wind,Class 3,OM-var,adv tech,0,0,0,0,0,0,0,0,0,0,0,0,0,0,0,0,0,0,0,0,0,0,0,0,0,0,0,0,0,0,0,0
Offshore Wind,Class 3,OM-var,central,0,0,0,0,0,0,0,0,0,0,0,0,0,0,0,0,0,0,0,0,0,0,0,0,0,0,0,0,0,0,0,0
Offshore Wind,Class 3,OM-var,low tech,0,0,0,0,0,0,0,0,0,0,0,0,0,0,0,0,0,0,0,0,0,0,0,0,0,0,0,0,0,0,0,0
Offshore Wind,Class 4,OM-var,adv tech,0,0,0,0,0,0,0,0,0,0,0,0,0,0,0,0,0,0,0,0,0,0,0,0,0,0,0,0,0,0,0,0
Offshore Wind,Class 4,OM-var,central,0,0,0,0,0,0,0,0,0,0,0,0,0,0,0,0,0,0,0,0,0,0,0,0,0,0,0,0,0,0,0,0
Offshore Wind,Class 4,OM-var,low tech,0,0,0,0,0,0,0,0,0,0,0,0,0,0,0,0,0,0,0,0,0,0,0,0,0,0,0,0,0,0,0,0
Offshore Wind,Class 5,OM-var,adv tech,0,0,0,0,0,0,0,0,0,0,0,0,0,0,0,0,0,0,0,0,0,0,0,0,0,0,0,0,0,0,0,0
Offshore Wind,Class 5,OM-var,central,0,0,0,0,0,0,0,0,0,0,0,0,0,0,0,0,0,0,0,0,0,0,0,0,0,0,0,0,0,0,0,0
Offshore Wind,Class 5,OM-var,low tech,0,0,0,0,0,0,0,0,0,0,0,0,0,0,0,0,0,0,0,0,0,0,0,0,0,0,0,0,0,0,0,0
Offshore Wind,Class 6,OM-var,adv tech,0,0,0,0,0,0,0,0,0,0,0,0,0,0,0,0,0,0,0,0,0,0,0,0,0,0,0,0,0,0,0,0
Offshore Wind,Class 6,OM-var,central,0,0,0,0,0,0,0,0,0,0,0,0,0,0,0,0,0,0,0,0,0,0,0,0,0,0,0,0,0,0,0,0
Offshore Wind,Class 6,OM-var,low tech,0,0,0,0,0,0,0,0,0,0,0,0,0,0,0,0,0,0,0,0,0,0,0,0,0,0,0,0,0,0,0,0
Offshore Wind,Class 7,OM-var,adv tech,0,0,0,0,0,0,0,0,0,0,0,0,0,0,0,0,0,0,0,0,0,0,0,0,0,0,0,0,0,0,0,0
Offshore Wind,Class 7,OM-var,central,0,0,0,0,0,0,0,0,0,0,0,0,0,0,0,0,0,0,0,0,0,0,0,0,0,0,0,0,0,0,0,0
Offshore Wind,Class 7,OM-var,low tech,0,0,0,0,0,0,0,0,0,0,0,0,0,0,0,0,0,0,0,0,0,0,0,0,0,0,0,0,0,0,0,0
Offshore Wind,Class 8,OM-var,adv tech,0,0,0,0,0,0,0,0,0,0,0,0,0,0,0,0,0,0,0,0,0,0,0,0,0,0,0,0,0,0,0,0
Offshore Wind,Class 8,OM-var,central,0,0,0,0,0,0,0,0,0,0,0,0,0,0,0,0,0,0,0,0,0,0,0,0,0,0,0,0,0,0,0,0
Offshore Wind,Class 8,OM-var,low tech,0,0,0,0,0,0,0,0,0,0,0,0,0,0,0,0,0,0,0,0,0,0,0,0,0,0,0,0,0,0,0,0
Offshore Wind,Class 9,OM-var,adv tech,0,0,0,0,0,0,0,0,0,0,0,0,0,0,0,0,0,0,0,0,0,0,0,0,0,0,0,0,0,0,0,0
Offshore Wind,Class 9,OM-var,central,0,0,0,0,0,0,0,0,0,0,0,0,0,0,0,0,0,0,0,0,0,0,0,0,0,0,0,0,0,0,0,0
Offshore Wind,Class 9,OM-var,low tech,0,0,0,0,0,0,0,0,0,0,0,0,0,0,0,0,0,0,0,0,0,0,0,0,0,0,0,0,0,0,0,0
Offshore Wind,Class 10,OM-var,adv tech,0,0,0,0,0,0,0,0,0,0,0,0,0,0,0,0,0,0,0,0,0,0,0,0,0,0,0,0,0,0,0,0
Offshore Wind,Class 10,OM-var,central,0,0,0,0,0,0,0,0,0,0,0,0,0,0,0,0,0,0,0,0,0,0,0,0,0,0,0,0,0,0,0,0
Offshore Wind,Class 10,OM-var,low tech,0,0,0,0,0,0,0,0,0,0,0,0,0,0,0,0,0,0,0,0,0,0,0,0,0,0,0,0,0,0,0,0
Offshore Wind,Class 11,OM-var,adv tech,0,0,0,0,0,0,0,0,0,0,0,0,0,0,0,0,0,0,0,0,0,0,0,0,0,0,0,0,0,0,0,0
Offshore Wind,Class 11,OM-var,central,0,0,0,0,0,0,0,0,0,0,0,0,0,0,0,0,0,0,0,0,0,0,0,0,0,0,0,0,0,0,0,0
Offshore Wind,Class 11,OM-var,low tech,0,0,0,0,0,0,0,0,0,0,0,0,0,0,0,0,0,0,0,0,0,0,0,0,0,0,0,0,0,0,0,0
Offshore Wind,Class 12,OM-var,adv tech,0,0,0,0,0,0,0,0,0,0,0,0,0,0,0,0,0,0,0,0,0,0,0,0,0,0,0,0,0,0,0,0
Offshore Wind,Class 12,OM-var,central,0,0,0,0,0,0,0,0,0,0,0,0,0,0,0,0,0,0,0,0,0,0,0,0,0,0,0,0,0,0,0,0
Offshore Wind,Class 12,OM-var,low tech,0,0,0,0,0,0,0,0,0,0,0,0,0,0,0,0,0,0,0,0,0,0,0,0,0,0,0,0,0,0,0,0
Offshore Wind,Class 13,OM-var,adv tech,0,0,0,0,0,0,0,0,0,0,0,0,0,0,0,0,0,0,0,0,0,0,0,0,0,0,0,0,0,0,0,0
Offshore Wind,Class 13,OM-var,central,0,0,0,0,0,0,0,0,0,0,0,0,0,0,0,0,0,0,0,0,0,0,0,0,0,0,0,0,0,0,0,0
Offshore Wind,Class 13,OM-var,low tech,0,0,0,0,0,0,0,0,0,0,0,0,0,0,0,0,0,0,0,0,0,0,0,0,0,0,0,0,0,0,0,0
Offshore Wind,Class 14,OM-var,adv tech,0,0,0,0,0,0,0,0,0,0,0,0,0,0,0,0,0,0,0,0,0,0,0,0,0,0,0,0,0,0,0,0
Offshore Wind,Class 14,OM-var,central,0,0,0,0,0,0,0,0,0,0,0,0,0,0,0,0,0,0,0,0,0,0,0,0,0,0,0,0,0,0,0,0
Offshore Wind,Class 14,OM-var,low tech,0,0,0,0,0,0,0,0,0,0,0,0,0,0,0,0,0,0,0,0,0,0,0,0,0,0,0,0,0,0,0,0
Land-Based Wind,Class 1,OM-var,adv tech,0,0,0,0,0,0,0,0,0,0,0,0,0,0,0,0,0,0,0,0,0,0,0,0,0,0,0,0,0,0,0,0
Land-Based Wind,Class 1,OM-var,central,0,0,0,0,0,0,0,0,0,0,0,0,0,0,0,0,0,0,0,0,0,0,0,0,0,0,0,0,0,0,0,0
Land-Based Wind,Class 1,OM-var,low tech,0,0,0,0,0,0,0,0,0,0,0,0,0,0,0,0,0,0,0,0,0,0,0,0,0,0,0,0,0,0,0,0
Land-Based Wind,Class 2,OM-var,adv tech,0,0,0,0,0,0,0,0,0,0,0,0,0,0,0,0,0,0,0,0,0,0,0,0,0,0,0,0,0,0,0,0
Land-Based Wind,Class 2,OM-var,central,0,0,0,0,0,0,0,0,0,0,0,0,0,0,0,0,0,0,0,0,0,0,0,0,0,0,0,0,0,0,0,0
Land-Based Wind,Class 2,OM-var,low tech,0,0,0,0,0,0,0,0,0,0,0,0,0,0,0,0,0,0,0,0,0,0,0,0,0,0,0,0,0,0,0,0
Land-Based Wind,Class 3,OM-var,adv tech,0,0,0,0,0,0,0,0,0,0,0,0,0,0,0,0,0,0,0,0,0,0,0,0,0,0,0,0,0,0,0,0
Land-Based Wind,Class 3,OM-var,central,0,0,0,0,0,0,0,0,0,0,0,0,0,0,0,0,0,0,0,0,0,0,0,0,0,0,0,0,0,0,0,0
Land-Based Wind,Class 3,OM-var,low tech,0,0,0,0,0,0,0,0,0,0,0,0,0,0,0,0,0,0,0,0,0,0,0,0,0,0,0,0,0,0,0,0
Land-Based Wind,Class 4,OM-var,adv tech,0,0,0,0,0,0,0,0,0,0,0,0,0,0,0,0,0,0,0,0,0,0,0,0,0,0,0,0,0,0,0,0
Land-Based Wind,Class 4,OM-var,central,0,0,0,0,0,0,0,0,0,0,0,0,0,0,0,0,0,0,0,0,0,0,0,0,0,0,0,0,0,0,0,0
Land-Based Wind,Class 4,OM-var,low tech,0,0,0,0,0,0,0,0,0,0,0,0,0,0,0,0,0,0,0,0,0,0,0,0,0,0,0,0,0,0,0,0
Land-Based Wind,Class 5,OM-var,adv tech,0,0,0,0,0,0,0,0,0,0,0,0,0,0,0,0,0,0,0,0,0,0,0,0,0,0,0,0,0,0,0,0
Land-Based Wind,Class 5,OM-var,central,0,0,0,0,0,0,0,0,0,0,0,0,0,0,0,0,0,0,0,0,0,0,0,0,0,0,0,0,0,0,0,0
Land-Based Wind,Class 5,OM-var,low tech,0,0,0,0,0,0,0,0,0,0,0,0,0,0,0,0,0,0,0,0,0,0,0,0,0,0,0,0,0,0,0,0
Land-Based Wind,Class 6,OM-var,adv tech,0,0,0,0,0,0,0,0,0,0,0,0,0,0,0,0,0,0,0,0,0,0,0,0,0,0,0,0,0,0,0,0
Land-Based Wind,Class 6,OM-var,central,0,0,0,0,0,0,0,0,0,0,0,0,0,0,0,0,0,0,0,0,0,0,0,0,0,0,0,0,0,0,0,0
Land-Based Wind,Class 6,OM-var,low tech,0,0,0,0,0,0,0,0,0,0,0,0,0,0,0,0,0,0,0,0,0,0,0,0,0,0,0,0,0,0,0,0
Land-Based Wind,Class 7,OM-var,adv tech,0,0,0,0,0,0,0,0,0,0,0,0,0,0,0,0,0,0,0,0,0,0,0,0,0,0,0,0,0,0,0,0
Land-Based Wind,Class 7,OM-var,central,0,0,0,0,0,0,0,0,0,0,0,0,0,0,0,0,0,0,0,0,0,0,0,0,0,0,0,0,0,0,0,0
Land-Based Wind,Class 7,OM-var,low tech,0,0,0,0,0,0,0,0,0,0,0,0,0,0,0,0,0,0,0,0,0,0,0,0,0,0,0,0,0,0,0,0
Land-Based Wind,Class 8,OM-var,adv tech,0,0,0,0,0,0,0,0,0,0,0,0,0,0,0,0,0,0,0,0,0,0,0,0,0,0,0,0,0,0,0,0
Land-Based Wind,Class 8,OM-var,central,0,0,0,0,0,0,0,0,0,0,0,0,0,0,0,0,0,0,0,0,0,0,0,0,0,0,0,0,0,0,0,0
Land-Based Wind,Class 8,OM-var,low tech,0,0,0,0,0,0,0,0,0,0,0,0,0,0,0,0,0,0,0,0,0,0,0,0,0,0,0,0,0,0,0,0
Land-Based Wind,Class 9,OM-var,adv tech,0,0,0,0,0,0,0,0,0,0,0,0,0,0,0,0,0,0,0,0,0,0,0,0,0,0,0,0,0,0,0,0
Land-Based Wind,Class 9,OM-var,central,0,0,0,0,0,0,0,0,0,0,0,0,0,0,0,0,0,0,0,0,0,0,0,0,0,0,0,0,0,0,0,0
Land-Based Wind,Class 9,OM-var,low tech,0,0,0,0,0,0,0,0,0,0,0,0,0,0,0,0,0,0,0,0,0,0,0,0,0,0,0,0,0,0,0,0
Land-Based Wind,Class 10,OM-var,adv tech,0,0,0,0,0,0,0,0,0,0,0,0,0,0,0,0,0,0,0,0,0,0,0,0,0,0,0,0,0,0,0,0
Land-Based Wind,Class 10,OM-var,central,0,0,0,0,0,0,0,0,0,0,0,0,0,0,0,0,0,0,0,0,0,0,0,0,0,0,0,0,0,0,0,0
Land-Based Wind,Class 10,OM-var,low tech,0,0,0,0,0,0,0,0,0,0,0,0,0,0,0,0,0,0,0,0,0,0,0,0,0,0,0,0,0,0,0,0
Solar - Utility PV,Utility PV - Class 10,OM-var,adv tech,0,0,0,0,0,0,0,0,0,0,0,0,0,0,0,0,0,0,0,0,0,0,0,0,0,0,0,0,0,0,0,0
Solar - Utility PV,Utility PV - Class 10,OM-var,central,0,0,0,0,0,0,0,0,0,0,0,0,0,0,0,0,0,0,0,0,0,0,0,0,0,0,0,0,0,0,0,0
Solar - Utility PV,Utility PV - Class 10,OM-var,low tech,0,0,0,0,0,0,0,0,0,0,0,0,0,0,0,0,0,0,0,0,0,0,0,0,0,0,0,0,0,0,0,0
Solar - Utility PV,Utility PV - Class 9,OM-var,adv tech,0,0,0,0,0,0,0,0,0,0,0,0,0,0,0,0,0,0,0,0,0,0,0,0,0,0,0,0,0,0,0,0
Solar - Utility PV,Utility PV - Class 9,OM-var,central,0,0,0,0,0,0,0,0,0,0,0,0,0,0,0,0,0,0,0,0,0,0,0,0,0,0,0,0,0,0,0,0
Solar - Utility PV,Utility PV - Class 9,OM-var,low tech,0,0,0,0,0,0,0,0,0,0,0,0,0,0,0,0,0,0,0,0,0,0,0,0,0,0,0,0,0,0,0,0
Solar - Utility PV,Utility PV - Class 8,OM-var,adv tech,0,0,0,0,0,0,0,0,0,0,0,0,0,0,0,0,0,0,0,0,0,0,0,0,0,0,0,0,0,0,0,0
Solar - Utility PV,Utility PV - Class 8,OM-var,central,0,0,0,0,0,0,0,0,0,0,0,0,0,0,0,0,0,0,0,0,0,0,0,0,0,0,0,0,0,0,0,0
Solar - Utility PV,Utility PV - Class 8,OM-var,low tech,0,0,0,0,0,0,0,0,0,0,0,0,0,0,0,0,0,0,0,0,0,0,0,0,0,0,0,0,0,0,0,0
Solar - Utility PV,Utility PV - Class 7,OM-var,adv tech,0,0,0,0,0,0,0,0,0,0,0,0,0,0,0,0,0,0,0,0,0,0,0,0,0,0,0,0,0,0,0,0
Solar - Utility PV,Utility PV - Class 7,OM-var,central,0,0,0,0,0,0,0,0,0,0,0,0,0,0,0,0,0,0,0,0,0,0,0,0,0,0,0,0,0,0,0,0
Solar - Utility PV,Utility PV - Class 7,OM-var,low tech,0,0,0,0,0,0,0,0,0,0,0,0,0,0,0,0,0,0,0,0,0,0,0,0,0,0,0,0,0,0,0,0
Solar - Utility PV,Utility PV - Class 6,OM-var,adv tech,0,0,0,0,0,0,0,0,0,0,0,0,0,0,0,0,0,0,0,0,0,0,0,0,0,0,0,0,0,0,0,0
Solar - Utility PV,Utility PV - Class 6,OM-var,central,0,0,0,0,0,0,0,0,0,0,0,0,0,0,0,0,0,0,0,0,0,0,0,0,0,0,0,0,0,0,0,0
Solar - Utility PV,Utility PV - Class 6,OM-var,low tech,0,0,0,0,0,0,0,0,0,0,0,0,0,0,0,0,0,0,0,0,0,0,0,0,0,0,0,0,0,0,0,0
Solar - Utility PV,Utility PV - Class 5,OM-var,adv tech,0,0,0,0,0,0,0,0,0,0,0,0,0,0,0,0,0,0,0,0,0,0,0,0,0,0,0,0,0,0,0,0
Solar - Utility PV,Utility PV - Class 5,OM-var,central,0,0,0,0,0,0,0,0,0,0,0,0,0,0,0,0,0,0,0,0,0,0,0,0,0,0,0,0,0,0,0,0
Solar - Utility PV,Utility PV - Class 5,OM-var,low tech,0,0,0,0,0,0,0,0,0,0,0,0,0,0,0,0,0,0,0,0,0,0,0,0,0,0,0,0,0,0,0,0
Solar - Utility PV,Utility PV - Class 4,OM-var,adv tech,0,0,0,0,0,0,0,0,0,0,0,0,0,0,0,0,0,0,0,0,0,0,0,0,0,0,0,0,0,0,0,0
Solar - Utility PV,Utility PV - Class 4,OM-var,central,0,0,0,0,0,0,0,0,0,0,0,0,0,0,0,0,0,0,0,0,0,0,0,0,0,0,0,0,0,0,0,0
Solar - Utility PV,Utility PV - Class 4,OM-var,low tech,0,0,0,0,0,0,0,0,0,0,0,0,0,0,0,0,0,0,0,0,0,0,0,0,0,0,0,0,0,0,0,0
Solar - Utility PV,Utility PV - Class 3,OM-var,adv tech,0,0,0,0,0,0,0,0,0,0,0,0,0,0,0,0,0,0,0,0,0,0,0,0,0,0,0,0,0,0,0,0
Solar - Utility PV,Utility PV - Class 3,OM-var,central,0,0,0,0,0,0,0,0,0,0,0,0,0,0,0,0,0,0,0,0,0,0,0,0,0,0,0,0,0,0,0,0
Solar - Utility PV,Utility PV - Class 3,OM-var,low tech,0,0,0,0,0,0,0,0,0,0,0,0,0,0,0,0,0,0,0,0,0,0,0,0,0,0,0,0,0,0,0,0
Solar - Utility PV,Utility PV - Class 2,OM-var,adv tech,0,0,0,0,0,0,0,0,0,0,0,0,0,0,0,0,0,0,0,0,0,0,0,0,0,0,0,0,0,0,0,0
Solar - Utility PV,Utility PV - Class 2,OM-var,central,0,0,0,0,0,0,0,0,0,0,0,0,0,0,0,0,0,0,0,0,0,0,0,0,0,0,0,0,0,0,0,0
Solar - Utility PV,Utility PV - Class 2,OM-var,low tech,0,0,0,0,0,0,0,0,0,0,0,0,0,0,0,0,0,0,0,0,0,0,0,0,0,0,0,0,0,0,0,0
Solar - Utility PV,Utility PV - Class 1,OM-var,adv tech,0,0,0,0,0,0,0,0,0,0,0,0,0,0,0,0,0,0,0,0,0,0,0,0,0,0,0,0,0,0,0,0
Solar - Utility PV,Utility PV - Class 1,OM-var,central,0,0,0,0,0,0,0,0,0,0,0,0,0,0,0,0,0,0,0,0,0,0,0,0,0,0,0,0,0,0,0,0
Solar - Utility PV,Utility PV - Class 1,OM-var,low tech,0,0,0,0,0,0,0,0,0,0,0,0,0,0,0,0,0,0,0,0,0,0,0,0,0,0,0,0,0,0,0,0
Solar - PV Dist. Comm,Commercial PV - Class 10,OM-var,adv tech,0,0,0,0,0,0,0,0,0,0,0,0,0,0,0,0,0,0,0,0,0,0,0,0,0,0,0,0,0,0,0,0
Solar - PV Dist. Comm,Commercial PV - Class 10,OM-var,central,0,0,0,0,0,0,0,0,0,0,0,0,0,0,0,0,0,0,0,0,0,0,0,0,0,0,0,0,0,0,0,0
Solar - PV Dist. Comm,Commercial PV - Class 10,OM-var,low tech,0,0,0,0,0,0,0,0,0,0,0,0,0,0,0,0,0,0,0,0,0,0,0,0,0,0,0,0,0,0,0,0
Solar - PV Dist. Comm,Commercial PV - Class 9,OM-var,adv tech,0,0,0,0,0,0,0,0,0,0,0,0,0,0,0,0,0,0,0,0,0,0,0,0,0,0,0,0,0,0,0,0
Solar - PV Dist. Comm,Commercial PV - Class 9,OM-var,central,0,0,0,0,0,0,0,0,0,0,0,0,0,0,0,0,0,0,0,0,0,0,0,0,0,0,0,0,0,0,0,0
Solar - PV Dist. Comm,Commercial PV - Class 9,OM-var,low tech,0,0,0,0,0,0,0,0,0,0,0,0,0,0,0,0,0,0,0,0,0,0,0,0,0,0,0,0,0,0,0,0
Solar - PV Dist. Comm,Commercial PV - Class 8,OM-var,adv tech,0,0,0,0,0,0,0,0,0,0,0,0,0,0,0,0,0,0,0,0,0,0,0,0,0,0,0,0,0,0,0,0
Solar - PV Dist. Comm,Commercial PV - Class 8,OM-var,central,0,0,0,0,0,0,0,0,0,0,0,0,0,0,0,0,0,0,0,0,0,0,0,0,0,0,0,0,0,0,0,0
Solar - PV Dist. Comm,Commercial PV - Class 8,OM-var,low tech,0,0,0,0,0,0,0,0,0,0,0,0,0,0,0,0,0,0,0,0,0,0,0,0,0,0,0,0,0,0,0,0
Solar - PV Dist. Comm,Commercial PV - Class 7,OM-var,adv tech,0,0,0,0,0,0,0,0,0,0,0,0,0,0,0,0,0,0,0,0,0,0,0,0,0,0,0,0,0,0,0,0
Solar - PV Dist. Comm,Commercial PV - Class 7,OM-var,central,0,0,0,0,0,0,0,0,0,0,0,0,0,0,0,0,0,0,0,0,0,0,0,0,0,0,0,0,0,0,0,0
Solar - PV Dist. Comm,Commercial PV - Class 7,OM-var,low tech,0,0,0,0,0,0,0,0,0,0,0,0,0,0,0,0,0,0,0,0,0,0,0,0,0,0,0,0,0,0,0,0
Solar - PV Dist. Comm,Commercial PV - Class 6,OM-var,adv tech,0,0,0,0,0,0,0,0,0,0,0,0,0,0,0,0,0,0,0,0,0,0,0,0,0,0,0,0,0,0,0,0
Solar - PV Dist. Comm,Commercial PV - Class 6,OM-var,central,0,0,0,0,0,0,0,0,0,0,0,0,0,0,0,0,0,0,0,0,0,0,0,0,0,0,0,0,0,0,0,0
Solar - PV Dist. Comm,Commercial PV - Class 6,OM-var,low tech,0,0,0,0,0,0,0,0,0,0,0,0,0,0,0,0,0,0,0,0,0,0,0,0,0,0,0,0,0,0,0,0
Solar - PV Dist. Comm,Commercial PV - Class 5,OM-var,adv tech,0,0,0,0,0,0,0,0,0,0,0,0,0,0,0,0,0,0,0,0,0,0,0,0,0,0,0,0,0,0,0,0
Solar - PV Dist. Comm,Commercial PV - Class 5,OM-var,central,0,0,0,0,0,0,0,0,0,0,0,0,0,0,0,0,0,0,0,0,0,0,0,0,0,0,0,0,0,0,0,0
Solar - PV Dist. Comm,Commercial PV - Class 5,OM-var,low tech,0,0,0,0,0,0,0,0,0,0,0,0,0,0,0,0,0,0,0,0,0,0,0,0,0,0,0,0,0,0,0,0
Solar - PV Dist. Comm,Commercial PV - Class 4,OM-var,adv tech,0,0,0,0,0,0,0,0,0,0,0,0,0,0,0,0,0,0,0,0,0,0,0,0,0,0,0,0,0,0,0,0
Solar - PV Dist. Comm,Commercial PV - Class 4,OM-var,central,0,0,0,0,0,0,0,0,0,0,0,0,0,0,0,0,0,0,0,0,0,0,0,0,0,0,0,0,0,0,0,0
Solar - PV Dist. Comm,Commercial PV - Class 4,OM-var,low tech,0,0,0,0,0,0,0,0,0,0,0,0,0,0,0,0,0,0,0,0,0,0,0,0,0,0,0,0,0,0,0,0
Solar - PV Dist. Comm,Commercial PV - Class 3,OM-var,adv tech,0,0,0,0,0,0,0,0,0,0,0,0,0,0,0,0,0,0,0,0,0,0,0,0,0,0,0,0,0,0,0,0
Solar - PV Dist. Comm,Commercial PV - Class 3,OM-var,central,0,0,0,0,0,0,0,0,0,0,0,0,0,0,0,0,0,0,0,0,0,0,0,0,0,0,0,0,0,0,0,0
Solar - PV Dist. Comm,Commercial PV - Class 3,OM-var,low tech,0,0,0,0,0,0,0,0,0,0,0,0,0,0,0,0,0,0,0,0,0,0,0,0,0,0,0,0,0,0,0,0
Solar - PV Dist. Comm,Commercial PV - Class 2,OM-var,adv tech,0,0,0,0,0,0,0,0,0,0,0,0,0,0,0,0,0,0,0,0,0,0,0,0,0,0,0,0,0,0,0,0
Solar - PV Dist. Comm,Commercial PV - Class 2,OM-var,central,0,0,0,0,0,0,0,0,0,0,0,0,0,0,0,0,0,0,0,0,0,0,0,0,0,0,0,0,0,0,0,0
Solar - PV Dist. Comm,Commercial PV - Class 2,OM-var,low tech,0,0,0,0,0,0,0,0,0,0,0,0,0,0,0,0,0,0,0,0,0,0,0,0,0,0,0,0,0,0,0,0
Solar - PV Dist. Comm,Commercial PV - Class 1,OM-var,adv tech,0,0,0,0,0,0,0,0,0,0,0,0,0,0,0,0,0,0,0,0,0,0,0,0,0,0,0,0,0,0,0,0
Solar - PV Dist. Comm,Commercial PV - Class 1,OM-var,central,0,0,0,0,0,0,0,0,0,0,0,0,0,0,0,0,0,0,0,0,0,0,0,0,0,0,0,0,0,0,0,0
Solar - PV Dist. Comm,Commercial PV - Class 1,OM-var,low tech,0,0,0,0,0,0,0,0,0,0,0,0,0,0,0,0,0,0,0,0,0,0,0,0,0,0,0,0,0,0,0,0
Solar - PV Dist. Res,Residential PV - Class 10,OM-var,adv tech,0,0,0,0,0,0,0,0,0,0,0,0,0,0,0,0,0,0,0,0,0,0,0,0,0,0,0,0,0,0,0,0
Solar - PV Dist. Res,Residential PV - Class 10,OM-var,central,0,0,0,0,0,0,0,0,0,0,0,0,0,0,0,0,0,0,0,0,0,0,0,0,0,0,0,0,0,0,0,0
Solar - PV Dist. Res,Residential PV - Class 10,OM-var,low tech,0,0,0,0,0,0,0,0,0,0,0,0,0,0,0,0,0,0,0,0,0,0,0,0,0,0,0,0,0,0,0,0
Solar - PV Dist. Res,Residential PV - Class 9,OM-var,adv tech,0,0,0,0,0,0,0,0,0,0,0,0,0,0,0,0,0,0,0,0,0,0,0,0,0,0,0,0,0,0,0,0
Solar - PV Dist. Res,Residential PV - Class 9,OM-var,central,0,0,0,0,0,0,0,0,0,0,0,0,0,0,0,0,0,0,0,0,0,0,0,0,0,0,0,0,0,0,0,0
Solar - PV Dist. Res,Residential PV - Class 9,OM-var,low tech,0,0,0,0,0,0,0,0,0,0,0,0,0,0,0,0,0,0,0,0,0,0,0,0,0,0,0,0,0,0,0,0
Solar - PV Dist. Res,Residential PV - Class 8,OM-var,adv tech,0,0,0,0,0,0,0,0,0,0,0,0,0,0,0,0,0,0,0,0,0,0,0,0,0,0,0,0,0,0,0,0
Solar - PV Dist. Res,Residential PV - Class 8,OM-var,central,0,0,0,0,0,0,0,0,0,0,0,0,0,0,0,0,0,0,0,0,0,0,0,0,0,0,0,0,0,0,0,0
Solar - PV Dist. Res,Residential PV - Class 8,OM-var,low tech,0,0,0,0,0,0,0,0,0,0,0,0,0,0,0,0,0,0,0,0,0,0,0,0,0,0,0,0,0,0,0,0
Solar - PV Dist. Res,Residential PV - Class 7,OM-var,adv tech,0,0,0,0,0,0,0,0,0,0,0,0,0,0,0,0,0,0,0,0,0,0,0,0,0,0,0,0,0,0,0,0
Solar - PV Dist. Res,Residential PV - Class 7,OM-var,central,0,0,0,0,0,0,0,0,0,0,0,0,0,0,0,0,0,0,0,0,0,0,0,0,0,0,0,0,0,0,0,0
Solar - PV Dist. Res,Residential PV - Class 7,OM-var,low tech,0,0,0,0,0,0,0,0,0,0,0,0,0,0,0,0,0,0,0,0,0,0,0,0,0,0,0,0,0,0,0,0
Solar - PV Dist. Res,Residential PV - Class 6,OM-var,adv tech,0,0,0,0,0,0,0,0,0,0,0,0,0,0,0,0,0,0,0,0,0,0,0,0,0,0,0,0,0,0,0,0
Solar - PV Dist. Res,Residential PV - Class 6,OM-var,central,0,0,0,0,0,0,0,0,0,0,0,0,0,0,0,0,0,0,0,0,0,0,0,0,0,0,0,0,0,0,0,0
Solar - PV Dist. Res,Residential PV - Class 6,OM-var,low tech,0,0,0,0,0,0,0,0,0,0,0,0,0,0,0,0,0,0,0,0,0,0,0,0,0,0,0,0,0,0,0,0
Solar - PV Dist. Res,Residential PV - Class 5,OM-var,adv tech,0,0,0,0,0,0,0,0,0,0,0,0,0,0,0,0,0,0,0,0,0,0,0,0,0,0,0,0,0,0,0,0
Solar - PV Dist. Res,Residential PV - Class 5,OM-var,central,0,0,0,0,0,0,0,0,0,0,0,0,0,0,0,0,0,0,0,0,0,0,0,0,0,0,0,0,0,0,0,0
Solar - PV Dist. Res,Residential PV - Class 5,OM-var,low tech,0,0,0,0,0,0,0,0,0,0,0,0,0,0,0,0,0,0,0,0,0,0,0,0,0,0,0,0,0,0,0,0
Solar - PV Dist. Res,Residential PV - Class 4,OM-var,adv tech,0,0,0,0,0,0,0,0,0,0,0,0,0,0,0,0,0,0,0,0,0,0,0,0,0,0,0,0,0,0,0,0
Solar - PV Dist. Res,Residential PV - Class 4,OM-var,central,0,0,0,0,0,0,0,0,0,0,0,0,0,0,0,0,0,0,0,0,0,0,0,0,0,0,0,0,0,0,0,0
Solar - PV Dist. Res,Residential PV - Class 4,OM-var,low tech,0,0,0,0,0,0,0,0,0,0,0,0,0,0,0,0,0,0,0,0,0,0,0,0,0,0,0,0,0,0,0,0
Solar - PV Dist. Res,Residential PV - Class 3,OM-var,adv tech,0,0,0,0,0,0,0,0,0,0,0,0,0,0,0,0,0,0,0,0,0,0,0,0,0,0,0,0,0,0,0,0
Solar - PV Dist. Res,Residential PV - Class 3,OM-var,central,0,0,0,0,0,0,0,0,0,0,0,0,0,0,0,0,0,0,0,0,0,0,0,0,0,0,0,0,0,0,0,0
Solar - PV Dist. Res,Residential PV - Class 3,OM-var,low tech,0,0,0,0,0,0,0,0,0,0,0,0,0,0,0,0,0,0,0,0,0,0,0,0,0,0,0,0,0,0,0,0
Solar - PV Dist. Res,Residential PV - Class 2,OM-var,adv tech,0,0,0,0,0,0,0,0,0,0,0,0,0,0,0,0,0,0,0,0,0,0,0,0,0,0,0,0,0,0,0,0
Solar - PV Dist. Res,Residential PV - Class 2,OM-var,central,0,0,0,0,0,0,0,0,0,0,0,0,0,0,0,0,0,0,0,0,0,0,0,0,0,0,0,0,0,0,0,0
Solar - PV Dist. Res,Residential PV - Class 2,OM-var,low tech,0,0,0,0,0,0,0,0,0,0,0,0,0,0,0,0,0,0,0,0,0,0,0,0,0,0,0,0,0,0,0,0
Solar - PV Dist. Res,Residential PV - Class 1,OM-var,adv tech,0,0,0,0,0,0,0,0,0,0,0,0,0,0,0,0,0,0,0,0,0,0,0,0,0,0,0,0,0,0,0,0
Solar - PV Dist. Res,Residential PV - Class 1,OM-var,central,0,0,0,0,0,0,0,0,0,0,0,0,0,0,0,0,0,0,0,0,0,0,0,0,0,0,0,0,0,0,0,0
Solar - PV Dist. Res,Residential PV - Class 1,OM-var,low tech,0,0,0,0,0,0,0,0,0,0,0,0,0,0,0,0,0,0,0,0,0,0,0,0,0,0,0,0,0,0,0,0
Solar - CSP,10hrs TES - Class 7,OM-var,adv tech,3.5,3.5,3.5,2.9,2.9,2.9,2.9,2.9,2.9,2.9,2.9,2.9,2.9,2.9,2.9,2.9,2.9,2.9,2.9,2.9,2.9,2.9,2.9,2.9,2.9,2.9,2.9,2.9,2.9,2.9,2.9,2.9
Solar - CSP,10hrs TES - Class 7,OM-var,central,3.5,3.5,3.5,2.9,2.9,2.9,2.9,2.9,2.9,2.9,2.9,2.9,2.9,2.9,2.9,2.9,2.9,2.9,2.9,2.9,2.9,2.9,2.9,2.9,2.9,2.9,2.9,2.9,2.9,2.9,2.9,2.9
Solar - CSP,10hrs TES - Class 7,OM-var,low tech,3.5,3.5,3.5,2.9,2.9,2.9,2.9,2.9,2.9,2.9,2.9,2.9,2.9,2.9,2.9,2.9,2.9,2.9,2.9,2.9,2.9,2.9,2.9,2.9,2.9,2.9,2.9,2.9,2.9,2.9,2.9,2.9
Solar - CSP,10hrs TES - Class 3,OM-var,adv tech,3.5,3.5,3.5,2.9,2.9,2.9,2.9,2.9,2.9,2.9,2.9,2.9,2.9,2.9,2.9,2.9,2.9,2.9,2.9,2.9,2.9,2.9,2.9,2.9,2.9,2.9,2.9,2.9,2.9,2.9,2.9,2.9
Solar - CSP,10hrs TES - Class 3,OM-var,central,3.5,3.5,3.5,2.9,2.9,2.9,2.9,2.9,2.9,2.9,2.9,2.9,2.9,2.9,2.9,2.9,2.9,2.9,2.9,2.9,2.9,2.9,2.9,2.9,2.9,2.9,2.9,2.9,2.9,2.9,2.9,2.9
Solar - CSP,10hrs TES - Class 3,OM-var,low tech,3.5,3.5,3.5,2.9,2.9,2.9,2.9,2.9,2.9,2.9,2.9,2.9,2.9,2.9,2.9,2.9,2.9,2.9,2.9,2.9,2.9,2.9,2.9,2.9,2.9,2.9,2.9,2.9,2.9,2.9,2.9,2.9
Solar - CSP,10hrs TES - Class 2,OM-var,adv tech,3.5,3.5,3.5,2.9,2.9,2.9,2.9,2.9,2.9,2.9,2.9,2.9,2.9,2.9,2.9,2.9,2.9,2.9,2.9,2.9,2.9,2.9,2.9,2.9,2.9,2.9,2.9,2.9,2.9,2.9,2.9,2.9
Solar - CSP,10hrs TES - Class 2,OM-var,central,3.5,3.5,3.5,2.9,2.9,2.9,2.9,2.9,2.9,2.9,2.9,2.9,2.9,2.9,2.9,2.9,2.9,2.9,2.9,2.9,2.9,2.9,2.9,2.9,2.9,2.9,2.9,2.9,2.9,2.9,2.9,2.9
Solar - CSP,10hrs TES - Class 2,OM-var,low tech,3.5,3.5,3.5,2.9,2.9,2.9,2.9,2.9,2.9,2.9,2.9,2.9,2.9,2.9,2.9,2.9,2.9,2.9,2.9,2.9,2.9,2.9,2.9,2.9,2.9,2.9,2.9,2.9,2.9,2.9,2.9,2.9
Geothermal,Hydro / Flash,OM-var,adv tech,0,0,0,0,0,0,0,0,0,0,0,0,0,0,0,0,0,0,0,0,0,0,0,0,0,0,0,0,0,0,0,0
Geothermal,Hydro / Flash,OM-var,central,0,0,0,0,0,0,0,0,0,0,0,0,0,0,0,0,0,0,0,0,0,0,0,0,0,0,0,0,0,0,0,0
Geothermal,Hydro / Flash,OM-var,low tech,0,0,0,0,0,0,0,0,0,0,0,0,0,0,0,0,0,0,0,0,0,0,0,0,0,0,0,0,0,0,0,0
Geothermal,Hydro / Binary,OM-var,adv tech,0,0,0,0,0,0,0,0,0,0,0,0,0,0,0,0,0,0,0,0,0,0,0,0,0,0,0,0,0,0,0,0
Geothermal,Hydro / Binary,OM-var,central,0,0,0,0,0,0,0,0,0,0,0,0,0,0,0,0,0,0,0,0,0,0,0,0,0,0,0,0,0,0,0,0
Geothermal,Hydro / Binary,OM-var,low tech,0,0,0,0,0,0,0,0,0,0,0,0,0,0,0,0,0,0,0,0,0,0,0,0,0,0,0,0,0,0,0,0
Geothermal,NF EGS / Flash,OM-var,adv tech,0,0,0,0,0,0,0,0,0,0,0,0,0,0,0,0,0,0,0,0,0,0,0,0,0,0,0,0,0,0,0,0
Geothermal,NF EGS / Flash,OM-var,central,0,0,0,0,0,0,0,0,0,0,0,0,0,0,0,0,0,0,0,0,0,0,0,0,0,0,0,0,0,0,0,0
Geothermal,NF EGS / Flash,OM-var,low tech,0,0,0,0,0,0,0,0,0,0,0,0,0,0,0,0,0,0,0,0,0,0,0,0,0,0,0,0,0,0,0,0
Geothermal,NF EGS / Binary,OM-var,adv tech,0,0,0,0,0,0,0,0,0,0,0,0,0,0,0,0,0,0,0,0,0,0,0,0,0,0,0,0,0,0,0,0
Geothermal,NF EGS / Binary,OM-var,central,0,0,0,0,0,0,0,0,0,0,0,0,0,0,0,0,0,0,0,0,0,0,0,0,0,0,0,0,0,0,0,0
Geothermal,NF EGS / Binary,OM-var,low tech,0,0,0,0,0,0,0,0,0,0,0,0,0,0,0,0,0,0,0,0,0,0,0,0,0,0,0,0,0,0,0,0
Geothermal,Deep EGS / Flash,OM-var,adv tech,0,0,0,0,0,0,0,0,0,0,0,0,0,0,0,0,0,0,0,0,0,0,0,0,0,0,0,0,0,0,0,0
Geothermal,Deep EGS / Flash,OM-var,central,0,0,0,0,0,0,0,0,0,0,0,0,0,0,0,0,0,0,0,0,0,0,0,0,0,0,0,0,0,0,0,0
Geothermal,Deep EGS / Flash,OM-var,low tech,0,0,0,0,0,0,0,0,0,0,0,0,0,0,0,0,0,0,0,0,0,0,0,0,0,0,0,0,0,0,0,0
Geothermal,Deep EGS / Binary,OM-var,adv tech,0,0,0,0,0,0,0,0,0,0,0,0,0,0,0,0,0,0,0,0,0,0,0,0,0,0,0,0,0,0,0,0
Geothermal,Deep EGS / Binary,OM-var,central,0,0,0,0,0,0,0,0,0,0,0,0,0,0,0,0,0,0,0,0,0,0,0,0,0,0,0,0,0,0,0,0
Geothermal,Deep EGS / Binary,OM-var,low tech,0,0,0,0,0,0,0,0,0,0,0,0,0,0,0,0,0,0,0,0,0,0,0,0,0,0,0,0,0,0,0,0
Hydropower,NPD 1,OM-var,adv tech,0,0,0,0,0,0,0,0,0,0,0,0,0,0,0,0,0,0,0,0,0,0,0,0,0,0,0,0,0,0,0,0
Hydropower,NPD 1,OM-var,central,0,0,0,0,0,0,0,0,0,0,0,0,0,0,0,0,0,0,0,0,0,0,0,0,0,0,0,0,0,0,0,0
Hydropower,NPD 1,OM-var,low tech,0,0,0,0,0,0,0,0,0,0,0,0,0,0,0,0,0,0,0,0,0,0,0,0,0,0,0,0,0,0,0,0
Hydropower,NPD 2,OM-var,adv tech,0,0,0,0,0,0,0,0,0,0,0,0,0,0,0,0,0,0,0,0,0,0,0,0,0,0,0,0,0,0,0,0
Hydropower,NPD 2,OM-var,central,0,0,0,0,0,0,0,0,0,0,0,0,0,0,0,0,0,0,0,0,0,0,0,0,0,0,0,0,0,0,0,0
Hydropower,NPD 2,OM-var,low tech,0,0,0,0,0,0,0,0,0,0,0,0,0,0,0,0,0,0,0,0,0,0,0,0,0,0,0,0,0,0,0,0
Hydropower,NPD 3,OM-var,adv tech,0,0,0,0,0,0,0,0,0,0,0,0,0,0,0,0,0,0,0,0,0,0,0,0,0,0,0,0,0,0,0,0
Hydropower,NPD 3,OM-var,central,0,0,0,0,0,0,0,0,0,0,0,0,0,0,0,0,0,0,0,0,0,0,0,0,0,0,0,0,0,0,0,0
Hydropower,NPD 3,OM-var,low tech,0,0,0,0,0,0,0,0,0,0,0,0,0,0,0,0,0,0,0,0,0,0,0,0,0,0,0,0,0,0,0,0
Hydropower,NPD 4,OM-var,adv tech,0,0,0,0,0,0,0,0,0,0,0,0,0,0,0,0,0,0,0,0,0,0,0,0,0,0,0,0,0,0,0,0
Hydropower,NPD 4,OM-var,central,0,0,0,0,0,0,0,0,0,0,0,0,0,0,0,0,0,0,0,0,0,0,0,0,0,0,0,0,0,0,0,0
Hydropower,NPD 4,OM-var,low tech,0,0,0,0,0,0,0,0,0,0,0,0,0,0,0,0,0,0,0,0,0,0,0,0,0,0,0,0,0,0,0,0
Hydropower,NPD 5,OM-var,adv tech,0,0,0,0,0,0,0,0,0,0,0,0,0,0,0,0,0,0,0,0,0,0,0,0,0,0,0,0,0,0,0,0
Hydropower,NPD 5,OM-var,central,0,0,0,0,0,0,0,0,0,0,0,0,0,0,0,0,0,0,0,0,0,0,0,0,0,0,0,0,0,0,0,0
Hydropower,NPD 5,OM-var,low tech,0,0,0,0,0,0,0,0,0,0,0,0,0,0,0,0,0,0,0,0,0,0,0,0,0,0,0,0,0,0,0,0
Hydropower,NPD 6,OM-var,adv tech,0,0,0,0,0,0,0,0,0,0,0,0,0,0,0,0,0,0,0,0,0,0,0,0,0,0,0,0,0,0,0,0
Hydropower,NPD 6,OM-var,central,0,0,0,0,0,0,0,0,0,0,0,0,0,0,0,0,0,0,0,0,0,0,0,0,0,0,0,0,0,0,0,0
Hydropower,NPD 6,OM-var,low tech,0,0,0,0,0,0,0,0,0,0,0,0,0,0,0,0,0,0,0,0,0,0,0,0,0,0,0,0,0,0,0,0
Hydropower,NPD 7,OM-var,adv tech,0,0,0,0,0,0,0,0,0,0,0,0,0,0,0,0,0,0,0,0,0,0,0,0,0,0,0,0,0,0,0,0
Hydropower,NPD 7,OM-var,central,0,0,0,0,0,0,0,0,0,0,0,0,0,0,0,0,0,0,0,0,0,0,0,0,0,0,0,0,0,0,0,0
Hydropower,NPD 7,OM-var,low tech,0,0,0,0,0,0,0,0,0,0,0,0,0,0,0,0,0,0,0,0,0,0,0,0,0,0,0,0,0,0,0,0
Hydropower,NPD 8,OM-var,adv tech,0,0,0,0,0,0,0,0,0,0,0,0,0,0,0,0,0,0,0,0,0,0,0,0,0,0,0,0,0,0,0,0
Hydropower,NPD 8,OM-var,central,0,0,0,0,0,0,0,0,0,0,0,0,0,0,0,0,0,0,0,0,0,0,0,0,0,0,0,0,0,0,0,0
Hydropower,NPD 8,OM-var,low tech,0,0,0,0,0,0,0,0,0,0,0,0,0,0,0,0,0,0,0,0,0,0,0,0,0,0,0,0,0,0,0,0
Coal,Coal-new-AvgCF,OM-var,adv tech,7.9,7.9,7.9,7.9,7.9,7.9,7.8,7.6,7.5,7.4,7.3,7.2,7.1,7,6.8,6.8,6.8,6.8,6.8,6.8,6.8,6.8,6.8,6.8,6.8,6.8,6.8,6.8,6.8,6.8,6.8,6.8
Coal,Coal-new-AvgCF,OM-var,central,7.9,7.9,7.9,7.9,7.9,7.9,7.8,7.8,7.7,7.6,7.6,7.5,7.5,7.4,7.4,7.4,7.4,7.4,7.4,7.4,7.4,7.4,7.4,7.4,7.4,7.4,7.4,7.4,7.4,7.4,7.4,7.4
Coal,Coal-new-AvgCF,OM-var,low tech,7.9,7.9,7.9,7.9,7.9,7.9,7.9,7.9,7.9,7.9,7.9,7.9,7.9,7.9,7.9,7.9,7.9,7.9,7.9,7.9,7.9,7.9,7.9,7.9,7.9,7.9,7.9,7.9,7.9,7.9,7.9,7.9
Coal,Coal-new-HighCF,OM-var,adv tech,7.9,7.9,7.9,7.9,7.9,7.9,7.8,7.6,7.5,7.4,7.3,7.2,7.1,7,6.8,6.8,6.8,6.8,6.8,6.8,6.8,6.8,6.8,6.8,6.8,6.8,6.8,6.8,6.8,6.8,6.8,6.8
Coal,Coal-new-HighCF,OM-var,central,7.9,7.9,7.9,7.9,7.9,7.9,7.8,7.8,7.7,7.6,7.6,7.5,7.5,7.4,7.4,7.4,7.4,7.4,7.4,7.4,7.4,7.4,7.4,7.4,7.4,7.4,7.4,7.4,7.4,7.4,7.4,7.4
Coal,Coal-new-HighCF,OM-var,low tech,7.9,7.9,7.9,7.9,7.9,7.9,7.9,7.9,7.9,7.9,7.9,7.9,7.9,7.9,7.9,7.9,7.9,7.9,7.9,7.9,7.9,7.9,7.9,7.9,7.9,7.9,7.9,7.9,7.9,7.9,7.9,7.9
Coal,Coal-IGCC-AvgCF,OM-var,adv tech,14.4,14.4,14.4,14.4,14.4,14.4,14.4,14.4,14.4,14.4,14.4,14.4,14.4,14.4,14.4,14.4,14.4,14.4,14.4,14.4,14.4,14.4,14.4,14.4,14.4,14.4,14.4,14.4,14.4,14.4,14.4,14.4
Coal,Coal-IGCC-AvgCF,OM-var,central,14.4,14.4,14.4,14.4,14.4,14.4,14.4,14.4,14.4,14.4,14.4,14.4,14.4,14.4,14.4,14.4,14.4,14.4,14.4,14.4,14.4,14.4,14.4,14.4,14.4,14.4,14.4,14.4,14.4,14.4,14.4,14.4
Coal,Coal-IGCC-AvgCF,OM-var,low tech,14.4,14.4,14.4,14.4,14.4,14.4,14.4,14.4,14.4,14.4,14.4,14.4,14.4,14.4,14.4,14.4,14.4,14.4,14.4,14.4,14.4,14.4,14.4,14.4,14.4,14.4,14.4,14.4,14.4,14.4,14.4,14.4
Coal,Coal-IGCC-HighCF,OM-var,adv tech,14.4,14.4,14.4,14.4,14.4,14.4,14.4,14.4,14.4,14.4,14.4,14.4,14.4,14.4,14.4,14.4,14.4,14.4,14.4,14.4,14.4,14.4,14.4,14.4,14.4,14.4,14.4,14.4,14.4,14.4,14.4,14.4
Coal,Coal-IGCC-HighCF,OM-var,central,14.4,14.4,14.4,14.4,14.4,14.4,14.4,14.4,14.4,14.4,14.4,14.4,14.4,14.4,14.4,14.4,14.4,14.4,14.4,14.4,14.4,14.4,14.4,14.4,14.4,14.4,14.4,14.4,14.4,14.4,14.4,14.4
Coal,Coal-IGCC-HighCF,OM-var,low tech,14.4,14.4,14.4,14.4,14.4,14.4,14.4,14.4,14.4,14.4,14.4,14.4,14.4,14.4,14.4,14.4,14.4,14.4,14.4,14.4,14.4,14.4,14.4,14.4,14.4,14.4,14.4,14.4,14.4,14.4,14.4,14.4
Coal,Coal-CCS 36%-AvgCF,OM-var,adv tech,10.3,10.3,10.3,10.3,10.3,10.3,10.2,10.1,10,10,9.9,9.8,9.7,9.7,9.6,9.4,9.2,9,8.8,8.5,8.5,8.5,8.5,8.5,8.5,8.5,8.5,8.5,8.5,8.5,8.5,8.5
Coal,Coal-CCS 36%-AvgCF,OM-var,central,10.3,10.3,10.3,10.3,10.3,10.3,10.2,10.2,10.2,10.1,10.1,10,10,10,9.9,9.8,9.7,9.6,9.5,9.4,9.4,9.4,9.4,9.4,9.4,9.4,9.4,9.4,9.4,9.4,9.4,9.4
Coal,Coal-CCS 36%-AvgCF,OM-var,low tech,10.3,10.3,10.3,10.3,10.3,10.3,10.3,10.3,10.3,10.3,10.3,10.3,10.3,10.3,10.3,10.3,10.3,10.3,10.3,10.3,10.3,10.3,10.3,10.3,10.3,10.3,10.3,10.3,10.3,10.3,10.3,10.3
Coal,Coal-CCS 90%-AvgCF,OM-var,adv tech,14.3,14.3,14.3,14.3,14.3,14.3,14.2,14.1,13.9,13.8,13.7,13.6,13.5,13.4,13.3,13,12.7,12.4,12.2,11.9,11.9,11.9,11.9,11.9,11.9,11.9,11.9,11.9,11.9,11.9,11.9,11.9
Coal,Coal-CCS 90%-AvgCF,OM-var,central,14.3,14.3,14.3,14.3,14.3,14.3,14.2,14.2,14.1,14.1,14,13.9,13.9,13.8,13.8,13.6,13.5,13.4,13.2,13.1,13.1,13.1,13.1,13.1,13.1,13.1,13.1,13.1,13.1,13.1,13.1,13.1
Coal,Coal-CCS 90%-AvgCF,OM-var,low tech,14.3,14.3,14.3,14.3,14.3,14.3,14.3,14.3,14.3,14.3,14.3,14.3,14.3,14.3,14.3,14.3,14.3,14.3,14.3,14.3,14.3,14.3,14.3,14.3,14.3,14.3,14.3,14.3,14.3,14.3,14.3,14.3
Coal,Coal-CCS 36%-HighCF,OM-var,adv tech,10.3,10.3,10.3,10.3,10.3,10.3,10.2,10.1,10,10,9.9,9.8,9.7,9.7,9.6,9.4,9.2,9,8.8,8.5,8.5,8.5,8.5,8.5,8.5,8.5,8.5,8.5,8.5,8.5,8.5,8.5
Coal,Coal-CCS 36%-HighCF,OM-var,central,10.3,10.3,10.3,10.3,10.3,10.3,10.2,10.2,10.2,10.1,10.1,10,10,10,9.9,9.8,9.7,9.6,9.5,9.4,9.4,9.4,9.4,9.4,9.4,9.4,9.4,9.4,9.4,9.4,9.4,9.4
Coal,Coal-CCS 36%-HighCF,OM-var,low tech,10.3,10.3,10.3,10.3,10.3,10.3,10.3,10.3,10.3,10.3,10.3,10.3,10.3,10.3,10.3,10.3,10.3,10.3,10.3,10.3,10.3,10.3,10.3,10.3,10.3,10.3,10.3,10.3,10.3,10.3,10.3,10.3
Coal,Coal-CCS 90%-HighCF,OM-var,adv tech,14.3,14.3,14.3,14.3,14.3,14.3,14.2,14.1,13.9,13.8,13.7,13.6,13.5,13.4,13.3,13,12.7,12.4,12.2,11.9,11.9,11.9,11.9,11.9,11.9,11.9,11.9,11.9,11.9,11.9,11.9,11.9
Coal,Coal-CCS 90%-HighCF,OM-var,central,14.3,14.3,14.3,14.3,14.3,14.3,14.2,14.2,14.1,14.1,14,13.9,13.9,13.8,13.8,13.6,13.5,13.4,13.2,13.1,13.1,13.1,13.1,13.1,13.1,13.1,13.1,13.1,13.1,13.1,13.1,13.1
Coal,Coal-CCS 90%-HighCF,OM-var,low tech,14.3,14.3,14.3,14.3,14.3,14.3,14.3,14.3,14.3,14.3,14.3,14.3,14.3,14.3,14.3,14.3,14.3,14.3,14.3,14.3,14.3,14.3,14.3,14.3,14.3,14.3,14.3,14.3,14.3,14.3,14.3,14.3
Natural Gas,Gas-CT-AvgCF,OM-var,adv tech,5,4.9,4.9,4.9,4.9,4.9,4.9,4.9,4.9,4.9,4.9,4.9,4.9,4.9,4.9,4.9,4.9,4.9,4.9,4.9,4.9,4.9,4.9,4.9,4.9,4.9,4.9,4.9,4.9,4.9,4.9,4.9
Natural Gas,Gas-CT-AvgCF,OM-var,central,5,4.9,4.9,4.9,4.9,4.9,4.9,4.9,4.9,4.9,4.9,4.9,4.9,4.9,4.9,4.9,4.9,4.9,4.9,4.9,4.9,4.9,4.9,4.9,4.9,4.9,4.9,4.9,4.9,4.9,4.9,4.9
Natural Gas,Gas-CT-AvgCF,OM-var,low tech,5,4.9,4.9,4.9,4.9,4.9,4.9,4.9,4.9,4.9,4.9,4.9,4.9,4.9,4.9,4.9,4.9,4.9,4.9,4.9,4.9,4.9,4.9,4.9,4.9,4.9,4.9,4.9,4.9,4.9,4.9,4.9
Natural Gas,Gas-CT-HighCF,OM-var,adv tech,5,4.9,4.9,4.9,4.9,4.9,4.9,4.9,4.9,4.9,4.9,4.9,4.9,4.9,4.9,4.9,4.9,4.9,4.9,4.9,4.9,4.9,4.9,4.9,4.9,4.9,4.9,4.9,4.9,4.9,4.9,4.9
Natural Gas,Gas-CT-HighCF,OM-var,central,5,4.9,4.9,4.9,4.9,4.9,4.9,4.9,4.9,4.9,4.9,4.9,4.9,4.9,4.9,4.9,4.9,4.9,4.9,4.9,4.9,4.9,4.9,4.9,4.9,4.9,4.9,4.9,4.9,4.9,4.9,4.9
Natural Gas,Gas-CT-HighCF,OM-var,low tech,5,4.9,4.9,4.9,4.9,4.9,4.9,4.9,4.9,4.9,4.9,4.9,4.9,4.9,4.9,4.9,4.9,4.9,4.9,4.9,4.9,4.9,4.9,4.9,4.9,4.9,4.9,4.9,4.9,4.9,4.9,4.9
Natural Gas,Gas-CC-AvgCF,OM-var,adv tech,1.7,1.7,1.7,1.7,1.7,1.7,1.7,1.7,1.7,1.7,1.7,1.7,1.7,1.7,1.7,1.7,1.7,1.7,1.7,1.7,1.7,1.7,1.7,1.7,1.7,1.7,1.7,1.7,1.7,1.7,1.7,1.7
Natural Gas,Gas-CC-AvgCF,OM-var,central,1.7,1.7,1.7,1.7,1.7,1.7,1.7,1.7,1.7,1.7,1.7,1.7,1.7,1.7,1.7,1.7,1.7,1.7,1.7,1.7,1.7,1.7,1.7,1.7,1.7,1.7,1.7,1.7,1.7,1.7,1.7,1.7
Natural Gas,Gas-CC-AvgCF,OM-var,low tech,1.7,1.7,1.7,1.7,1.7,1.7,1.7,1.7,1.7,1.7,1.7,1.7,1.7,1.7,1.7,1.7,1.7,1.7,1.7,1.7,1.7,1.7,1.7,1.7,1.7,1.7,1.7,1.7,1.7,1.7,1.7,1.7
Natural Gas,Gas-CC-HighCF,OM-var,adv tech,1.7,1.7,1.7,1.7,1.7,1.7,1.7,1.7,1.7,1.7,1.7,1.7,1.7,1.7,1.7,1.7,1.7,1.7,1.7,1.7,1.7,1.7,1.7,1.7,1.7,1.7,1.7,1.7,1.7,1.7,1.7,1.7
Natural Gas,Gas-CC-HighCF,OM-var,central,1.7,1.7,1.7,1.7,1.7,1.7,1.7,1.7,1.7,1.7,1.7,1.7,1.7,1.7,1.7,1.7,1.7,1.7,1.7,1.7,1.7,1.7,1.7,1.7,1.7,1.7,1.7,1.7,1.7,1.7,1.7,1.7
Natural Gas,Gas-CC-HighCF,OM-var,low tech,1.7,1.7,1.7,1.7,1.7,1.7,1.7,1.7,1.7,1.7,1.7,1.7,1.7,1.7,1.7,1.7,1.7,1.7,1.7,1.7,1.7,1.7,1.7,1.7,1.7,1.7,1.7,1.7,1.7,1.7,1.7,1.7
Natural Gas,Gas-CC-CCS-AvgCF,OM-var,adv tech,5.7,5.7,5.7,5.7,5.7,5.7,5.6,5.6,5.5,5.5,5.5,5.4,5.4,5.3,5.3,5.2,5.1,5.1,5,4.9,4.9,4.9,4.9,4.9,4.9,4.9,4.9,4.9,4.9,4.9,4.9,4.9
Natural Gas,Gas-CC-CCS-AvgCF,OM-var,central,5.7,5.7,5.7,5.7,5.7,5.7,5.7,5.7,5.6,5.6,5.6,5.6,5.6,5.5,5.5,5.5,5.4,5.4,5.4,5.3,5.3,5.3,5.3,5.3,5.3,5.3,5.3,5.3,5.3,5.3,5.3,5.3
Natural Gas,Gas-CC-CCS-AvgCF,OM-var,low tech,5.7,5.7,5.7,5.7,5.7,5.7,5.7,5.7,5.7,5.7,5.7,5.7,5.7,5.7,5.7,5.7,5.7,5.7,5.7,5.7,5.7,5.7,5.7,5.7,5.7,5.7,5.7,5.7,5.7,5.7,5.7,5.7
Natural Gas,Gas-CC-CCS-HighCF,OM-var,adv tech,5.7,5.7,5.7,5.7,5.7,5.7,5.6,5.6,5.5,5.5,5.5,5.4,5.4,5.3,5.3,5.2,5.1,5.1,5,4.9,4.9,4.9,4.9,4.9,4.9,4.9,4.9,4.9,4.9,4.9,4.9,4.9
Natural Gas,Gas-CC-CCS-HighCF,OM-var,central,5.7,5.7,5.7,5.7,5.7,5.7,5.7,5.7,5.6,5.6,5.6,5.6,5.6,5.5,5.5,5.5,5.4,5.4,5.4,5.3,5.3,5.3,5.3,5.3,5.3,5.3,5.3,5.3,5.3,5.3,5.3,5.3
Natural Gas,Gas-CC-CCS-HighCF,OM-var,low tech,5.7,5.7,5.7,5.7,5.7,5.7,5.7,5.7,5.7,5.7,5.7,5.7,5.7,5.7,5.7,5.7,5.7,5.7,5.7,5.7,5.7,5.7,5.7,5.7,5.7,5.7,5.7,5.7,5.7,5.7,5.7,5.7
Nuclear,Nuclear,OM-var,adv tech,,,,,,,,,,,,,,,,,,,,,,,,,,,,,,,,
Nuclear,Nuclear,OM-var,central,2.4,2.4,2.4,2.4,2.4,2.4,2.4,2.4,2.4,2.4,2.4,2.4,2.4,2.4,2.4,2.4,2.4,2.4,2.4,2.4,2.4,2.4,2.4,2.4,2.4,2.4,2.4,2.4,2.4,2.4,2.4,2.4
Nuclear,Nuclear,OM-var,low tech,,,,,,,,,,,,,,,,,,,,,,,,,,,,,,,,
Nuclear,Nuclear - Small Modular Reactor,OM-var,adv tech,,,,,,,,,,,,,,,,,,,,,,,,,,,,,,,,
Nuclear,Nuclear - Small Modular Reactor,OM-var,central,,,,,,,,,,,,,,,,,,,,,,,,,,,,,,,,
Nuclear,Nuclear - Small Modular Reactor,OM-var,low tech,,,,,,,,,,,,,,,,,,,,,,,,,,,,,,,,
Biopower,Dedicated,OM-var,adv tech,4.8,4.8,4.8,4.8,4.8,4.8,4.8,4.8,4.8,4.8,4.8,4.8,4.8,4.8,4.8,4.8,4.8,4.8,4.8,4.8,4.8,4.8,4.8,4.8,4.8,4.8,4.8,4.8,4.8,4.8,4.8,4.8
Biopower,Dedicated,OM-var,central,4.8,4.8,4.8,4.8,4.8,4.8,4.8,4.8,4.8,4.8,4.8,4.8,4.8,4.8,4.8,4.8,4.8,4.8,4.8,4.8,4.8,4.8,4.8,4.8,4.8,4.8,4.8,4.8,4.8,4.8,4.8,4.8
Biopower,Dedicated,OM-var,low tech,4.8,4.8,4.8,4.8,4.8,4.8,4.8,4.8,4.8,4.8,4.8,4.8,4.8,4.8,4.8,4.8,4.8,4.8,4.8,4.8,4.8,4.8,4.8,4.8,4.8,4.8,4.8,4.8,4.8,4.8,4.8,4.8
Storage,2Hr Battery Storage,OM-var,adv tech,0,0,0,0,0,0,0,0,0,0,0,0,0,0,0,0,0,0,0,0,0,0,0,0,0,0,0,0,0,0,0,0
Storage,2Hr Battery Storage,OM-var,central,0,0,0,0,0,0,0,0,0,0,0,0,0,0,0,0,0,0,0,0,0,0,0,0,0,0,0,0,0,0,0,0
Storage,2Hr Battery Storage,OM-var,low tech,0,0,0,0,0,0,0,0,0,0,0,0,0,0,0,0,0,0,0,0,0,0,0,0,0,0,0,0,0,0,0,0
Storage,4Hr Battery Storage,OM-var,adv tech,0,0,0,0,0,0,0,0,0,0,0,0,0,0,0,0,0,0,0,0,0,0,0,0,0,0,0,0,0,0,0,0
Storage,4Hr Battery Storage,OM-var,central,0,0,0,0,0,0,0,0,0,0,0,0,0,0,0,0,0,0,0,0,0,0,0,0,0,0,0,0,0,0,0,0
Storage,4Hr Battery Storage,OM-var,low tech,0,0,0,0,0,0,0,0,0,0,0,0,0,0,0,0,0,0,0,0,0,0,0,0,0,0,0,0,0,0,0,0
Storage,6Hr Battery Storage,OM-var,adv tech,0,0,0,0,0,0,0,0,0,0,0,0,0,0,0,0,0,0,0,0,0,0,0,0,0,0,0,0,0,0,0,0
Storage,6Hr Battery Storage,OM-var,central,0,0,0,0,0,0,0,0,0,0,0,0,0,0,0,0,0,0,0,0,0,0,0,0,0,0,0,0,0,0,0,0
Storage,6Hr Battery Storage,OM-var,low tech,0,0,0,0,0,0,0,0,0,0,0,0,0,0,0,0,0,0,0,0,0,0,0,0,0,0,0,0,0,0,0,0
Storage,8Hr Battery Storage,OM-var,adv tech,0,0,0,0,0,0,0,0,0,0,0,0,0,0,0,0,0,0,0,0,0,0,0,0,0,0,0,0,0,0,0,0
Storage,8Hr Battery Storage,OM-var,central,0,0,0,0,0,0,0,0,0,0,0,0,0,0,0,0,0,0,0,0,0,0,0,0,0,0,0,0,0,0,0,0
Storage,8Hr Battery Storage,OM-var,low tech,0,0,0,0,0,0,0,0,0,0,0,0,0,0,0,0,0,0,0,0,0,0,0,0,0,0,0,0,0,0,0,0
Storage,10Hr Battery Storage,OM-var,adv tech,0,0,0,0,0,0,0,0,0,0,0,0,0,0,0,0,0,0,0,0,0,0,0,0,0,0,0,0,0,0,0,0
Storage,10Hr Battery Storage,OM-var,central,0,0,0,0,0,0,0,0,0,0,0,0,0,0,0,0,0,0,0,0,0,0,0,0,0,0,0,0,0,0,0,0
Storage,10Hr Battery Storage,OM-var,low tech,0,0,0,0,0,0,0,0,0,0,0,0,0,0,0,0,0,0,0,0,0,0,0,0,0,0,0,0,0,0,0,0
PV+Storage ,PV+Storage - Class 10,OM-var,adv tech,0,0,0,0,0,0,0,0,0,0,0,0,0,0,0,0,0,0,0,0,0,0,0,0,0,0,0,0,0,0,0,0
PV+Storage ,PV+Storage - Class 10,OM-var,central,0,0,0,0,0,0,0,0,0,0,0,0,0,0,0,0,0,0,0,0,0,0,0,0,0,0,0,0,0,0,0,0
PV+Storage ,PV+Storage - Class 10,OM-var,low tech,0,0,0,0,0,0,0,0,0,0,0,0,0,0,0,0,0,0,0,0,0,0,0,0,0,0,0,0,0,0,0,0
PV+Storage ,PV+Storage - Class 9,OM-var,adv tech,0,0,0,0,0,0,0,0,0,0,0,0,0,0,0,0,0,0,0,0,0,0,0,0,0,0,0,0,0,0,0,0
PV+Storage ,PV+Storage - Class 9,OM-var,central,0,0,0,0,0,0,0,0,0,0,0,0,0,0,0,0,0,0,0,0,0,0,0,0,0,0,0,0,0,0,0,0
PV+Storage ,PV+Storage - Class 9,OM-var,low tech,0,0,0,0,0,0,0,0,0,0,0,0,0,0,0,0,0,0,0,0,0,0,0,0,0,0,0,0,0,0,0,0
PV+Storage ,PV+Storage - Class 8,OM-var,adv tech,0,0,0,0,0,0,0,0,0,0,0,0,0,0,0,0,0,0,0,0,0,0,0,0,0,0,0,0,0,0,0,0
PV+Storage ,PV+Storage - Class 8,OM-var,central,0,0,0,0,0,0,0,0,0,0,0,0,0,0,0,0,0,0,0,0,0,0,0,0,0,0,0,0,0,0,0,0
PV+Storage ,PV+Storage - Class 8,OM-var,low tech,0,0,0,0,0,0,0,0,0,0,0,0,0,0,0,0,0,0,0,0,0,0,0,0,0,0,0,0,0,0,0,0
PV+Storage ,PV+Storage - Class 7,OM-var,adv tech,0,0,0,0,0,0,0,0,0,0,0,0,0,0,0,0,0,0,0,0,0,0,0,0,0,0,0,0,0,0,0,0
PV+Storage ,PV+Storage - Class 7,OM-var,central,0,0,0,0,0,0,0,0,0,0,0,0,0,0,0,0,0,0,0,0,0,0,0,0,0,0,0,0,0,0,0,0
PV+Storage ,PV+Storage - Class 7,OM-var,low tech,0,0,0,0,0,0,0,0,0,0,0,0,0,0,0,0,0,0,0,0,0,0,0,0,0,0,0,0,0,0,0,0
PV+Storage ,PV+Storage - Class 6,OM-var,adv tech,0,0,0,0,0,0,0,0,0,0,0,0,0,0,0,0,0,0,0,0,0,0,0,0,0,0,0,0,0,0,0,0
PV+Storage ,PV+Storage - Class 6,OM-var,central,0,0,0,0,0,0,0,0,0,0,0,0,0,0,0,0,0,0,0,0,0,0,0,0,0,0,0,0,0,0,0,0
PV+Storage ,PV+Storage - Class 6,OM-var,low tech,0,0,0,0,0,0,0,0,0,0,0,0,0,0,0,0,0,0,0,0,0,0,0,0,0,0,0,0,0,0,0,0
PV+Storage ,PV+Storage - Class 5,OM-var,adv tech,0,0,0,0,0,0,0,0,0,0,0,0,0,0,0,0,0,0,0,0,0,0,0,0,0,0,0,0,0,0,0,0
PV+Storage ,PV+Storage - Class 5,OM-var,central,0,0,0,0,0,0,0,0,0,0,0,0,0,0,0,0,0,0,0,0,0,0,0,0,0,0,0,0,0,0,0,0
PV+Storage ,PV+Storage - Class 5,OM-var,low tech,0,0,0,0,0,0,0,0,0,0,0,0,0,0,0,0,0,0,0,0,0,0,0,0,0,0,0,0,0,0,0,0
PV+Storage ,PV+Storage - Class 4,OM-var,adv tech,0,0,0,0,0,0,0,0,0,0,0,0,0,0,0,0,0,0,0,0,0,0,0,0,0,0,0,0,0,0,0,0
PV+Storage ,PV+Storage - Class 4,OM-var,central,0,0,0,0,0,0,0,0,0,0,0,0,0,0,0,0,0,0,0,0,0,0,0,0,0,0,0,0,0,0,0,0
PV+Storage ,PV+Storage - Class 4,OM-var,low tech,0,0,0,0,0,0,0,0,0,0,0,0,0,0,0,0,0,0,0,0,0,0,0,0,0,0,0,0,0,0,0,0
PV+Storage ,PV+Storage - Class 3,OM-var,adv tech,0,0,0,0,0,0,0,0,0,0,0,0,0,0,0,0,0,0,0,0,0,0,0,0,0,0,0,0,0,0,0,0
PV+Storage ,PV+Storage - Class 3,OM-var,central,0,0,0,0,0,0,0,0,0,0,0,0,0,0,0,0,0,0,0,0,0,0,0,0,0,0,0,0,0,0,0,0
PV+Storage ,PV+Storage - Class 3,OM-var,low tech,0,0,0,0,0,0,0,0,0,0,0,0,0,0,0,0,0,0,0,0,0,0,0,0,0,0,0,0,0,0,0,0
PV+Storage ,PV+Storage - Class 2,OM-var,adv tech,0,0,0,0,0,0,0,0,0,0,0,0,0,0,0,0,0,0,0,0,0,0,0,0,0,0,0,0,0,0,0,0
PV+Storage ,PV+Storage - Class 2,OM-var,central,0,0,0,0,0,0,0,0,0,0,0,0,0,0,0,0,0,0,0,0,0,0,0,0,0,0,0,0,0,0,0,0
PV+Storage ,PV+Storage - Class 2,OM-var,low tech,0,0,0,0,0,0,0,0,0,0,0,0,0,0,0,0,0,0,0,0,0,0,0,0,0,0,0,0,0,0,0,0
PV+Storage ,PV+Storage - Class 1,OM-var,adv tech,0,0,0,0,0,0,0,0,0,0,0,0,0,0,0,0,0,0,0,0,0,0,0,0,0,0,0,0,0,0,0,0
PV+Storage ,PV+Storage - Class 1,OM-var,central,0,0,0,0,0,0,0,0,0,0,0,0,0,0,0,0,0,0,0,0,0,0,0,0,0,0,0,0,0,0,0,0
PV+Storage ,PV+Storage - Class 1,OM-var,low tech,0,0,0,0,0,0,0,0,0,0,0,0,0,0,0,0,0,0,0,0,0,0,0,0,0,0,0,0,0,0,0,0
