# File: offshore_wind_potential_scaler.csv
# Title: Offshore Wind Resource Potential Scaling Factors
# Units: unitless scaler
# Comments:  Per original wind resource dataset - United States of America refers only to the continental U.S. Alaska and Hawaii are counted separately because of their remoteness.
# Thus we inflate the USA resource estimate by 5% to account for this uncounted resource.
# Source:  assumption; informed by fact that Alaksa resource is not accounted in the USA estimate in the original data set (https://catalog.data.gov/dataset/global-cfdda-based-onshore-and-offshore-wind-potential-supply-curves-by-country-class-and--912c6)
# Column types: inc
# ----------
GCAM_region_ID,scaler,reason
1,1.05,Alaska resource not counted in USA total
2,1,
3,1,
4,1,
5,1,
6,1,
7,1,
8,1,
9,1,
10,1,
11,1,
12,1,
13,1,
14,1,
15,1,
16,1,
17,1,
18,1,
19,1,
20,1,
21,1,
22,1,
23,1,
24,1,
25,1,
26,1,
27,1,
28,1,
29,1,
30,1,
31,1,
32,1,
