# File: rsrc_unconv_oil_prod_bbld.csv
# Title: Historical unconventional oil production by country where applicable
# Units: million barrels of oil per day
# Source: For Canada use http://earlywarn.blogspot.com/2010/01/tar-sands-production-graph.html until 2010; use StatCan data for years beyond 2010 https://www150.statcan.gc.ca/n1/tbl/csv/25100014-eng.zip for 2016 onwards https://www150.statcan.gc.ca/t1/tbl1/en/tv.action?pid=2510006301; for Venezuela IEA World Energy Outlook 2010 http://www.worldenergyoutlook.org/media/weo2010.pdf; https://iea.blob.core.windows.net/assets/830fe099-5530-48f2-a7c1-11f35d510983/WorldEnergyOutlook2022.pdf
# Comments: For Canada: download the data https://www150.statcan.gc.ca/n1/tbl/csv/25100014-eng.zip; filter "Crude Bitumen" and "Synthetic crude oil" both of which qualify as unconventional oil according to the Data Quality Statement: https://www23.statcan.gc.ca/imdb/p2SV.pl?Function=getSurvey&SDDS=2198 or https://www.statcan.gc.ca/eng/statistical-programs/document/2198_D1_T2_V1_B.pdf; for more recent data from 2023 filter "Non-upgraded production of crude bitumen" and "Synthetic crude oil production"; filter "Canada" and sum the VALUES for the year; multiple with VALUE *(6.289/365/1000). Example calculation for 2015; we get roughly 137552 (thousand cubic meters) * 6.28981 (barrels/cubic meter) / 1000 (convert thousands to millions) / 365 (days/year) which gets us 2.37 million barrels of unconventional oil per day. For Venezuela scale unconventional oil production according to total crude oil production (total crude oil production halves from 2015 to 2020)
# Column types: ciiinnnnnnnnnnnnnn
# ----------
iso,1970,1975,1980,1985,1990,1995,2000,2005,2010,2015,2016,2017,2018,2019,2020,2021,2022
can,0,0,0,0.2,0.35,0.43,0.61,1.1,1.357909666, 2.370353671, 2.420811647, 2.674207534, 2.912676581, 2.948184592, 2.841914203, 3.10301552, 3.161680578
ven,0,0,0,0,0,0,0.2,0.6,0.6,0.6,0.5,0.45,0.4,0.35,0.3,0.3,0.3
