# File: IEA_flow_sector.csv
# Title: Mapping from flows in IEA energy balances to intermediate sector names. Includes unit conversion
# Units: NA
# Source: International Energy Agency,2012, Energy Balances of OECD Countries 1960-2010 and Energy Balances of Non-OECD Countries 1971-2010
# Description: The conversion factors convert from the units in IEA Energy Balances (kilotonnes of oil equivalent, terajoules of heat, and gigawatt-hours of electricity) to exajoules, and all energy inputs are indicated as positive numbers. In the IEA Energy Balances, the standard adopted is that for energy production and transformation sectors, energy inputs are negative and energy outputs are positive, whereas for energy consumption sectors, energy inputs are positive. We don't use that convention in GCAM; all energy inputs (and outputs) are indicated as positive numbers.
# Column types: cccn 
# ----------
flow_code,flow_name,sector,conversion
INDPROD,Production,out_resources,0.00004186
IMPORTS,Imports,,
EXPORTS,Exports,,
MARBUNK,International Marine Bunkers,in_trn_international ship,-0.00004186
AVBUNK,International Aviation Bunkers,in_trn_international air,-0.00004186
STOCKCHA,Stock Changes,,
TES,Total Primary Energy Supply,,
TRANSFER,Transfers,,
STATDIFF,Statistical Differences,,
TOTTRANF,Transformation Sector,,
MAINELEC,Main Activity Producer Electricity Plants,in_electricity generation,-0.00004186
AUTOELEC,Autoproducer Electricity Plants,in_electricity generation,-0.00004186
MAINCHP,Main Activity Producer CHP Plants,in_electricity generation,-0.00004186
AUTOCHP,Autoproducer CHP Plants,in_industry_chp,-0.00004186
MAINHEAT,Main Activity Producer Heat Plants,in_heat,-0.00004186
AUTOHEAT,Autoproducer Heat Plants,in_heat,-0.00004186
THEAT,Heat Pumps,net_industry_energy transformation,-0.00004186
TBOILER,Electric Boilers,net_industry_energy transformation,-0.00004186
TELE,Chemical heat for electricity production,,
TBLASTFUR,Blast Furnaces,net_industry_energy_iron and steel,-0.00004186
TGASWKS,Gas Works,net_gas works,-0.00004186
TCOKEOVS,Coke Ovens,net_industry_energy_iron and steel,-0.00004186
TPATFUEL,Patent Fuel Plants,net_industry_energy transformation,-0.00004186
TBKB,BKB Plants,net_industry_energy transformation,-0.00004186
TREFINER,Petroleum Refineries,net_industry_oil refining,-0.00004186
TPETCHEM,Petrochemical Industry,net_industry_energy transformation,-0.00004186
TCOALLIQ,Coal Liquefaction Plants,in_industry_ctl,-0.00004186
TGTL,Gas-to-Liquids (GTL) Plants,in_industry_gtl,-0.00004186
TBLENDGAS,For Blended Natural Gas,net_gas works,-0.00004186
TCHARCOAL,Charcoal Production Plants,net_industry_energy transformation,-0.00004186
TNONSPEC,Non-specified (Transformation),net_industry_energy transformation,-0.00004186
TOTENGY,Energy Sector,,
EMINES,Coal Mines,net_industry_energy transformation,-0.00004186
EOILGASEX,Oil and Gas Extraction,net_industry_energy transformation,-0.00004186
EBLASTFUR,Blast Furnaces,net_industry_energy_iron and steel,-0.00004186
EGASWKS,Gas Works,net_gas works,-0.00004186
EBIOGAS,Gasification Plants for Biogas,net_industry_energy transformation,-0.00004186
ECOKEOVS,Coke Ovens,net_industry_energy_iron and steel,-0.00004186
EPATFUEL,Patent Fuel Plants,net_industry_energy transformation,-0.00004186
EBKB,BKB Plants,net_industry_energy transformation,-0.00004186
EREFINER,Petroleum Refineries,net_industry_oil refining,-0.00004186
ECOALLIQ,Coal Liquefaction Plants,in_industry_ctl,-0.00004186
ELNG,Liquefaction (LNG) / Regasification Plants,net_industry_energy transformation,-0.00004186
EGTL,Gas-to-Liquids (GTL) Plants,in_industry_gtl,-0.00004186
EPOWERPLT,"Own Use in Electricity, CHP and Heat Plants",in_industry_ownuse,-0.00004186
EPUMPST,Used for Pumped Storage,in_industry_ownuse,-0.00004186
ENUC,Nuclear Industry,net_industry_energy transformation,-0.00004186
ECHARCOAL,Charcoal Production Plants,net_industry_energy transformation,-0.00004186
ENONSPEC,Non-specified (Energy),net_industry_energy transformation,-0.00004186
DISTLOSS,Distribution Losses,in_industry_energy distribution,-0.00004186
TFC,Total Final Consumption,,
TOTIND,Industry Sector,in_industry_general,0.00004186
MANUFACT,Manufacturing,,
IRONSTL,Iron and Steel,iron and steel,0.00004186
CHEMICAL,Chemical and Petrochemical,chemical energy use,0.00004186
NONFERR,Non-Ferrous Metals,,
NONMET,Non-Metallic Minerals,cement,0.00004186
TRANSEQ,Transport Equipment,,
MACHINE,Machinery,,
MINING,Mining and Quarrying,mining energy use,0.00004186
FOODPRO,Food and Tobacco,food processing,0.00004186
PAPERPRO,"Paper, Pulp and Print",paper,0.00004186
WOODPRO,Wood and Wood Products,,
CONSTRUC,Construction,construction energy use,0.00004186
TEXTILES,Textile and Leather,,
INONSPEC,Non-specified (Industry),,
TOTTRANS,Transport Sector,,
WORLDAV,World Aviation Bunkers,,
DOMESAIR,Domestic Aviation,in_trn_domestic air,0.00004186
ROAD,Road,in_trn_road,0.00004186
RAIL,Rail,in_trn_rail,0.00004186
PIPELINE,Pipeline Transport,in_industry_pipeline,0.00004186
WORLDMAR,World Marine Bunkers,,
DOMESNAV,Domestic Navigation,in_trn_domestic ship,0.00004186
TRNONSPE,Non-specified (Transport),in_trn_unspecified,0.00004186
RESIDENT,Residential,in_bld_resid,0.00004186
COMMPUB,Commercial and Public Services,in_bld_comm,0.00004186
AGRICULT,Agriculture/Forestry,in_industry_agriculture,0.00004186
FISHING,Fishing,in_industry_general,0.00004186
ONONSPEC,Non-specified (Other),in_bld_comm,0.00004186
NONENUSE,Non-energy use,in_industry_feedstocks,0.00004186
NEINTREN,Non-energy use industry/transformation/ energy,,
NEIND,Memo: Non-energy use in industry,,
NEIRONSTL,Memo: Non-energy use in iron and steel,,
NECHEM,Memo: Non-energy use chemical/petrochemical,chemical feedstocks,0.00004186
NENONFERR,Memo: Non-energy use in non-ferrous metals,,
NENONMET,Memo: Non-energy use in non-metallic minerals,,
NETRANSEQ,Memo: Non-energy use in transport equipment,,
NEMACHINE,Memo: Non-energy use in machinery,,
NEMINING,Memo: Non-energy use in mining and quarrying,,
NEFOODPRO,Memo: Non-energy use in food/beverages/tobacco,,
NEPAPERPRO,Memo: Non-energy use in paper/pulp and printing,,
NEWOODPRO,Memo: Non-energy use in wood and wood products,,
NECONSTRUC,Memo: Non-energy use in construction,construction feedstocks,0.00004186
NETEXTILES,Memo: Non-energy use in textiles and leather,,
NEINONSPEC,Memo: Non-energy use in non-specified industry,,
NETRANS,Non-Energy Use in transport,,
NEOTHER,Non-Energy Use in other,,
ELOUTPUT,Elect.Output in GWh,,
ELMAINE,Elec Output-main activity producer ele plants,out_electricity generation,0.0000036
ELAUTOE,Elec Output-autoproducer electricity plants,out_electricity generation,0.0000036
ELMAINC,Elec Output-main activity producer CHP plants,out_electricity generation,0.0000036
ELAUTOC,Elec Output-autoproducer CHP plants,out_chp_elec,0.0000036
HEATOUT,Heat Output in ktoe,,
HEMAINC,Heat Output-main activity producer CHP plants,out_electricity_heat,0.00004186
HEAUTOC,Heat Output-autoproducer CHP plants,,
HEMAINH,Heat Output-main activity producer heat plant,,
HEAUTOH,Heat Output-autoproducer heat plants,,
