# File: IEA_product_fuel.csv
# Title: Mapping from products in IEA energy balances to intermediate fuel names
# Units: NA
# Source: International Energy Agency,2017, Energy Balances of OECD Countries 1960-2016 and Energy Balances of Non-OECD Countries 1971-2015.Oil shale and oil sands is a new fuel (only available in Estonia and Israel) that used to be called lignite. We map it to coal to stay consistent with prior versions of the energy balances.
# Description: The conversion factors convert from the units in IEA Energy Balances (kilotonnes of oil equivalent, terajoules of heat, and gigawatt-hours of electricity) to exajoules, and all energy inputs are indicated as positive numbers. In the IEA Energy Balances, the standard adopted is that for energy production and transformation sectors, energy inputs are negative and energy outputs are positive, whereas for energy consumption sectors, energy inputs are positive. We don't use that convention in GCAM; all energy inputs (and outputs) are indicated as positive numbers.
# Column types: cc 
# ----------
product,fuel
Hard coal (if no detail),coal
Brown coal (if no detail),coal
Anthracite,coal
Coking coal,coal
Other bituminous coal,coal
Sub-bituminous coal,coal
Lignite,coal
Patent fuel,coal
Coke oven coke,coal
Gas coke,coal
Coal tar,coal
BKB,coal
Gas works gas,gas
Coke oven gas,coal
Blast furnace gas,coal
Other recovered gases,coal
Peat,coal
Peat products,coal
Oil shale and oil sands,coal
Natural gas,gas
Crude/NGL/feedstocks (if no detail),refined liquids
Crude oil,refined liquids
Natural gas liquids,refined liquids
Refinery feedstocks,refined liquids
Additives/blending components,refined liquids
Other hydrocarbons,refined liquids
Refinery gas,refined liquids
Ethane,refined liquids
Liquefied petroleum gases (LPG),refined liquids
Motor gasoline excl. biofuels,refined liquids
Aviation gasoline,refined liquids
Gasoline type jet fuel,refined liquids
Kerosene type jet fuel excl. biofuels,refined liquids
Other kerosene,refined liquids
Gas/diesel oil excl. biofuels,refined liquids
Fuel oil,refined liquids
Naphtha,refined liquids
White spirit & SBP,refined liquids
Lubricants,refined liquids
Bitumen,refined liquids
Paraffin waxes,refined liquids
Petroleum coke,refined liquids
Other oil products,refined liquids
Industrial waste,biomass
Municipal waste (renewable),biomass
Municipal waste (non-renewable),biomass
Primary solid biofuels,biomass_tradbio
Biogases,gasified biomass
Biogasoline,refined biofuels_ethanol
Biodiesels,refined biofuels_FT
Bio jet kerosene,biomass
Other liquid biofuels,biomass
Non-specified primary biofuels and waste,biomass
Charcoal,biomass
Elec/heat output from non-specified manufactured gases,heat
Heat output from non-specified combustible fuels,
Nuclear,elec_nuclear
Hydro,elec_hydro
Geothermal,elec_geothermal
Solar photovoltaics,elec_solar PV
Solar thermal,elec_solar CSP
"Tide, wave and ocean",elec_hydro
Wind,elec_wind
Other sources,
Electricity,electricity
Heat,heat
Total,
Memo: Renewables,
