# File: CEDS_sector_tech_proc.csv
# Title: Mapping between GCAM  technologies to CEDS aggregate sectors, aggregte fuels, EDGAR aggregate sector, RCP aggregate sector, BCOC aggregate sectore, EPA MACC sector, and IIASA sector. This file is used to map process sectors from CEDS to GCAM for the old transportation size classes.
# Units: None
# Source: internal
# Column types: ccccccccccccccccc
sector,fuel,technology,supplysector,subsector,stub.technology,CEDS_agg_sector,CEDS_agg_fuel,EPA_agg_sector,EPA_agg_fuel,EPA_agg_fuel_ghg,EDGAR_agg_sector,RCP_agg_sector,BCOC_agg_sector,BCOC_agg_fuel,EPA_MACC_Sector,IIASA_sector
Beef,Mixed,FeedCrops,Beef,Mixed,FeedCrops,Animals,process,Beef,all,all,Animals,,Beef,all,Livestock,
Beef,Mixed,FodderHerb_Residue,Beef,Mixed,FodderHerb_Residue,Animals,process,Beef,all,all,Animals,,Beef,all,Livestock,
Beef,Mixed,Pasture_FodderGrass,Beef,Mixed,Pasture_FodderGrass,Animals,process,Beef,all,all,Animals,,Beef,all,Livestock,
Beef,Mixed,Scavenging_Other,Beef,Mixed,Scavenging_Other,Animals,process,Beef,all,all,Animals,,Beef,all,Livestock,
Beef,Pastoral,FeedCrops,Beef,Pastoral,FeedCrops,Animals,process,Beef,all,all,Animals,,Beef,all,Livestock,
Beef,Pastoral,FodderHerb_Residue,Beef,Pastoral,FodderHerb_Residue,Animals,process,Beef,all,all,Animals,,Beef,all,Livestock,
Beef,Pastoral,Pasture_FodderGrass,Beef,Pastoral,Pasture_FodderGrass,Animals,process,Beef,all,all,Animals,,Beef,all,Livestock,
Beef,Pastoral,Scavenging_Other,Beef,Pastoral,Scavenging_Other,Animals,process,Beef,all,all,Animals,,Beef,all,Livestock,
biomass,,,biomass,,,,,,,,,,,,Cropland Management,
cement,biomass,biomass,process heat cement,biomass,biomass,cement,process,cement,all,all,industry_energy,ind,cement,all,,
cement,coal,coal,process heat cement,coal,coal,cement,process,cement,all,all,industry_energy,ind,cement,all,,
cement,gas,gas,process heat cement,gas,gas,cement,process,cement,all,all,industry_energy,ind,cement,all,,
cement,refined liquids,refined liquids,process heat cement,refined liquids,refined liquids,cement,process,cement,all,all,industry_energy,ind,cement,all,,
comm cooling,electricity,electricity,comm cooling,electricity,electricity,,,,,,,,,,Refrigeration and Air Conditioning,
comm cooling,gas,gas,comm cooling,gas,gas,bld_comm,gas,bld_comm,gas,gas,bld,dom,bld_comm,gas,Refrigeration and Air Conditioning,bld_gas
comm heating,biomass,biomass,comm heating,biomass,biomass,bld_comm,biomass,bld_comm,biomass,biomass,bld,dom,bld_comm,biomass,,bld_bio
comm heating,coal,coal,comm heating,coal,coal,bld_comm,coal,bld_comm,coal,coal,bld,dom,bld_comm,coal,,bld_coal
comm heating,gas,gas,comm heating,gas,gas,bld_comm,gas,bld_comm,gas,gas,bld,dom,bld_comm,gas,,bld_gas
comm heating,refined liquids,refined liquids,comm heating,refined liquids,refined liquids,bld_comm,refined liquids,bld_comm,refined liquids,refined liquids,bld,dom,bld_comm,refined liquids,,bld_oil
comm others,biomass,biomass,comm others,biomass,biomass,bld_comm,biomass,bld_comm,biomass,biomass,bld,dom,bld_comm,biomass,,bld_bio
comm others,coal,coal,comm others,coal,coal,bld_comm,coal,bld_comm,coal,coal,bld,dom,bld_comm,coal,,bld_coal
comm others,gas,gas,comm others,gas,gas,bld_comm,gas,bld_comm,gas,gas,bld,dom,bld_comm,gas,,bld_gas
comm others,refined liquids,refined liquids,comm others,refined liquids,refined liquids,bld_comm,refined liquids,bld_comm,refined liquids,refined liquids,bld,dom,bld_comm,refined liquids,,bld_oil
Corn,,,Corn,,,,,,,,,,,,Cropland Management,
Dairy,Mixed,FeedCrops,Dairy,Mixed,FeedCrops,Animals,process,Dairy,all,all,Animals,,Dairy,all,Livestock,
Dairy,Mixed,FodderHerb_Residue,Dairy,Mixed,FodderHerb_Residue,Animals,process,Dairy,all,all,Animals,,Dairy,all,Livestock,
Dairy,Mixed,Pasture_FodderGrass,Dairy,Mixed,Pasture_FodderGrass,Animals,process,Dairy,all,all,Animals,,Dairy,all,Livestock,
Dairy,Mixed,Scavenging_Other,Dairy,Mixed,Scavenging_Other,Animals,process,Dairy,all,all,Animals,,Dairy,all,Livestock,
Dairy,Pastoral,FeedCrops,Dairy,Pastoral,FeedCrops,Animals,process,Dairy,all,all,Animals,,Dairy,all,Livestock,
Dairy,Pastoral,FodderHerb_Residue,Dairy,Pastoral,FodderHerb_Residue,Animals,process,Dairy,all,all,Animals,,Dairy,all,Livestock,
Dairy,Pastoral,Pasture_FodderGrass,Dairy,Pastoral,Pasture_FodderGrass,Animals,process,Dairy,all,all,Animals,,Dairy,all,Livestock,
Dairy,Pastoral,Scavenging_Other,Dairy,Pastoral,Scavenging_Other,Animals,process,Dairy,all,all,Animals,,Dairy,all,Livestock,
electricity distribution,electricity,electricity,elect_td_bld,elect_td_bld,elect_td_bld,,,elect_td,all,all,,,,,,
electricity distribution,electricity,electricity,elect_td_ind,elect_td_ind,elect_td_ind,,,elect_td,all,all,,,,,,
electricity distribution,electricity,electricity,elect_td_trn,elect_td_trn,elect_td_trn,,,elect_td,all,all,,,,,,
electricity generation,biomass,biomass (conv),electricity,biomass,biomass (conv),elec_gen,biomass,elec_heat,biomass,biomass,elec_heat,ene,electricity generation,biomass (conv),,elec_bio
electricity generation,coal,coal (conv pul),electricity,coal,coal (conv pul),elec_gen,coal,elec_heat,coal,coal,elec_heat,ene,electricity generation,coal (conv pul),,elec_coal
electricity generation,gas,gas (CC),electricity,gas,gas (CC),elec_gen,gas,elec_heat,gas,gas,elec_heat,ene,electricity generation,gas (CC),,elec_gas
electricity generation,gas,gas (steam/CT),electricity,gas,gas (steam/CT),elec_gen,gas,elec_heat,gas,gas,elec_heat,ene,electricity generation,gas (steam/CT),,elec_gas
electricity generation,refined liquids,refined liquids (steam/CT),electricity,refined liquids,refined liquids (steam/CT),elec_gen,refined liquids,elec_heat,refined liquids,refined liquids,elec_heat,ene,electricity generation,refined liquids (steam/CT),,elec_oil
electricity_net_ownuse,electricity_net_ownuse,electricity_net_ownuse,electricity_net_ownuse,electricity_net_ownuse,electricity_net_ownuse,,,,,,,,,,Electric Power Systems,
FiberCrop,,,FiberCrop,,,,,,,,,,,,Cropland Management,
FodderGrass,,,FodderGrass,,,,,,,,,,,,Cropland Management,
FodderHerb,,,FodderHerb,,,,,,,,,,,,Cropland Management,
Freight,Rail_All,coal,trn_freight,Freight Rail,Coal,trn_rail,coal,trn_rail,all,coal,trn_rail,tra,trn_rail,coal,,trn_coal
Freight,Rail_All,refined liquids,trn_freight,Freight Rail,Liquids,trn_rail,refined liquids,trn_rail,all,refined liquids,trn_rail,tra,trn_rail,refined liquids,,trn_oil
Freight,Rail_All,refined liquids,trn_freight,Freight Rail,Adv-Liquid,trn_rail,refined liquids,trn_rail,all,refined liquids,trn_rail,tra,trn_rail,refined liquids,,trn_oil
Freight,Ship Domestic_All,refined liquids,trn_freight,Domestic Ship,Liquids,trn_domestic ship,refined liquids,trn_ship,all,refined liquids,trn_domestic ship,tra,trn_ship,refined liquids,,trn_oil
Freight,Ship International_All,refined liquids,trn_shipping_intl,International Ship,Liquids,trn_intl_ship,refined liquids,trn_ship,all,refined liquids,trn_intl_ship,tra,trn_ship,refined liquids,,trn_oil
Freight,Truck_3W Rural,gas,trn_freight_road,3W Rural,NG,trn_road,gas,trn_road,gas,gas,trn_road,tra,trn_road,gas,,trn_gas
Freight,Truck_3W Rural,refined liquids,trn_freight_road,3W Rural,Liquids,trn_road,refined liquids,trn_road,refined liquids,refined liquids,trn_road,tra,trn_road,refined liquids,,trn_oil
Freight,Truck_Truck,gas,trn_freight_road,Truck,NG,trn_road,gas,trn_road,gas,gas,trn_road,tra,trn_road,gas,,trn_gas
Freight,Truck_Truck,refined liquids,trn_freight_road,Truck,Liquids,trn_road,refined liquids,trn_road,refined liquids,refined liquids,trn_road,tra,trn_road,refined liquids,,trn_oil
Freight,Truck_Truck (>12t),gas,trn_freight_road,Truck (>12t),NG,trn_road,gas,trn_road,gas,gas,trn_road,tra,trn_road,gas,,trn_gas
Freight,Truck_Truck (>12t),refined liquids,trn_freight_road,Truck (>12t),Liquids,trn_road,refined liquids,trn_road,refined liquids,refined liquids,trn_road,tra,trn_road,refined liquids,,trn_oil
Freight,Truck_Truck (>14t),gas,trn_freight_road,Truck (>14t),NG,trn_road,gas,trn_road,gas,gas,trn_road,tra,trn_road,gas,,trn_gas
Freight,Truck_Truck (>14t),refined liquids,trn_freight_road,Truck (>14t),Liquids,trn_road,refined liquids,trn_road,refined liquids,refined liquids,trn_road,tra,trn_road,refined liquids,,trn_oil
Freight,Truck_Truck (>15t),gas,trn_freight_road,Truck (>15t),NG,trn_road,gas,trn_road,gas,gas,trn_road,tra,trn_road,gas,,trn_gas
Freight,Truck_Truck (>15t),refined liquids,trn_freight_road,Truck (>15t),Liquids,trn_road,refined liquids,trn_road,refined liquids,refined liquids,trn_road,tra,trn_road,refined liquids,,trn_oil
Freight,Truck_Truck (>32t),gas,trn_freight_road,Truck (>32t),NG,trn_road,gas,trn_road,gas,gas,trn_road,tra,trn_road,gas,,trn_gas
Freight,Truck_Truck (>32t),refined liquids,trn_freight_road,Truck (>32t),Liquids,trn_road,refined liquids,trn_road,refined liquids,refined liquids,trn_road,tra,trn_road,refined liquids,,trn_oil
Freight,Truck_Truck (0-1t),gas,trn_freight_road,Truck (0-1t),NG,trn_road,gas,trn_road,gas,gas,trn_road,tra,trn_road,gas,,trn_gas
Freight,Truck_Truck (0-1t),refined liquids,trn_freight_road,Truck (0-1t),Liquids,trn_road,refined liquids,trn_road,refined liquids,refined liquids,trn_road,tra,trn_road,refined liquids,,trn_oil
Freight,Truck_Truck (0-2.7t),gas,trn_freight_road,Truck (0-2.7t),NG,trn_road,gas,trn_road,gas,gas,trn_road,tra,trn_road,gas,,trn_gas
Freight,Truck_Truck (0-2.7t),refined liquids,trn_freight_road,Truck (0-2.7t),Liquids,trn_road,refined liquids,trn_road,refined liquids,refined liquids,trn_road,tra,trn_road,refined liquids,,trn_oil
Freight,Truck_Truck (0-2t),gas,trn_freight_road,Truck (0-2t),NG,trn_road,gas,trn_road,gas,gas,trn_road,tra,trn_road,gas,,trn_gas
Freight,Truck_Truck (0-2t),refined liquids,trn_freight_road,Truck (0-2t),Liquids,trn_road,refined liquids,trn_road,refined liquids,refined liquids,trn_road,tra,trn_road,refined liquids,,trn_oil
Freight,Truck_Truck (0-3.5t),gas,trn_freight_road,Truck (0-3.5t),NG,trn_road,gas,trn_road,gas,gas,trn_road,tra,trn_road,gas,,trn_gas
Freight,Truck_Truck (0-3.5t),refined liquids,trn_freight_road,Truck (0-3.5t),Liquids,trn_road,refined liquids,trn_road,refined liquids,refined liquids,trn_road,tra,trn_road,refined liquids,,trn_oil
Freight,Truck_Truck (0-4.5t),gas,trn_freight_road,Truck (0-4.5t),NG,trn_road,gas,trn_road,gas,gas,trn_road,tra,trn_road,gas,,trn_gas
Freight,Truck_Truck (0-4.5t),refined liquids,trn_freight_road,Truck (0-4.5t),Liquids,trn_road,refined liquids,trn_road,refined liquids,refined liquids,trn_road,tra,trn_road,refined liquids,,trn_oil
Freight,Truck_Truck (0-6t),gas,trn_freight_road,Truck (0-6t),NG,trn_road,gas,trn_road,gas,gas,trn_road,tra,trn_road,gas,,trn_gas
Freight,Truck_Truck (0-6t),refined liquids,trn_freight_road,Truck (0-6t),Liquids,trn_road,refined liquids,trn_road,refined liquids,refined liquids,trn_road,tra,trn_road,refined liquids,,trn_oil
Freight,Truck_Truck (1-6t),gas,trn_freight_road,Truck (1-6t),NG,trn_road,gas,trn_road,gas,gas,trn_road,tra,trn_road,gas,,trn_gas
Freight,Truck_Truck (1-6t),refined liquids,trn_freight_road,Truck (1-6t),Liquids,trn_road,refined liquids,trn_road,refined liquids,refined liquids,trn_road,tra,trn_road,refined liquids,,trn_oil
Freight,Truck_Truck (16-32t),gas,trn_freight_road,Truck (16-32t),NG,trn_road,gas,trn_road,gas,gas,trn_road,tra,trn_road,gas,,trn_gas
Freight,Truck_Truck (16-32t),refined liquids,trn_freight_road,Truck (16-32t),Liquids,trn_road,refined liquids,trn_road,refined liquids,refined liquids,trn_road,tra,trn_road,refined liquids,,trn_oil
Freight,Truck_Truck (2-5t),gas,trn_freight_road,Truck (2-5t),NG,trn_road,gas,trn_road,gas,gas,trn_road,tra,trn_road,gas,,trn_gas
Freight,Truck_Truck (2-5t),refined liquids,trn_freight_road,Truck (2-5t),Liquids,trn_road,refined liquids,trn_road,refined liquids,refined liquids,trn_road,tra,trn_road,refined liquids,,trn_oil
Freight,Truck_Truck (2.7-4.5t),gas,trn_freight_road,Truck (2.7-4.5t),NG,trn_road,gas,trn_road,gas,gas,trn_road,tra,trn_road,gas,,trn_gas
Freight,Truck_Truck (2.7-4.5t),refined liquids,trn_freight_road,Truck (2.7-4.5t),Liquids,trn_road,refined liquids,trn_road,refined liquids,refined liquids,trn_road,tra,trn_road,refined liquids,,trn_oil
Freight,Truck_Truck (3.5-16t),gas,trn_freight_road,Truck (3.5-16t),NG,trn_road,gas,trn_road,gas,gas,trn_road,tra,trn_road,gas,,trn_gas
Freight,Truck_Truck (3.5-16t),refined liquids,trn_freight_road,Truck (3.5-16t),Liquids,trn_road,refined liquids,trn_road,refined liquids,refined liquids,trn_road,tra,trn_road,refined liquids,,trn_oil
Freight,Truck_Truck (4.5-12t),gas,trn_freight_road,Truck (4.5-12t),NG,trn_road,gas,trn_road,gas,gas,trn_road,tra,trn_road,gas,,trn_gas
Freight,Truck_Truck (4.5-12t),refined liquids,trn_freight_road,Truck (4.5-12t),Liquids,trn_road,refined liquids,trn_road,refined liquids,refined liquids,trn_road,tra,trn_road,refined liquids,,trn_oil
Freight,Truck_Truck (4.5-15t),gas,trn_freight_road,Truck (4.5-15t),NG,trn_road,gas,trn_road,gas,gas,trn_road,tra,trn_road,gas,,trn_gas
Freight,Truck_Truck (4.5-15t),refined liquids,trn_freight_road,Truck (4.5-15t),Liquids,trn_road,refined liquids,trn_road,refined liquids,refined liquids,trn_road,tra,trn_road,refined liquids,,trn_oil
Freight,Truck_Truck (5-9t),gas,trn_freight_road,Truck (5-9t),NG,trn_road,gas,trn_road,gas,gas,trn_road,tra,trn_road,gas,,trn_gas
Freight,Truck_Truck (5-9t),refined liquids,trn_freight_road,Truck (5-9t),Liquids,trn_road,refined liquids,trn_road,refined liquids,refined liquids,trn_road,tra,trn_road,refined liquids,,trn_oil
Freight,Truck_Truck (6-14t),gas,trn_freight_road,Truck (6-14t),NG,trn_road,gas,trn_road,gas,gas,trn_road,tra,trn_road,gas,,trn_gas
Freight,Truck_Truck (6-14t),refined liquids,trn_freight_road,Truck (6-14t),Liquids,trn_road,refined liquids,trn_road,refined liquids,refined liquids,trn_road,tra,trn_road,refined liquids,,trn_oil
Freight,Truck_Truck (6-15t),gas,trn_freight_road,Truck (6-15t),NG,trn_road,gas,trn_road,gas,gas,trn_road,tra,trn_road,gas,,trn_gas
Freight,Truck_Truck (6-15t),refined liquids,trn_freight_road,Truck (6-15t),Liquids,trn_road,refined liquids,trn_road,refined liquids,refined liquids,trn_road,tra,trn_road,refined liquids,,trn_oil
Freight,Truck_Truck (6-30t),gas,trn_freight_road,Truck (6-30t),NG,trn_road,gas,trn_road,gas,gas,trn_road,tra,trn_road,gas,,trn_gas
Freight,Truck_Truck (6-30t),refined liquids,trn_freight_road,Truck (6-30t),Liquids,trn_road,refined liquids,trn_road,refined liquids,refined liquids,trn_road,tra,trn_road,refined liquids,,trn_oil
Freight,Truck_Truck (9-16t),gas,trn_freight_road,Truck (9-16t),NG,trn_road,gas,trn_road,gas,gas,trn_road,tra,trn_road,gas,,trn_gas
Freight,Truck_Truck (9-16t),refined liquids,trn_freight_road,Truck (9-16t),Liquids,trn_road,refined liquids,trn_road,refined liquids,refined liquids,trn_road,tra,trn_road,refined liquids,,trn_oil
Fruits,,,Fruits,,,,,,,,,,,,Cropland Management,
heat,biomass,biomass,district heat,biomass,biomass,elec_heat,biomass,elec_heat,biomass,biomass,elec_heat,ene,heat,biomass,,
heat,coal,coal,district heat,coal,coal,elec_heat,coal,elec_heat,coal,coal,elec_heat,ene,heat,coal,,
heat,gas,gas,district heat,gas,gas,elec_heat,gas,elec_heat,gas,gas,elec_heat,ene,heat,gas,,
heat,refined liquids,refined liquids,district heat,refined liquids,refined liquids,elec_heat,refined liquids,elec_heat,refined liquids,refined liquids,elec_heat,ene,heat,refined liquids,,
industrial processes,adipic acid,adipic acid,industrial processes,adipic acid,adipic acid,chemicals,process,chemicals,adipic acid,adipic acid,chemicals,,,,Nitric and Adipic Acid Production,adipic_acid
industrial processes,Al_Mg,Al_Mg,industrial processes,Al_Mg,Al_Mg,metals,process,metals,all,all,metals,,,,Aluminum and Magnesium Production,
industrial processes,foams,foams,industrial processes,foams,foams,,,foams,all,all,foams,,,,Foams,
industrial processes,nitric acid,nitric acid,industrial processes,nitric acid,nitric acid,chemicals,process,chemicals,nitric acid,nitric acid,chemicals,,,,Nitric and Adipic Acid Production,
industrial processes,semiconductors,semiconductors,industrial processes,semiconductors,semiconductors,,,semiconductors,all,all,semiconductors,,,,Semiconductor Manufacturing,
industrial processes,solvents,solvents,industrial processes,solvents,solvents,solvents,process,solvents,all,all,solvents,,,,Solvent Use,
industry_energy,biomass,biomass,industrial energy use,biomass,biomass,industry_energy,biomass,industry_energy,biomass,biomass,industry_energy,ind,industry_energy,biomass,,ind_bio
industry_energy,coal,coal,industrial energy use,coal,coal,industry_energy,coal,industry_energy,coal,coal,industry_energy,ind,industry_energy,coal,,ind_coal
industry_energy,gas,gas,industrial energy use,gas,gas,industry_energy,gas,industry_energy,gas,gas,industry_energy,ind,industry_energy,gas,,ind_gas
industry_energy,refined liquids,refined liquids,industrial energy use,refined liquids,refined liquids,industry_energy,refined liquids,industry_energy,refined liquids,refined liquids,industry_energy,ind,industry_energy,refined liquids,,ind_oil
Legumes,,,Legumes,,,,,,,,,,,,Cropland Management,
MiscCrop,,,MiscCrop,,,,,,,,,,,,Cropland Management,
NutsSeeds,,,NutsSeeds,,,,,,,,,,,,Cropland Management,
ammonia,coal,coal,ammonia,coal,coal,industry_energy,coal,industry_energy,coal,coal,industry_energy,ind,industry_energy,coal,,
ammonia,gas,gas,ammonia,gas,gas,industry_energy,gas,industry_energy,gas,gas,industry_energy,ind,industry_energy,gas,,
ammonia,refined liquids,refined liquids,ammonia,refined liquids,refined liquids,industry_energy,refined liquids,industry_energy,refined liquids,refined liquids,industry_energy,ind,industry_energy,refined liquids,,
OilCrop,,,OilCrop,,,,,,,,,,,,Cropland Management,
OtherGrain,,,OtherGrain,,,,,,,,,,,,Cropland Management,
out_resources,coal,coal,out_resources,coal,coal,coal,process,coal,all,all,coal,,,,Coal Mining Activities,
out_resources,crude oil,crude oil,out_resources,crude oil,crude oil,oil_gas,process,oil_gas,all,all,oil_gas,,,,Natural Gas and Oil Systems,
out_resources,unconventional oil,unconventional oil,out_resources,unconventional oil,unconventional oil,oil_gas,process,oil_gas,all,all,oil_gas,,,,Natural Gas and Oil Systems,
out_resources,natural gas,natural gas,out_resources,natural gas,natural gas,oil_gas,process,oil_gas,all,all,oil_gas,,,,Natural Gas and Oil Systems,
OilPalm,,,OilPalm,,,,,,,,,,,,Cropland Management,
Passenger,Air Domestic_All,refined liquids,trn_pass,Domestic Aviation,Liquids,trn_domestic air,refined liquids,trn_air,all,refined liquids,trn_domestic ship,tra,trn_air,refined liquids,,trn_air
Passenger,Air International_All,refined liquids,trn_aviation_intl,International Aviation,Liquids,trn_intl_air,refined liquids,trn_air,all,refined liquids,trn_intl_air,tra,trn_air,refined liquids,,
Passenger,Bus_All,gas,trn_pass_road,Bus,NG,trn_road,gas,trn_road,gas,gas,trn_road,tra,trn_road,gas,,trn_gas
Passenger,Bus_All,refined liquids,trn_pass_road,Bus,Liquids,trn_road,refined liquids,trn_road,refined liquids,refined liquids,trn_road,tra,trn_road,refined liquids,,trn_oil
Passenger,Bus_Heavy Bus,gas,trn_pass_road_bus,Heavy Bus,NG,trn_road,gas,trn_road,gas,gas,trn_road,tra,trn_road,gas,,trn_gas
Passenger,Bus_Heavy Bus,refined liquids,trn_pass_road_bus,Heavy Bus,Liquids,trn_road,refined liquids,trn_road,refined liquids,refined liquids,trn_road,tra,trn_road,refined liquids,,trn_oil
Passenger,Bus_Light Bus,gas,trn_pass_road_bus,Light Bus,NG,trn_road,gas,trn_road,gas,gas,trn_road,tra,trn_road,gas,,trn_gas
Passenger,Bus_Light Bus,refined liquids,trn_pass_road_bus,Light Bus,Liquids,trn_road,refined liquids,trn_road,refined liquids,refined liquids,trn_road,tra,trn_road,refined liquids,,trn_oil
Passenger,LDV_2W_Moped,refined liquids,trn_pass_road_LDV_2W,Moped,Liquids,trn_road,refined liquids,trn_road,refined liquids,refined liquids,trn_road,tra,trn_road,refined liquids,,trn_oil
Passenger,LDV_2W_Motorcycle (>250cc),refined liquids,trn_pass_road_LDV_2W,Motorcycle (>250cc),Liquids,trn_road,refined liquids,trn_road,refined liquids,refined liquids,trn_road,tra,trn_road,refined liquids,,trn_oil
Passenger,LDV_2W_Motorcycle (50-250cc),refined liquids,trn_pass_road_LDV_2W,Motorcycle (50-250cc),Liquids,trn_road,refined liquids,trn_road,refined liquids,refined liquids,trn_road,tra,trn_road,refined liquids,,trn_oil
Passenger,LDV_2W_Scooter,refined liquids,trn_pass_road_LDV_2W,Scooter,Liquids,trn_road,refined liquids,trn_road,refined liquids,refined liquids,trn_road,tra,trn_road,refined liquids,,trn_oil
Passenger,LDV_3W_Three-Wheeler,gas,trn_pass_road_LDV,Three-Wheeler,NG,trn_road,gas,trn_road,gas,gas,trn_road,tra,trn_road,gas,,trn_gas
Passenger,LDV_3W_Three-Wheeler,refined liquids,trn_pass_road_LDV,Three-Wheeler,Liquids,trn_road,refined liquids,trn_road,refined liquids,refined liquids,trn_road,tra,trn_road,refined liquids,,trn_oil
Passenger,LDV_4W_Compact Car,gas,trn_pass_road_LDV_4W,Compact Car,NG,trn_road,gas,trn_road,gas,gas,trn_road,tra,trn_road,gas,Refrigeration and Air Conditioning,trn_gas
Passenger,LDV_4W_Compact Car,refined liquids,trn_pass_road_LDV_4W,Compact Car,Liquids,trn_road,refined liquids,trn_road,refined liquids,refined liquids,trn_road,tra,trn_road,refined liquids,Refrigeration and Air Conditioning,trn_oil
Passenger,LDV_4W_Compact Car,refined liquids,trn_pass_road_LDV_4W,Compact Car,Hybrid Liquids,trn_road,refined liquids,trn_road,refined liquids,refined liquids,trn_road,tra,trn_road,refined liquids,Refrigeration and Air Conditioning,trn_oil
Passenger,LDV_4W_Large Car,gas,trn_pass_road_LDV_4W,Large Car,NG,trn_road,gas,trn_road,gas,gas,trn_road,tra,trn_road,gas,Refrigeration and Air Conditioning,trn_gas
Passenger,LDV_4W_Large Car,refined liquids,trn_pass_road_LDV_4W,Large Car,Liquids,trn_road,refined liquids,trn_road,refined liquids,refined liquids,trn_road,tra,trn_road,refined liquids,Refrigeration and Air Conditioning,trn_oil
Passenger,LDV_4W_Large Car,refined liquids,trn_pass_road_LDV_4W,Large Car,Hybrid Liquids,trn_road,refined liquids,trn_road,refined liquids,refined liquids,trn_road,tra,trn_road,refined liquids,Refrigeration and Air Conditioning,trn_oil
Passenger,LDV_4W_Large Car and SUV,gas,trn_pass_road_LDV_4W,Large Car and SUV,NG,trn_road,gas,trn_road,gas,gas,trn_road,tra,trn_road,gas,,trn_gas
Passenger,LDV_4W_Large Car and SUV,refined liquids,trn_pass_road_LDV_4W,Large Car and SUV,Liquids,trn_road,refined liquids,trn_road,refined liquids,refined liquids,trn_road,tra,trn_road,refined liquids,,trn_oil
Passenger,LDV_4W_Large Car and SUV,refined liquids,trn_pass_road_LDV_4W,Large Car and SUV,Hybrid Liquids,trn_road,refined liquids,trn_road,refined liquids,refined liquids,trn_road,tra,trn_road,refined liquids,,trn_oil
Passenger,LDV_4W_Light Truck and SUV,gas,trn_pass_road_LDV_4W,Light Truck and SUV,NG,trn_road,gas,trn_road,gas,gas,trn_road,tra,trn_road,gas,Refrigeration and Air Conditioning,trn_gas
Passenger,LDV_4W_Light Truck and SUV,refined liquids,trn_pass_road_LDV_4W,Light Truck and SUV,Liquids,trn_road,refined liquids,trn_road,refined liquids,refined liquids,trn_road,tra,trn_road,refined liquids,Refrigeration and Air Conditioning,trn_oil
Passenger,LDV_4W_Light Truck and SUV,refined liquids,trn_pass_road_LDV_4W,Light Truck and SUV,Hybrid Liquids,trn_road,refined liquids,trn_road,refined liquids,refined liquids,trn_road,tra,trn_road,refined liquids,Refrigeration and Air Conditioning,trn_oil
Passenger,LDV_4W_Midsize Car,gas,trn_pass_road_LDV_4W,Midsize Car,NG,trn_road,gas,trn_road,gas,gas,trn_road,tra,trn_road,gas,Refrigeration and Air Conditioning,trn_gas
Passenger,LDV_4W_Midsize Car,refined liquids,trn_pass_road_LDV_4W,Midsize Car,Liquids,trn_road,refined liquids,trn_road,refined liquids,refined liquids,trn_road,tra,trn_road,refined liquids,Refrigeration and Air Conditioning,trn_oil
Passenger,LDV_4W_Midsize Car,refined liquids,trn_pass_road_LDV_4W,Midsize Car,Hybrid Liquids,trn_road,refined liquids,trn_road,refined liquids,refined liquids,trn_road,tra,trn_road,refined liquids,Refrigeration and Air Conditioning,trn_oil
Passenger,LDV_4W_Mini Car,gas,trn_pass_road_LDV_4W,Mini Car,NG,trn_road,gas,trn_road,gas,gas,trn_road,tra,trn_road,gas,Refrigeration and Air Conditioning,trn_gas
Passenger,LDV_4W_Mini Car,refined liquids,trn_pass_road_LDV_4W,Mini Car,Liquids,trn_road,refined liquids,trn_road,refined liquids,refined liquids,trn_road,tra,trn_road,refined liquids,Refrigeration and Air Conditioning,trn_oil
Passenger,LDV_4W_Mini Car,refined liquids,trn_pass_road_LDV_4W,Mini Car,Hybrid Liquids,trn_road,refined liquids,trn_road,refined liquids,refined liquids,trn_road,tra,trn_road,refined liquids,Refrigeration and Air Conditioning,trn_oil
Passenger,LDV_4W_Multipurpose Vehicle,gas,trn_pass_road_LDV_4W,Multipurpose Vehicle,NG,trn_road,gas,trn_road,gas,gas,trn_road,tra,trn_road,gas,Refrigeration and Air Conditioning,trn_gas
Passenger,LDV_4W_Multipurpose Vehicle,refined liquids,trn_pass_road_LDV_4W,Multipurpose Vehicle,Liquids,trn_road,refined liquids,trn_road,refined liquids,refined liquids,trn_road,tra,trn_road,refined liquids,Refrigeration and Air Conditioning,trn_oil
Passenger,LDV_4W_Multipurpose Vehicle,refined liquids,trn_pass_road_LDV_4W,Multipurpose Vehicle,Hybrid Liquids,trn_road,refined liquids,trn_road,refined liquids,refined liquids,trn_road,tra,trn_road,refined liquids,Refrigeration and Air Conditioning,trn_oil
Passenger,LDV_4W_Subcompact Car,gas,trn_pass_road_LDV_4W,Subcompact Car,NG,trn_road,gas,trn_road,gas,gas,trn_road,tra,trn_road,gas,Refrigeration and Air Conditioning,trn_gas
Passenger,LDV_4W_Subcompact Car,refined liquids,trn_pass_road_LDV_4W,Subcompact Car,Liquids,trn_road,refined liquids,trn_road,refined liquids,refined liquids,trn_road,tra,trn_road,refined liquids,Refrigeration and Air Conditioning,trn_oil
Passenger,LDV_4W_Subcompact Car,refined liquids,trn_pass_road_LDV_4W,Subcompact Car,Hybrid Liquids,trn_road,refined liquids,trn_road,refined liquids,refined liquids,trn_road,tra,trn_road,refined liquids,Refrigeration and Air Conditioning,trn_oil
Passenger,LDV_4W_Van,gas,trn_pass_road_LDV_4W,Van,NG,trn_road,gas,trn_road,gas,gas,trn_road,tra,trn_road,gas,,trn_gas
Passenger,LDV_4W_Van,refined liquids,trn_pass_road_LDV_4W,Van,Liquids,trn_road,refined liquids,trn_road,refined liquids,refined liquids,trn_road,tra,trn_road,refined liquids,,trn_oil
Passenger,LDV_4W_Van,refined liquids,trn_pass_road_LDV_4W,Van,Hybrid Liquids,trn_road,refined liquids,trn_road,refined liquids,refined liquids,trn_road,tra,trn_road,refined liquids,,trn_oil
Passenger,Rail_All,refined liquids,trn_pass,Passenger Rail,Liquids,trn_rail,refined liquids,trn_rail,all,refined liquids,trn_rail,tra,trn_rail,refined liquids,,trn_oil
Passenger,Rail_All,refined liquids,trn_pass,Passenger Rail,Tech-Adv-Liquid,trn_rail,refined liquids,trn_rail,all,refined liquids,trn_rail,tra,trn_rail,refined liquids,,trn_oil
Pork,Mixed,FeedCrops,Pork,Mixed,FeedCrops,Animals,process,Pork,all,all,Animals,,Pork,all,Livestock,
Pork,Mixed,FodderHerb_Residue,Pork,Mixed,FodderHerb_Residue,Animals,process,Pork,all,all,Animals,,Pork,all,Livestock,
Pork,Mixed,Pasture_FodderGrass,Pork,Mixed,Pasture_FodderGrass,Animals,process,Pork,all,all,Animals,,Pork,all,Livestock,
Pork,Mixed,Scavenging_Other,Pork,Mixed,Scavenging_Other,Animals,process,Pork,all,all,Animals,,Pork,all,Livestock,
Poultry,Mixed,FeedCrops,Poultry,Mixed,FeedCrops,Animals,process,Poultry,all,all,Animals,,Poultry,all,Livestock,
Poultry,Mixed,FodderHerb_Residue,Poultry,Mixed,FodderHerb_Residue,Animals,process,Poultry,all,all,Animals,,Poultry,all,Livestock,
Poultry,Mixed,Pasture_FodderGrass,Poultry,Mixed,Pasture_FodderGrass,Animals,process,Poultry,all,all,Animals,,Poultry,all,Livestock,
Poultry,Mixed,Scavenging_Other,Poultry,Mixed,Scavenging_Other,Animals,process,Poultry,all,all,Animals,,Poultry,all,Livestock,
resid cooling modern,electricity,electricity,resid cooling modern,electricity,electricity,,,,,,,,,,Refrigeration and Air Conditioning,
resid cooling modern,gas,gas,resid cooling modern,gas,gas,bld_resid,gas,bld_resid,gas,gas,bld,dom,bld_resid,gas,Refrigeration and Air Conditioning,bld_gas
resid heating modern,biomass,biomass,resid heating modern,biomass,biomass,bld_resid,biomass,bld_resid,biomass,biomass,bld,dom,bld_resid,biomass,,bld_bio
resid heating coal,coal,coal,resid heating coal,coal,coal,bld_resid,coal,bld_resid,coal,coal,bld,dom,bld_resid,coal,,bld_coal
resid heating modern,gas,gas,resid heating modern,gas,gas,bld_resid,gas,bld_resid,gas,gas,bld,dom,bld_resid,gas,,bld_gas
resid heating modern,refined liquids,refined liquids,resid heating modern,refined liquids,refined liquids,bld_resid,refined liquids,bld_resid,refined liquids,refined liquids,bld,dom,bld_resid,refined liquids,,bld_oil
resid heating TradBio,traditional biomass,traditional biomass,resid heating TradBio,traditional biomass,traditional biomass,bld_resid,biomass,bld_resid,biomass,biomass,bld,dom,bld_resid,biomass,,bld_tradbio
resid others modern,biomass,biomass,resid others modern,biomass,biomass,bld_resid,biomass,bld_resid,biomass,biomass,bld,dom,bld_resid,biomass,,bld_bio
resid others coal,coal,coal,resid others coal,coal,coal,bld_resid,coal,bld_resid,coal,coal,bld,dom,bld_resid,coal,,bld_coal
resid others modern,gas,gas,resid others modern,gas,gas,bld_resid,gas,bld_resid,gas,gas,bld,dom,bld_resid,gas,,bld_gas
resid others modern,refined liquids,refined liquids,resid others modern,refined liquids,refined liquids,bld_resid,refined liquids,bld_resid,refined liquids,refined liquids,bld,dom,bld_resid,refined liquids,,bld_oil
resid others TradBio,traditional biomass,traditional biomass,resid others TradBio,traditional biomass,traditional biomass,bld_resid,biomass,bld_resid,biomass,biomass,bld,dom,bld_resid,biomass,,bld_bio
Rice,,,Rice,,,,,,,,,,,,Rice Cultivation,
RootTuber,,,RootTuber,,,,,,,,,,,,Cropland Management,
SheepGoat,Mixed,FeedCrops,SheepGoat,Mixed,FeedCrops,Animals,process,SheepGoat,all,all,Animals,,SheepGoat,all,Livestock,
SheepGoat,Mixed,FodderHerb_Residue,SheepGoat,Mixed,FodderHerb_Residue,Animals,process,SheepGoat,all,all,Animals,,SheepGoat,all,Livestock,
SheepGoat,Mixed,Pasture_FodderGrass,SheepGoat,Mixed,Pasture_FodderGrass,Animals,process,SheepGoat,all,all,Animals,,SheepGoat,all,Livestock,
SheepGoat,Mixed,Scavenging_Other,SheepGoat,Mixed,Scavenging_Other,Animals,process,SheepGoat,all,all,Animals,,SheepGoat,all,Livestock,
SheepGoat,Pastoral,FeedCrops,SheepGoat,Pastoral,FeedCrops,Animals,process,SheepGoat,all,all,Animals,,SheepGoat,all,Livestock,
SheepGoat,Pastoral,FodderHerb_Residue,SheepGoat,Pastoral,FodderHerb_Residue,Animals,process,SheepGoat,all,all,Animals,,SheepGoat,all,Livestock,
SheepGoat,Pastoral,Pasture_FodderGrass,SheepGoat,Pastoral,Pasture_FodderGrass,Animals,process,SheepGoat,all,all,Animals,,SheepGoat,all,Livestock,
SheepGoat,Pastoral,Scavenging_Other,SheepGoat,Pastoral,Scavenging_Other,Animals,process,SheepGoat,all,all,Animals,,SheepGoat,all,Livestock,
Soybean,,,Soybean,,,,,,,,,,,,Cropland Management,
SugarCrop,,,SugarCrop,,,,,,,,,,,,Cropland Management,
UnmanagedLand,ForestFires,ForestFires,UnmanagedLand,ForestFires,ForestFires,forest,process,,,,forest,,,,,
UnmanagedLand,GrasslandFires,GrasslandFires,UnmanagedLand,GrasslandFires,GrasslandFires,,,,,,grassland,,,,,
urban processes,aerosols,aerosols,urban processes,aerosols,aerosols,,,aerosols,all,all,aerosols,,,,Aerosols Product Use,
urban processes,fire_exting,fire_exting,urban processes,fire_exting,fire_exting,,,fire exting,all,all,fire exting,,,,Fire Protection,
urban processes,landfills,landfills,urban processes,landfills,landfills,landfills,process,landfills,all,all,landfills,,,,Landfilling of Solid Waste,
urban processes,wastewater,wastewater,urban processes,wastewater,wastewater,wastewater,process,wastewater,all,all,wastewater,,,,Wastewater,
urban processes,waste_incineration,waste_incineration,urban processes,waste_incineration,waste_incineration,waste_incineration,process,waste_incineration,all,all,waste_incineration,,,,Incineration of solid waste,
Vegetables,,,Vegetables,,,,,,,,,,,,Cropland Management,
Wheat,,,Wheat,,,,,,,,,,,,Cropland Management,
