# File: GCAM_sector_tech_Revised.csv
# Title: Mapping between GCAM agriculture technologies to EPA aggregate sectors, aggregte fuels, EDGAR aggregate sector, RCP aggregate sector, BCOC aggregate sectore, EPA MACC sector, and IIASA sector
# Units: None
# Comments: The fuel column should not be taken literally for all sectors. For agriculture, transportation, and others it is used simply for matching purposes and does not represent a fuel.
# Source: internal
# Column types: ccccccccccccccc
# ----------
sector,fuel,technology,supplysector,subsector,stub.technology,EPA_agg_sector,EPA_agg_fuel,EPA_agg_fuel_ghg,EDGAR_agg_sector,RCP_agg_sector,BCOC_agg_sector,BCOC_agg_fuel,EPA_MACC_Sector,IIASA_sector
Beef,Mixed,FeedCrops,Beef,Mixed,FeedCrops,Beef,all,all,Animals,,Beef,all,Livestock,
Beef,Mixed,FodderHerb_Residue,Beef,Mixed,FodderHerb_Residue,Beef,all,all,Animals,,Beef,all,Livestock,
Beef,Mixed,Pasture_FodderGrass,Beef,Mixed,Pasture_FodderGrass,Beef,all,all,Animals,,Beef,all,Livestock,
Beef,Mixed,Scavenging_Other,Beef,Mixed,Scavenging_Other,Beef,all,all,Animals,,Beef,all,Livestock,
Beef,Pastoral,FeedCrops,Beef,Pastoral,FeedCrops,Beef,all,all,Animals,,Beef,all,Livestock,
Beef,Pastoral,FodderHerb_Residue,Beef,Pastoral,FodderHerb_Residue,Beef,all,all,Animals,,Beef,all,Livestock,
Beef,Pastoral,Pasture_FodderGrass,Beef,Pastoral,Pasture_FodderGrass,Beef,all,all,Animals,,Beef,all,Livestock,
Beef,Pastoral,Scavenging_Other,Beef,Pastoral,Scavenging_Other,Beef,all,all,Animals,,Beef,all,Livestock,
biomass,,,biomass,,,,,,,,,,Cropland Management,
cement,biomass,biomass,process heat cement,biomass,biomass,cement,all,all,industry_energy,ind,cement,all,,
cement,coal,coal,process heat cement,coal,coal,cement,all,all,industry_energy,ind,cement,all,,
cement,gas,gas,process heat cement,gas,gas,cement,all,all,industry_energy,ind,cement,all,,
cement,refined liquids,refined liquids,process heat cement,refined liquids,refined liquids,cement,all,all,industry_energy,ind,cement,all,,
comm cooling,electricity,electricity,comm cooling,electricity,electricity,,,,,,,,Refrigeration and Air Conditioning,
comm cooling,gas,gas,comm cooling,gas,gas,bld_comm,gas,gas,bld,dom,bld_comm,gas,Refrigeration and Air Conditioning,bld_gas
comm heating,biomass,biomass,comm heating,biomass,biomass,bld_comm,biomass,biomass,bld,dom,bld_comm,biomass,,bld_bio
comm heating,coal,coal,comm heating,coal,coal,bld_comm,coal,coal,bld,dom,bld_comm,coal,,bld_coal
comm heating,gas,gas,comm heating,gas,gas,bld_comm,gas,gas,bld,dom,bld_comm,gas,,bld_gas
comm heating,refined liquids,refined liquids,comm heating,refined liquids,refined liquids,bld_comm,refined liquids,refined liquids,bld,dom,bld_comm,refined liquids,,bld_oil
comm others,biomass,biomass,comm others,biomass,biomass,bld_comm,biomass,biomass,bld,dom,bld_comm,biomass,,bld_bio
comm others,coal,coal,comm others,coal,coal,bld_comm,coal,coal,bld,dom,bld_comm,coal,,bld_coal
comm others,gas,gas,comm others,gas,gas,bld_comm,gas,gas,bld,dom,bld_comm,gas,,bld_gas
comm others,refined liquids,refined liquids,comm others,refined liquids,refined liquids,bld_comm,refined liquids,refined liquids,bld,dom,bld_comm,refined liquids,,bld_oil
Corn,,,Corn,,,,,,,,,,Cropland Management,
Dairy,Mixed,FeedCrops,Dairy,Mixed,FeedCrops,Dairy,all,all,Animals,,Dairy,all,Livestock,
Dairy,Mixed,FodderHerb_Residue,Dairy,Mixed,FodderHerb_Residue,Dairy,all,all,Animals,,Dairy,all,Livestock,
Dairy,Mixed,Pasture_FodderGrass,Dairy,Mixed,Pasture_FodderGrass,Dairy,all,all,Animals,,Dairy,all,Livestock,
Dairy,Mixed,Scavenging_Other,Dairy,Mixed,Scavenging_Other,Dairy,all,all,Animals,,Dairy,all,Livestock,
Dairy,Pastoral,FeedCrops,Dairy,Pastoral,FeedCrops,Dairy,all,all,Animals,,Dairy,all,Livestock,
Dairy,Pastoral,FodderHerb_Residue,Dairy,Pastoral,FodderHerb_Residue,Dairy,all,all,Animals,,Dairy,all,Livestock,
Dairy,Pastoral,Pasture_FodderGrass,Dairy,Pastoral,Pasture_FodderGrass,Dairy,all,all,Animals,,Dairy,all,Livestock,
Dairy,Pastoral,Scavenging_Other,Dairy,Pastoral,Scavenging_Other,Dairy,all,all,Animals,,Dairy,all,Livestock,
electricity distribution,electricity,electricity,elect_td_bld,elect_td_bld,elect_td_bld,elect_td,all,all,,,,,,
electricity distribution,electricity,electricity,elect_td_ind,elect_td_ind,elect_td_ind,elect_td,all,all,,,,,,
electricity distribution,electricity,electricity,elect_td_trn,elect_td_trn,elect_td_trn,elect_td,all,all,,,,,,
electricity generation,biomass,biomass (conv),electricity,biomass,biomass (conv),elec_heat,biomass,biomass,elec_heat,ene,electricity generation,biomass (conv),,elec_bio
electricity generation,coal,coal (conv pul),electricity,coal,coal (conv pul),elec_heat,coal,coal,elec_heat,ene,electricity generation,coal (conv pul),,elec_coal
electricity generation,gas,gas (CC),electricity,gas,gas (CC),elec_heat,gas,gas,elec_heat,ene,electricity generation,gas (CC),,elec_gas
electricity generation,gas,gas (steam/CT),electricity,gas,gas (steam/CT),elec_heat,gas,gas,elec_heat,ene,electricity generation,gas (steam/CT),,elec_gas
electricity generation,refined liquids,refined liquids (steam/CT),electricity,refined liquids,refined liquids (steam/CT),elec_heat,refined liquids,refined liquids,elec_heat,ene,electricity generation,refined liquids (steam/CT),,elec_oil
electricity_net_ownuse,electricity_net_ownuse,electricity_net_ownuse,electricity_net_ownuse,electricity_net_ownuse,electricity_net_ownuse,,,,,,,,Electric Power Systems,
FiberCrop,,,FiberCrop,,,,,,,,,,Cropland Management,
FodderGrass,,,FodderGrass,,,,,,,,,,Cropland Management,
FodderHerb,,,FodderHerb,,,,,,,,,,Cropland Management,
Fruits,,,Fruits,,,,,,,,,,Cropland Management,
heat,biomass,biomass,district heat,biomass,biomass,elec_heat,biomass,biomass,elec_heat,ene,heat,biomass,,
heat,coal,coal,district heat,coal,coal,elec_heat,coal,coal,elec_heat,ene,heat,coal,,
heat,gas,gas,district heat,gas,gas,elec_heat,gas,gas,elec_heat,ene,heat,gas,,
heat,refined liquids,refined liquids,district heat,refined liquids,refined liquids,elec_heat,refined liquids,refined liquids,elec_heat,ene,heat,refined liquids,,
industrial processes,adipic acid,adipic acid,industrial processes,adipic acid,adipic acid,chemicals,adipic acid,adipic acid,chemicals,,,,Nitric and Adipic Acid Production,adipic_acid
industrial processes,Al_Mg,Al_Mg,industrial processes,Al_Mg,Al_Mg,metals,all,all,metals,,,,Aluminum and Magnesium Production,
industrial processes,foams,foams,industrial processes,foams,foams,foams,all,all,foams,,,,Foams,
industrial processes,HCFC_22_Prod,HCFC_22_Prod,industrial processes,HCFC_22_Prod,HCFC_22_Prod,industry_processes,HCFC22,HCFC22,industry_processes,,,,HCFC-22 Production,
industrial processes,nitric acid,nitric acid,industrial processes,nitric acid,nitric acid,chemicals,nitric acid,nitric acid,chemicals,,,,Nitric and Adipic Acid Production,
industrial processes,other industrial processes,other industrial processes,industrial processes,other industrial processes,other industrial processes,industry_processes,other,other,industry_processes,,,,,
industrial processes,semiconductors,semiconductors,industrial processes,semiconductors,semiconductors,semiconductors,all,all,semiconductors,,,,Semiconductor Manufacturing,
industrial processes,solvents,solvents,industrial processes,solvents,solvents,solvents,all,all,solvents,,,,Solvent Use,
industry_energy,biomass,biomass,other industrial energy use,biomass,biomass,industry_energy,biomass,biomass,industry_energy,ind,industry_energy,biomass,,ind_bio
industry_energy,coal,coal,other industrial energy use,coal,coal,industry_energy,coal,coal,industry_energy,ind,industry_energy,coal,,ind_coal
industry_energy,gas,gas,other industrial energy use,gas,gas,industry_energy,gas,gas,industry_energy,ind,industry_energy,gas,,ind_gas
industry_energy,refined liquids,refined liquids,other industrial energy use,refined liquids,refined liquids,industry_energy,refined liquids,refined liquids,industry_energy,ind,industry_energy,refined liquids,,ind_oil
Legumes,,,Legumes,,,,,,,,,,Cropland Management,
MiscCrop,,,MiscCrop,,,,,,,,,,Cropland Management,
ammonia,coal,coal,ammonia,coal,coal,industry_energy,coal,coal,industry_energy,ind,industry_energy,coal,,
ammonia,gas,gas,ammonia,gas,gas,industry_energy,gas,gas,industry_energy,ind,industry_energy,gas,,
ammonia,refined liquids,refined liquids,ammonia,refined liquids,refined liquids,industry_energy,refined liquids,refined liquids,industry_energy,ind,industry_energy,refined liquids,,
NutsSeeds,,,NutsSeeds,,,,,,,,,,Cropland Management,
OilCrop,,,OilCrop,,,,,,,,,,Cropland Management,
OtherGrain,,,OtherGrain,,,,,,,,,,Cropland Management,
out_resources,coal,coal,out_resources,coal,coal,coal,all,all,coal,,,,Coal Mining Activities,
out_resources,crude oil,crude oil,out_resources,crude oil,crude oil,oil_gas,all,all,oil_gas,,,,Natural Gas and Oil Systems,
out_resources,unconventional oil,unconventional oil,out_resources,unconventional oil,unconventional oil,oil_gas,all,all,oil_gas,,,,Natural Gas and Oil Systems,
out_resources,natural gas,natural gas,out_resources,natural gas,natural gas,oil_gas,all,all,oil_gas,,,,Natural Gas and Oil Systems,
OilPalm,,,OilPalm,,,,,,,,,,Cropland Management,
Pork,Mixed,FeedCrops,Pork,Mixed,FeedCrops,Pork,all,all,Animals,,Pork,all,Livestock,
Pork,Mixed,FodderHerb_Residue,Pork,Mixed,FodderHerb_Residue,Pork,all,all,Animals,,Pork,all,Livestock,
Pork,Mixed,Pasture_FodderGrass,Pork,Mixed,Pasture_FodderGrass,Pork,all,all,Animals,,Pork,all,Livestock,
Pork,Mixed,Scavenging_Other,Pork,Mixed,Scavenging_Other,Pork,all,all,Animals,,Pork,all,Livestock,
Poultry,Mixed,FeedCrops,Poultry,Mixed,FeedCrops,Poultry,all,all,Animals,,Poultry,all,Livestock,
Poultry,Mixed,FodderHerb_Residue,Poultry,Mixed,FodderHerb_Residue,Poultry,all,all,Animals,,Poultry,all,Livestock,
Poultry,Mixed,Pasture_FodderGrass,Poultry,Mixed,Pasture_FodderGrass,Poultry,all,all,Animals,,Poultry,all,Livestock,
Poultry,Mixed,Scavenging_Other,Poultry,Mixed,Scavenging_Other,Poultry,all,all,Animals,,Poultry,all,Livestock,
resid cooling modern,electricity,electricity,resid cooling modern,electricity,electricity,,,,,,,,Refrigeration and Air Conditioning,
resid cooling modern,gas,gas,resid cooling modern,gas,gas,bld_resid,gas,gas,bld,dom,bld_resid,gas,Refrigeration and Air Conditioning,bld_gas
resid heating modern,biomass,biomass,resid heating modern,biomass,biomass,bld_resid,biomass,biomass,bld,dom,bld_resid,biomass,,bld_bio
resid heating coal,coal,coal,resid heating coal,coal,coal,bld_resid,coal,coal,bld,dom,bld_resid,coal,,bld_coal
resid heating modern,gas,gas,resid heating modern,gas,gas,bld_resid,gas,gas,bld,dom,bld_resid,gas,,bld_gas
resid heating modern,refined liquids,refined liquids,resid heating modern,refined liquids,refined liquids,bld_resid,refined liquids,refined liquids,bld,dom,bld_resid,refined liquids,,bld_oil
resid heating TradBio,traditional biomass,traditional biomass,resid heating TradBio,traditional biomass,traditional biomass,bld_resid,biomass,biomass,bld,dom,bld_resid,biomass,,bld_tradbio
resid others modern,biomass,biomass,resid others modern,biomass,biomass,bld_resid,biomass,biomass,bld,dom,bld_resid,biomass,,bld_bio
resid others coal,coal,coal,resid others coal,coal,coal,bld_resid,coal,coal,bld,dom,bld_resid,coal,,bld_coal
resid others modern,gas,gas,resid others modern,gas,gas,bld_resid,gas,gas,bld,dom,bld_resid,gas,,bld_gas
resid others modern,refined liquids,refined liquids,resid others modern,refined liquids,refined liquids,bld_resid,refined liquids,refined liquids,bld,dom,bld_resid,refined liquids,,bld_oil
resid others TradBio,traditional biomass,traditional biomass,resid others TradBio,traditional biomass,traditional biomass,bld_resid,biomass,biomass,bld,dom,bld_resid,biomass,,bld_bio
Rice,,,Rice,,,,,,,,,,Rice Cultivation,
RootTuber,,,RootTuber,,,,,,,,,,Cropland Management,
SheepGoat,Mixed,FeedCrops,SheepGoat,Mixed,FeedCrops,SheepGoat,all,all,Animals,,SheepGoat,all,Livestock,
SheepGoat,Mixed,FodderHerb_Residue,SheepGoat,Mixed,FodderHerb_Residue,SheepGoat,all,all,Animals,,SheepGoat,all,Livestock,
SheepGoat,Mixed,Pasture_FodderGrass,SheepGoat,Mixed,Pasture_FodderGrass,SheepGoat,all,all,Animals,,SheepGoat,all,Livestock,
SheepGoat,Mixed,Scavenging_Other,SheepGoat,Mixed,Scavenging_Other,SheepGoat,all,all,Animals,,SheepGoat,all,Livestock,
SheepGoat,Pastoral,FeedCrops,SheepGoat,Pastoral,FeedCrops,SheepGoat,all,all,Animals,,SheepGoat,all,Livestock,
SheepGoat,Pastoral,FodderHerb_Residue,SheepGoat,Pastoral,FodderHerb_Residue,SheepGoat,all,all,Animals,,SheepGoat,all,Livestock,
SheepGoat,Pastoral,Pasture_FodderGrass,SheepGoat,Pastoral,Pasture_FodderGrass,SheepGoat,all,all,Animals,,SheepGoat,all,Livestock,
SheepGoat,Pastoral,Scavenging_Other,SheepGoat,Pastoral,Scavenging_Other,SheepGoat,all,all,Animals,,SheepGoat,all,Livestock,
Soybean,,,Soybean,,,,,,,,,,Cropland Management,
SugarCrop,,,SugarCrop,,,,,,,,,,Cropland Management,
UnmanagedLand,ForestFires,ForestFires,UnmanagedLand,ForestFires,ForestFires,,,,forest,,,,,
UnmanagedLand,GrasslandFires,GrasslandFires,UnmanagedLand,GrasslandFires,GrasslandFires,,,,grassland,,,,,
urban processes,aerosols,aerosols,urban processes,aerosols,aerosols,aerosols,all,all,aerosols,,,,Aerosols Product Use,
urban processes,fire_exting,fire_exting,urban processes,fire_exting,fire_exting,fire exting,all,all,fire exting,,,,Fire Protection,
urban processes,landfills,landfills,urban processes,landfills,landfills,landfills,all,all,landfills,,,,Landfilling of Solid Waste,
urban processes,wastewater,wastewater,urban processes,wastewater,wastewater,wastewater,all,all,wastewater,,,,Wastewater,
Vegetables,,,Vegetables,,,,,,,,,,Cropland Management,
Wheat,,,Wheat,,,,,,,,,,Cropland Management,
Freight,Rail_All,coal,trn_freight,Freight Rail,Coal,trn_rail,all,coal,trn_rail,tra,trn_rail,coal,,trn_coal
Freight,Rail_All,refined liquids,trn_freight,Freight Rail,Liquids,trn_rail,all,refined liquids,trn_rail,tra,trn_rail,refined liquids,,trn_oil
Freight,Rail_All,refined liquids,trn_freight,Freight Rail,Adv-Liquid,trn_rail,all,refined liquids,trn_rail,tra,trn_rail,refined liquids,,trn_oil
Freight,Ship Domestic_All,refined liquids,trn_freight,Domestic Ship,Liquids,trn_ship,all,refined liquids,trn_domestic ship,tra,trn_ship,refined liquids,,trn_oil
Freight,Ship International_All,refined liquids,trn_shipping_intl,International Ship,Liquids,trn_ship,all,refined liquids,trn_intl_ship,tra,trn_ship,refined liquids,,trn_oil
Freight,Truck_Light truck,gas,trn_freight_road,Light truck,NG,trn_road,gas,gas,trn_road,tra,trn_road,gas,,trn_gas
Freight,Truck_Light truck,refined liquids,trn_freight_road,Light truck,Liquids,trn_road,refined liquids,refined liquids,trn_road,tra,trn_road,refined liquids,,trn_oil
Freight,Truck_Medium truck,gas,trn_freight_road,Medium truck,NG,trn_road,gas,gas,trn_road,tra,trn_road,gas,,trn_gas
Freight,Truck_Medium truck,refined liquids,trn_freight_road,Medium truck,Liquids,trn_road,refined liquids,refined liquids,trn_road,tra,trn_road,refined liquids,,trn_oil
Freight,Truck_Heavy truck,gas,trn_freight_road,Heavy truck,NG,trn_road,gas,gas,trn_road,tra,trn_road,gas,,trn_gas
Freight,Truck_Heavy truck,refined liquids,trn_freight_road,Heavy truck,Liquids,trn_road,refined liquids,refined liquids,trn_road,tra,trn_road,refined liquids,,trn_oil
Freight,Truck_Heavy truck,gas,trn_freight_road,Heavy truck,NG,trn_road,gas,gas,trn_road,tra,trn_road,gas,,trn_gas
Freight,Truck_Heavy truck,refined liquids,trn_freight_road,Heavy truck,Liquids,trn_road,refined liquids,refined liquids,trn_road,tra,trn_road,refined liquids,,trn_oil
Freight,Truck_Heavy truck,gas,trn_freight_road,Heavy truck,NG,trn_road,gas,gas,trn_road,tra,trn_road,gas,,trn_gas
Freight,Truck_Heavy truck,refined liquids,trn_freight_road,Heavy truck,Liquids,trn_road,refined liquids,refined liquids,trn_road,tra,trn_road,refined liquids,,trn_oil
Freight,Truck_Heavy truck,gas,trn_freight_road,Heavy truck,NG,trn_road,gas,gas,trn_road,tra,trn_road,gas,,trn_gas
Freight,Truck_Heavy truck,refined liquids,trn_freight_road,Heavy truck,Liquids,trn_road,refined liquids,refined liquids,trn_road,tra,trn_road,refined liquids,,trn_oil
Freight,Truck_Light truck,gas,trn_freight_road,Light truck,NG,trn_road,gas,gas,trn_road,tra,trn_road,gas,,trn_gas
Freight,Truck_Light truck,refined liquids,trn_freight_road,Light truck,Liquids,trn_road,refined liquids,refined liquids,trn_road,tra,trn_road,refined liquids,,trn_oil
Freight,Truck_Light truck,gas,trn_freight_road,Light truck,NG,trn_road,gas,gas,trn_road,tra,trn_road,gas,,trn_gas
Freight,Truck_Light truck,refined liquids,trn_freight_road,Light truck,Liquids,trn_road,refined liquids,refined liquids,trn_road,tra,trn_road,refined liquids,,trn_oil
Freight,Truck_Light truck,gas,trn_freight_road,Light truck,NG,trn_road,gas,gas,trn_road,tra,trn_road,gas,,trn_gas
Freight,Truck_Light truck,refined liquids,trn_freight_road,Light truck,Liquids,trn_road,refined liquids,refined liquids,trn_road,tra,trn_road,refined liquids,,trn_oil
Freight,Truck_Light truck,gas,trn_freight_road,Light truck,NG,trn_road,gas,gas,trn_road,tra,trn_road,gas,,trn_gas
Freight,Truck_Light truck,refined liquids,trn_freight_road,Light truck,Liquids,trn_road,refined liquids,refined liquids,trn_road,tra,trn_road,refined liquids,,trn_oil
Freight,Truck_Light truck,gas,trn_freight_road,Light truck,NG,trn_road,gas,gas,trn_road,tra,trn_road,gas,,trn_gas
Freight,Truck_Light truck,refined liquids,trn_freight_road,Light truck,Liquids,trn_road,refined liquids,refined liquids,trn_road,tra,trn_road,refined liquids,,trn_oil
Freight,Truck_Light truck,gas,trn_freight_road,Light truck,NG,trn_road,gas,gas,trn_road,tra,trn_road,gas,,trn_gas
Freight,Truck_Light truck,refined liquids,trn_freight_road,Light truck,Liquids,trn_road,refined liquids,refined liquids,trn_road,tra,trn_road,refined liquids,,trn_oil
Freight,Truck_Light truck,gas,trn_freight_road,Light truck,NG,trn_road,gas,gas,trn_road,tra,trn_road,gas,,trn_gas
Freight,Truck_Light truck,refined liquids,trn_freight_road,Light truck,Liquids,trn_road,refined liquids,refined liquids,trn_road,tra,trn_road,refined liquids,,trn_oil
Freight,Truck_Heavy truck,gas,trn_freight_road,Heavy truck,NG,trn_road,gas,gas,trn_road,tra,trn_road,gas,,trn_gas
Freight,Truck_Heavy truck,refined liquids,trn_freight_road,Heavy truck,Liquids,trn_road,refined liquids,refined liquids,trn_road,tra,trn_road,refined liquids,,trn_oil
Freight,Truck_Light truck,gas,trn_freight_road,Light truck,NG,trn_road,gas,gas,trn_road,tra,trn_road,gas,,trn_gas
Freight,Truck_Light truck,refined liquids,trn_freight_road,Light truck,Liquids,trn_road,refined liquids,refined liquids,trn_road,tra,trn_road,refined liquids,,trn_oil
Freight,Truck_Medium truck,gas,trn_freight_road,Medium truck,NG,trn_road,gas,gas,trn_road,tra,trn_road,gas,,trn_gas
Freight,Truck_Medium truck,refined liquids,trn_freight_road,Medium truck,Liquids,trn_road,refined liquids,refined liquids,trn_road,tra,trn_road,refined liquids,,trn_oil
Freight,Truck_Medium truck,gas,trn_freight_road,Medium truck,NG,trn_road,gas,gas,trn_road,tra,trn_road,gas,,trn_gas
Freight,Truck_Medium truck,refined liquids,trn_freight_road,Medium truck,Liquids,trn_road,refined liquids,refined liquids,trn_road,tra,trn_road,refined liquids,,trn_oil
Freight,Truck_Medium truck,gas,trn_freight_road,Medium truck,NG,trn_road,gas,gas,trn_road,tra,trn_road,gas,,trn_gas
Freight,Truck_Medium truck,refined liquids,trn_freight_road,Medium truck,Liquids,trn_road,refined liquids,refined liquids,trn_road,tra,trn_road,refined liquids,,trn_oil
Freight,Truck_Medium truck,gas,trn_freight_road,Medium truck,NG,trn_road,gas,gas,trn_road,tra,trn_road,gas,,trn_gas
Freight,Truck_Medium truck,refined liquids,trn_freight_road,Medium truck,Liquids,trn_road,refined liquids,refined liquids,trn_road,tra,trn_road,refined liquids,,trn_oil
Freight,Truck_Medium truck,gas,trn_freight_road,Medium truck,NG,trn_road,gas,gas,trn_road,tra,trn_road,gas,,trn_gas
Freight,Truck_Medium truck,refined liquids,trn_freight_road,Medium truck,Liquids,trn_road,refined liquids,refined liquids,trn_road,tra,trn_road,refined liquids,,trn_oil
Freight,Truck_Medium truck,gas,trn_freight_road,Medium truck,NG,trn_road,gas,gas,trn_road,tra,trn_road,gas,,trn_gas
Freight,Truck_Medium truck,refined liquids,trn_freight_road,Medium truck,Liquids,trn_road,refined liquids,refined liquids,trn_road,tra,trn_road,refined liquids,,trn_oil
Freight,Truck_Medium truck,gas,trn_freight_road,Medium truck,NG,trn_road,gas,gas,trn_road,tra,trn_road,gas,,trn_gas
Freight,Truck_Medium truck,refined liquids,trn_freight_road,Medium truck,Liquids,trn_road,refined liquids,refined liquids,trn_road,tra,trn_road,refined liquids,,trn_oil
Freight,Truck_Heavy truck,gas,trn_freight_road,Heavy truck,NG,trn_road,gas,gas,trn_road,tra,trn_road,gas,,trn_gas
Freight,Truck_Heavy truck,refined liquids,trn_freight_road,Heavy truck,Liquids,trn_road,refined liquids,refined liquids,trn_road,tra,trn_road,refined liquids,,trn_oil
Freight,Truck_Heavy truck,gas,trn_freight_road,Heavy truck,NG,trn_road,gas,gas,trn_road,tra,trn_road,gas,,trn_gas
Freight,Truck_Heavy truck,refined liquids,trn_freight_road,Heavy truck,Liquids,trn_road,refined liquids,refined liquids,trn_road,tra,trn_road,refined liquids,,trn_oil
Passenger,Air Domestic_All,refined liquids,trn_pass,Domestic Aviation,Liquids,trn_air,all,refined liquids,trn_domestic ship,tra,trn_air,refined liquids,,trn_air
Passenger,Air International_All,refined liquids,trn_aviation_intl,International Aviation,Liquids,trn_air,all,refined liquids,trn_intl_air,tra,trn_air,refined liquids,,
Passenger,Bus_All,gas,trn_pass_road,Bus,NG,trn_road,gas,gas,trn_road,tra,trn_road,gas,,trn_gas
Passenger,Bus_All,refined liquids,trn_pass_road,Bus,Liquids,trn_road,refined liquids,refined liquids,trn_road,tra,trn_road,refined liquids,,trn_oil
Passenger,Bus_All,gas,trn_pass_road_bus,Bus,NG,trn_road,gas,gas,trn_road,tra,trn_road,gas,,trn_gas
Passenger,Bus_All,refined liquids,trn_pass_road_bus,Bus,Liquids,trn_road,refined liquids,refined liquids,trn_road,tra,trn_road,refined liquids,,trn_oil
Passenger,Bus_All,gas,trn_pass_road_bus,Bus,NG,trn_road,gas,gas,trn_road,tra,trn_road,gas,,trn_gas
Passenger,Bus_All,refined liquids,trn_pass_road_bus,Bus,Liquids,trn_road,refined liquids,refined liquids,trn_road,tra,trn_road,refined liquids,,trn_oil
Passenger,LDV_2W_3W_2W and 3W,refined liquids,trn_pass_road_LDV,2W and 3W,Liquids,trn_road,refined liquids,refined liquids,trn_road,tra,trn_road,refined liquids,,trn_oil
Passenger,LDV_2W_3W_2W and 3W,refined liquids,trn_pass_road_LDV,2W and 3W,Liquids,trn_road,refined liquids,refined liquids,trn_road,tra,trn_road,refined liquids,,trn_oil
Passenger,LDV_2W_3W_2W and 3W,refined liquids,trn_pass_road_LDV,2W and 3W,Liquids,trn_road,refined liquids,refined liquids,trn_road,tra,trn_road,refined liquids,,trn_oil
Passenger,LDV_2W_3W_2W and 3W,refined liquids,trn_pass_road_LDV,2W and 3W,Liquids,trn_road,refined liquids,refined liquids,trn_road,tra,trn_road,refined liquids,,trn_oil
Passenger,LDV_2W_3W_2W and 3W,gas,trn_pass_road_LDV,2W and 3W,NG,trn_road,gas,gas,trn_road,tra,trn_road,gas,,trn_gas
Passenger,LDV_2W_3W_2W and 3W,refined liquids,trn_pass_road_LDV,2W and 3W,Liquids,trn_road,refined liquids,refined liquids,trn_road,tra,trn_road,refined liquids,,trn_oil
Passenger,LDV_4W_Car,gas,trn_pass_road_LDV_4W,Car,NG,trn_road,gas,gas,trn_road,tra,trn_road,gas,Refrigeration and Air Conditioning,trn_gas
Passenger,LDV_4W_Car,refined liquids,trn_pass_road_LDV_4W,Car,Liquids,trn_road,refined liquids,refined liquids,trn_road,tra,trn_road,refined liquids,Refrigeration and Air Conditioning,trn_oil
Passenger,LDV_4W_Car,refined liquids,trn_pass_road_LDV_4W,Car,Hybrid Liquids,trn_road,refined liquids,refined liquids,trn_road,tra,trn_road,refined liquids,Refrigeration and Air Conditioning,trn_oil
Passenger,LDV_4W_Large Car and Truck,gas,trn_pass_road_LDV_4W,Large Car and Truck,NG,trn_road,gas,gas,trn_road,tra,trn_road,gas,Refrigeration and Air Conditioning,trn_gas
Passenger,LDV_4W_Large Car and Truck,refined liquids,trn_pass_road_LDV_4W,Large Car and Truck,Liquids,trn_road,refined liquids,refined liquids,trn_road,tra,trn_road,refined liquids,Refrigeration and Air Conditioning,trn_oil
Passenger,LDV_4W_Large Car and Truck,refined liquids,trn_pass_road_LDV_4W,Large Car and Truck,Hybrid Liquids,trn_road,refined liquids,refined liquids,trn_road,tra,trn_road,refined liquids,Refrigeration and Air Conditioning,trn_oil
Passenger,LDV_4W_Large Car and Truck,gas,trn_pass_road_LDV_4W,Large Car and Truck,NG,trn_road,gas,gas,trn_road,tra,trn_road,gas,,trn_gas
Passenger,LDV_4W_Large Car and Truck,refined liquids,trn_pass_road_LDV_4W,Large Car and Truck,Liquids,trn_road,refined liquids,refined liquids,trn_road,tra,trn_road,refined liquids,,trn_oil
Passenger,LDV_4W_Large Car and Truck,refined liquids,trn_pass_road_LDV_4W,Large Car and Truck,Hybrid Liquids,trn_road,refined liquids,refined liquids,trn_road,tra,trn_road,refined liquids,,trn_oil
Passenger,LDV_4W_Large Car and Truck,gas,trn_pass_road_LDV_4W,Large Car and Truck,NG,trn_road,gas,gas,trn_road,tra,trn_road,gas,Refrigeration and Air Conditioning,trn_gas
Passenger,LDV_4W_Large Car and Truck,refined liquids,trn_pass_road_LDV_4W,Large Car and Truck,Liquids,trn_road,refined liquids,refined liquids,trn_road,tra,trn_road,refined liquids,Refrigeration and Air Conditioning,trn_oil
Passenger,LDV_4W_Large Car and Truck,refined liquids,trn_pass_road_LDV_4W,Large Car and Truck,Hybrid Liquids,trn_road,refined liquids,refined liquids,trn_road,tra,trn_road,refined liquids,Refrigeration and Air Conditioning,trn_oil
Passenger,LDV_4W_Car,gas,trn_pass_road_LDV_4W,Car,NG,trn_road,gas,gas,trn_road,tra,trn_road,gas,Refrigeration and Air Conditioning,trn_gas
Passenger,LDV_4W_Car,refined liquids,trn_pass_road_LDV_4W,Car,Liquids,trn_road,refined liquids,refined liquids,trn_road,tra,trn_road,refined liquids,Refrigeration and Air Conditioning,trn_oil
Passenger,LDV_4W_Car,refined liquids,trn_pass_road_LDV_4W,Car,Hybrid Liquids,trn_road,refined liquids,refined liquids,trn_road,tra,trn_road,refined liquids,Refrigeration and Air Conditioning,trn_oil
Passenger,LDV_4W_Mini Car,gas,trn_pass_road_LDV_4W,Mini Car,NG,trn_road,gas,gas,trn_road,tra,trn_road,gas,Refrigeration and Air Conditioning,trn_gas
Passenger,LDV_4W_Mini Car,refined liquids,trn_pass_road_LDV_4W,Mini Car,Liquids,trn_road,refined liquids,refined liquids,trn_road,tra,trn_road,refined liquids,Refrigeration and Air Conditioning,trn_oil
Passenger,LDV_4W_Mini Car,refined liquids,trn_pass_road_LDV_4W,Mini Car,Hybrid Liquids,trn_road,refined liquids,refined liquids,trn_road,tra,trn_road,refined liquids,Refrigeration and Air Conditioning,trn_oil
Passenger,LDV_4W_Large Car and Truck,gas,trn_pass_road_LDV_4W,Large Car and Truck,NG,trn_road,gas,gas,trn_road,tra,trn_road,gas,Refrigeration and Air Conditioning,trn_gas
Passenger,LDV_4W_Large Car and Truck,refined liquids,trn_pass_road_LDV_4W,Large Car and Truck,Liquids,trn_road,refined liquids,refined liquids,trn_road,tra,trn_road,refined liquids,Refrigeration and Air Conditioning,trn_oil
Passenger,LDV_4W_Large Car and Truck,refined liquids,trn_pass_road_LDV_4W,Large Car and Truck,Hybrid Liquids,trn_road,refined liquids,refined liquids,trn_road,tra,trn_road,refined liquids,Refrigeration and Air Conditioning,trn_oil
Passenger,LDV_4W_Car,gas,trn_pass_road_LDV_4W,Car,NG,trn_road,gas,gas,trn_road,tra,trn_road,gas,Refrigeration and Air Conditioning,trn_gas
Passenger,LDV_4W_Car,refined liquids,trn_pass_road_LDV_4W,Car,Liquids,trn_road,refined liquids,refined liquids,trn_road,tra,trn_road,refined liquids,Refrigeration and Air Conditioning,trn_oil
Passenger,LDV_4W_Car,refined liquids,trn_pass_road_LDV_4W,Car,Hybrid Liquids,trn_road,refined liquids,refined liquids,trn_road,tra,trn_road,refined liquids,Refrigeration and Air Conditioning,trn_oil
Passenger,LDV_4W_Large Car and Truck,gas,trn_pass_road_LDV_4W,Large Car and Truck,NG,trn_road,gas,gas,trn_road,tra,trn_road,gas,,trn_gas
Passenger,LDV_4W_Large Car and Truck,refined liquids,trn_pass_road_LDV_4W,Large Car and Truck,Liquids,trn_road,refined liquids,refined liquids,trn_road,tra,trn_road,refined liquids,,trn_oil
Passenger,LDV_4W_Large Car and Truck,refined liquids,trn_pass_road_LDV_4W,Large Car and Truck,Hybrid Liquids,trn_road,refined liquids,refined liquids,trn_road,tra,trn_road,refined liquids,,trn_oil
Passenger,Rail_All,refined liquids,trn_pass,Passenger Rail,Liquids,trn_rail,all,refined liquids,trn_rail,tra,trn_rail,refined liquids,,trn_oil
Passenger,Rail_All,refined liquids,trn_pass,Passenger Rail,Tech-Adv-Liquid,trn_rail,all,refined liquids,trn_rail,tra,trn_rail,refined liquids,,trn_oil
